image_id,label,class_name
training/001.Black_footed_Albatross/Black_Footed_Albatross_0009_34,0,001.Black_footed_Albatross
training/001.Black_footed_Albatross/Black_Footed_Albatross_0023_796059,0,001.Black_footed_Albatross
training/001.Black_footed_Albatross/Black_Footed_Albatross_0032_796115,0,001.Black_footed_Albatross
training/001.Black_footed_Albatross/Black_Footed_Albatross_0039_796132,0,001.Black_footed_Albatross
training/001.Black_footed_Albatross/Black_Footed_Albatross_0047_796064,0,001.Black_footed_Albatross
training/001.Black_footed_Albatross/Black_Footed_Albatross_0051_796103,0,001.Black_footed_Albatross
training/001.Black_footed_Albatross/Black_Footed_Albatross_0069_796139,0,001.Black_footed_Albatross
training/001.Black_footed_Albatross/Black_Footed_Albatross_0071_796113,0,001.Black_footed_Albatross
training/001.Black_footed_Albatross/Black_Footed_Albatross_0079_796122,0,001.Black_footed_Albatross
training/001.Black_footed_Albatross/Black_Footed_Albatross_0080_796096,0,001.Black_footed_Albatross
training/002.Laysan_Albatross/Laysan_Albatross_0003_1033,1,002.Laysan_Albatross
training/002.Laysan_Albatross/Laysan_Albatross_0013_910,1,002.Laysan_Albatross
training/002.Laysan_Albatross/Laysan_Albatross_0029_482,1,002.Laysan_Albatross
training/002.Laysan_Albatross/Laysan_Albatross_0040_472,1,002.Laysan_Albatross
training/002.Laysan_Albatross/Laysan_Albatross_0056_500,1,002.Laysan_Albatross
training/002.Laysan_Albatross/Laysan_Albatross_0065_809,1,002.Laysan_Albatross
training/002.Laysan_Albatross/Laysan_Albatross_0068_726,1,002.Laysan_Albatross
training/002.Laysan_Albatross/Laysan_Albatross_0081_800,1,002.Laysan_Albatross
training/002.Laysan_Albatross/Laysan_Albatross_0088_883,1,002.Laysan_Albatross
training/002.Laysan_Albatross/Laysan_Albatross_0092_834,1,002.Laysan_Albatross
training/003.Sooty_Albatross/Sooty_Albatross_0014_796373,2,003.Sooty_Albatross
training/003.Sooty_Albatross/Sooty_Albatross_0017_796349,2,003.Sooty_Albatross
training/003.Sooty_Albatross/Sooty_Albatross_0019_796391,2,003.Sooty_Albatross
training/003.Sooty_Albatross/Sooty_Albatross_0022_796398,2,003.Sooty_Albatross
training/003.Sooty_Albatross/Sooty_Albatross_0023_796401,2,003.Sooty_Albatross
training/003.Sooty_Albatross/Sooty_Albatross_0025_796361,2,003.Sooty_Albatross
training/003.Sooty_Albatross/Sooty_Albatross_0055_1160,2,003.Sooty_Albatross
training/003.Sooty_Albatross/Sooty_Albatross_0057_796354,2,003.Sooty_Albatross
training/003.Sooty_Albatross/Sooty_Albatross_0077_1080,2,003.Sooty_Albatross
training/003.Sooty_Albatross/Sooty_Albatross_0079_796389,2,003.Sooty_Albatross
training/004.Groove_billed_Ani/Groove_Billed_Ani_0004_1528,3,004.Groove_billed_Ani
training/004.Groove_billed_Ani/Groove_Billed_Ani_0006_1763,3,004.Groove_billed_Ani
training/004.Groove_billed_Ani/Groove_Billed_Ani_0012_1784,3,004.Groove_billed_Ani
training/004.Groove_billed_Ani/Groove_Billed_Ani_0023_1485,3,004.Groove_billed_Ani
training/004.Groove_billed_Ani/Groove_Billed_Ani_0032_1776,3,004.Groove_billed_Ani
training/004.Groove_billed_Ani/Groove_Billed_Ani_0061_1510,3,004.Groove_billed_Ani
training/004.Groove_billed_Ani/Groove_Billed_Ani_0071_1559,3,004.Groove_billed_Ani
training/004.Groove_billed_Ani/Groove_Billed_Ani_0076_1661,3,004.Groove_billed_Ani
training/004.Groove_billed_Ani/Groove_Billed_Ani_0091_1728,3,004.Groove_billed_Ani
training/004.Groove_billed_Ani/Groove_Billed_Ani_0105_1562,3,004.Groove_billed_Ani
training/005.Crested_Auklet/Crested_Auklet_0010_794907,4,005.Crested_Auklet
training/005.Crested_Auklet/Crested_Auklet_0033_794964,4,005.Crested_Auklet
training/005.Crested_Auklet/Crested_Auklet_0040_794912,4,005.Crested_Auklet
training/005.Crested_Auklet/Crested_Auklet_0045_794940,4,005.Crested_Auklet
training/005.Crested_Auklet/Crested_Auklet_0052_794952,4,005.Crested_Auklet
training/005.Crested_Auklet/Crested_Auklet_0063_794901,4,005.Crested_Auklet
training/005.Crested_Auklet/Crested_Auklet_0069_785258,4,005.Crested_Auklet
training/005.Crested_Auklet/Crested_Auklet_0072_785260,4,005.Crested_Auklet
training/005.Crested_Auklet/Crested_Auklet_0076_785252,4,005.Crested_Auklet
training/005.Crested_Auklet/Crested_Auklet_0077_785257,4,005.Crested_Auklet
training/006.Least_Auklet/Least_Auklet_0010_795092,5,006.Least_Auklet
training/006.Least_Auklet/Least_Auklet_0012_795074,5,006.Least_Auklet
training/006.Least_Auklet/Least_Auklet_0018_795077,5,006.Least_Auklet
training/006.Least_Auklet/Least_Auklet_0020_795080,5,006.Least_Auklet
training/006.Least_Auklet/Least_Auklet_0021_795127,5,006.Least_Auklet
training/006.Least_Auklet/Least_Auklet_0024_795120,5,006.Least_Auklet
training/006.Least_Auklet/Least_Auklet_0027_795091,5,006.Least_Auklet
training/006.Least_Auklet/Least_Auklet_0035_1888,5,006.Least_Auklet
training/006.Least_Auklet/Least_Auklet_0043_795067,5,006.Least_Auklet
training/006.Least_Auklet/Least_Auklet_0045_795069,5,006.Least_Auklet
training/007.Parakeet_Auklet/Parakeet_Auklet_0001_795972,6,007.Parakeet_Auklet
training/007.Parakeet_Auklet/Parakeet_Auklet_0004_795921,6,007.Parakeet_Auklet
training/007.Parakeet_Auklet/Parakeet_Auklet_0027_795925,6,007.Parakeet_Auklet
training/007.Parakeet_Auklet/Parakeet_Auklet_0032_795986,6,007.Parakeet_Auklet
training/007.Parakeet_Auklet/Parakeet_Auklet_0035_795934,6,007.Parakeet_Auklet
training/007.Parakeet_Auklet/Parakeet_Auklet_0038_795935,6,007.Parakeet_Auklet
training/007.Parakeet_Auklet/Parakeet_Auklet_0065_795969,6,007.Parakeet_Auklet
training/007.Parakeet_Auklet/Parakeet_Auklet_0073_795939,6,007.Parakeet_Auklet
training/007.Parakeet_Auklet/Parakeet_Auklet_0076_796001,6,007.Parakeet_Auklet
training/007.Parakeet_Auklet/Parakeet_Auklet_0080_795965,6,007.Parakeet_Auklet
training/008.Rhinoceros_Auklet/Rhinoceros_Auklet_0006_797512,7,008.Rhinoceros_Auklet
training/008.Rhinoceros_Auklet/Rhinoceros_Auklet_0008_797531,7,008.Rhinoceros_Auklet
training/008.Rhinoceros_Auklet/Rhinoceros_Auklet_0010_797545,7,008.Rhinoceros_Auklet
training/008.Rhinoceros_Auklet/Rhinoceros_Auklet_0013_797537,7,008.Rhinoceros_Auklet
training/008.Rhinoceros_Auklet/Rhinoceros_Auklet_0015_2160,7,008.Rhinoceros_Auklet
training/008.Rhinoceros_Auklet/Rhinoceros_Auklet_0017_2155,7,008.Rhinoceros_Auklet
training/008.Rhinoceros_Auklet/Rhinoceros_Auklet_0019_797513,7,008.Rhinoceros_Auklet
training/008.Rhinoceros_Auklet/Rhinoceros_Auklet_0021_2089,7,008.Rhinoceros_Auklet
training/008.Rhinoceros_Auklet/Rhinoceros_Auklet_0026_797519,7,008.Rhinoceros_Auklet
training/008.Rhinoceros_Auklet/Rhinoceros_Auklet_0049_797543,7,008.Rhinoceros_Auklet
training/009.Brewer_Blackbird/Brewer_Blackbird_0002_2278,8,009.Brewer_Blackbird
training/009.Brewer_Blackbird/Brewer_Blackbird_0074_2277,8,009.Brewer_Blackbird
training/009.Brewer_Blackbird/Brewer_Blackbird_0087_2622,8,009.Brewer_Blackbird
training/009.Brewer_Blackbird/Brewer_Blackbird_0103_2273,8,009.Brewer_Blackbird
training/009.Brewer_Blackbird/Brewer_Blackbird_0115_2279,8,009.Brewer_Blackbird
training/009.Brewer_Blackbird/Brewer_Blackbird_0131_2289,8,009.Brewer_Blackbird
training/009.Brewer_Blackbird/Brewer_Blackbird_0132_2293,8,009.Brewer_Blackbird
training/009.Brewer_Blackbird/Brewer_Blackbird_0139_2567,8,009.Brewer_Blackbird
training/009.Brewer_Blackbird/Brewer_Blackbird_0140_2586,8,009.Brewer_Blackbird
training/009.Brewer_Blackbird/Brewer_Blackbird_0142_2636,8,009.Brewer_Blackbird
training/010.Red_winged_Blackbird/Red_Winged_Blackbird_0001_3695,9,010.Red_winged_Blackbird
training/010.Red_winged_Blackbird/Red_Winged_Blackbird_0014_3761,9,010.Red_winged_Blackbird
training/010.Red_winged_Blackbird/Red_Winged_Blackbird_0028_4709,9,010.Red_winged_Blackbird
training/010.Red_winged_Blackbird/Red_Winged_Blackbird_0032_4004,9,010.Red_winged_Blackbird
training/010.Red_winged_Blackbird/Red_Winged_Blackbird_0040_4522,9,010.Red_winged_Blackbird
training/010.Red_winged_Blackbird/Red_Winged_Blackbird_0046_4242,9,010.Red_winged_Blackbird
training/010.Red_winged_Blackbird/Red_Winged_Blackbird_0061_4196,9,010.Red_winged_Blackbird
training/010.Red_winged_Blackbird/Red_Winged_Blackbird_0066_5070,9,010.Red_winged_Blackbird
training/010.Red_winged_Blackbird/Red_Winged_Blackbird_0085_5846,9,010.Red_winged_Blackbird
training/010.Red_winged_Blackbird/Red_Winged_Blackbird_0101_6244,9,010.Red_winged_Blackbird
training/011.Rusty_Blackbird/Rusty_Blackbird_0006_6633,10,011.Rusty_Blackbird
training/011.Rusty_Blackbird/Rusty_Blackbird_0011_7028,10,011.Rusty_Blackbird
training/011.Rusty_Blackbird/Rusty_Blackbird_0017_6755,10,011.Rusty_Blackbird
training/011.Rusty_Blackbird/Rusty_Blackbird_0019_6704,10,011.Rusty_Blackbird
training/011.Rusty_Blackbird/Rusty_Blackbird_0023_6752,10,011.Rusty_Blackbird
training/011.Rusty_Blackbird/Rusty_Blackbird_0031_6699,10,011.Rusty_Blackbird
training/011.Rusty_Blackbird/Rusty_Blackbird_0073_6744,10,011.Rusty_Blackbird
training/011.Rusty_Blackbird/Rusty_Blackbird_0091_6695,10,011.Rusty_Blackbird
training/011.Rusty_Blackbird/Rusty_Blackbird_0108_6867,10,011.Rusty_Blackbird
training/011.Rusty_Blackbird/Rusty_Blackbird_0122_6736,10,011.Rusty_Blackbird
training/012.Yellow_headed_Blackbird/Yellow_Headed_Blackbird_0007_8366,11,012.Yellow_headed_Blackbird
training/012.Yellow_headed_Blackbird/Yellow_Headed_Blackbird_0018_8588,11,012.Yellow_headed_Blackbird
training/012.Yellow_headed_Blackbird/Yellow_Headed_Blackbird_0026_8545,11,012.Yellow_headed_Blackbird
training/012.Yellow_headed_Blackbird/Yellow_Headed_Blackbird_0031_8456,11,012.Yellow_headed_Blackbird
training/012.Yellow_headed_Blackbird/Yellow_Headed_Blackbird_0051_8387,11,012.Yellow_headed_Blackbird
training/012.Yellow_headed_Blackbird/Yellow_Headed_Blackbird_0072_8606,11,012.Yellow_headed_Blackbird
training/012.Yellow_headed_Blackbird/Yellow_Headed_Blackbird_0073_8442,11,012.Yellow_headed_Blackbird
training/012.Yellow_headed_Blackbird/Yellow_Headed_Blackbird_0074_8452,11,012.Yellow_headed_Blackbird
training/012.Yellow_headed_Blackbird/Yellow_Headed_Blackbird_0086_8487,11,012.Yellow_headed_Blackbird
training/012.Yellow_headed_Blackbird/Yellow_Headed_Blackbird_0095_8458,11,012.Yellow_headed_Blackbird
training/013.Bobolink/Bobolink_0013_9367,12,013.Bobolink
training/013.Bobolink/Bobolink_0014_11055,12,013.Bobolink
training/013.Bobolink/Bobolink_0052_9423,12,013.Bobolink
training/013.Bobolink/Bobolink_0059_10041,12,013.Bobolink
training/013.Bobolink/Bobolink_0064_10092,12,013.Bobolink
training/013.Bobolink/Bobolink_0069_9085,12,013.Bobolink
training/013.Bobolink/Bobolink_0099_9314,12,013.Bobolink
training/013.Bobolink/Bobolink_0117_10215,12,013.Bobolink
training/013.Bobolink/Bobolink_0131_9578,12,013.Bobolink
training/013.Bobolink/Bobolink_0133_9618,12,013.Bobolink
training/014.Indigo_Bunting/Indigo_Bunting_0001_12469,13,014.Indigo_Bunting
training/014.Indigo_Bunting/Indigo_Bunting_0005_13832,13,014.Indigo_Bunting
training/014.Indigo_Bunting/Indigo_Bunting_0022_12781,13,014.Indigo_Bunting
training/014.Indigo_Bunting/Indigo_Bunting_0024_13523,13,014.Indigo_Bunting
training/014.Indigo_Bunting/Indigo_Bunting_0044_14389,13,014.Indigo_Bunting
training/014.Indigo_Bunting/Indigo_Bunting_0049_13641,13,014.Indigo_Bunting
training/014.Indigo_Bunting/Indigo_Bunting_0059_11596,13,014.Indigo_Bunting
training/014.Indigo_Bunting/Indigo_Bunting_0066_12869,13,014.Indigo_Bunting
training/014.Indigo_Bunting/Indigo_Bunting_0080_13416,13,014.Indigo_Bunting
training/014.Indigo_Bunting/Indigo_Bunting_0084_11848,13,014.Indigo_Bunting
training/015.Lazuli_Bunting/Lazuli_Bunting_0015_14690,14,015.Lazuli_Bunting
training/015.Lazuli_Bunting/Lazuli_Bunting_0020_14837,14,015.Lazuli_Bunting
training/015.Lazuli_Bunting/Lazuli_Bunting_0034_14864,14,015.Lazuli_Bunting
training/015.Lazuli_Bunting/Lazuli_Bunting_0039_15081,14,015.Lazuli_Bunting
training/015.Lazuli_Bunting/Lazuli_Bunting_0041_15152,14,015.Lazuli_Bunting
training/015.Lazuli_Bunting/Lazuli_Bunting_0046_14787,14,015.Lazuli_Bunting
training/015.Lazuli_Bunting/Lazuli_Bunting_0054_14714,14,015.Lazuli_Bunting
training/015.Lazuli_Bunting/Lazuli_Bunting_0055_15043,14,015.Lazuli_Bunting
training/015.Lazuli_Bunting/Lazuli_Bunting_0095_14919,14,015.Lazuli_Bunting
training/015.Lazuli_Bunting/Lazuli_Bunting_0105_15017,14,015.Lazuli_Bunting
training/016.Painted_Bunting/Painted_Bunting_0002_16887,15,016.Painted_Bunting
training/016.Painted_Bunting/Painted_Bunting_0005_15202,15,016.Painted_Bunting
training/016.Painted_Bunting/Painted_Bunting_0006_15249,15,016.Painted_Bunting
training/016.Painted_Bunting/Painted_Bunting_0025_16722,15,016.Painted_Bunting
training/016.Painted_Bunting/Painted_Bunting_0066_15241,15,016.Painted_Bunting
training/016.Painted_Bunting/Painted_Bunting_0073_16737,15,016.Painted_Bunting
training/016.Painted_Bunting/Painted_Bunting_0086_16540,15,016.Painted_Bunting
training/016.Painted_Bunting/Painted_Bunting_0087_15232,15,016.Painted_Bunting
training/016.Painted_Bunting/Painted_Bunting_0093_15212,15,016.Painted_Bunting
training/016.Painted_Bunting/Painted_Bunting_0096_15233,15,016.Painted_Bunting
training/017.Cardinal/Cardinal_0007_18537,16,017.Cardinal
training/017.Cardinal/Cardinal_0019_17368,16,017.Cardinal
training/017.Cardinal/Cardinal_0025_17239,16,017.Cardinal
training/017.Cardinal/Cardinal_0045_18021,16,017.Cardinal
training/017.Cardinal/Cardinal_0054_19334,16,017.Cardinal
training/017.Cardinal/Cardinal_0057_17128,16,017.Cardinal
training/017.Cardinal/Cardinal_0066_17803,16,017.Cardinal
training/017.Cardinal/Cardinal_0075_17946,16,017.Cardinal
training/017.Cardinal/Cardinal_0079_19044,16,017.Cardinal
training/017.Cardinal/Cardinal_0104_17122,16,017.Cardinal
training/018.Spotted_Catbird/Spotted_Catbird_0001_796797,17,018.Spotted_Catbird
training/018.Spotted_Catbird/Spotted_Catbird_0005_19411,17,018.Spotted_Catbird
training/018.Spotted_Catbird/Spotted_Catbird_0007_19424,17,018.Spotted_Catbird
training/018.Spotted_Catbird/Spotted_Catbird_0008_796789,17,018.Spotted_Catbird
training/018.Spotted_Catbird/Spotted_Catbird_0016_796803,17,018.Spotted_Catbird
training/018.Spotted_Catbird/Spotted_Catbird_0020_796794,17,018.Spotted_Catbird
training/018.Spotted_Catbird/Spotted_Catbird_0022_796821,17,018.Spotted_Catbird
training/018.Spotted_Catbird/Spotted_Catbird_0023_796793,17,018.Spotted_Catbird
training/018.Spotted_Catbird/Spotted_Catbird_0034_19437,17,018.Spotted_Catbird
training/018.Spotted_Catbird/Spotted_Catbird_0037_796810,17,018.Spotted_Catbird
training/019.Gray_Catbird/Gray_Catbird_0045_20950,18,019.Gray_Catbird
training/019.Gray_Catbird/Gray_Catbird_0074_19601,18,019.Gray_Catbird
training/019.Gray_Catbird/Gray_Catbird_0090_21464,18,019.Gray_Catbird
training/019.Gray_Catbird/Gray_Catbird_0100_20674,18,019.Gray_Catbird
training/019.Gray_Catbird/Gray_Catbird_0103_20930,18,019.Gray_Catbird
training/019.Gray_Catbird/Gray_Catbird_0107_20513,18,019.Gray_Catbird
training/019.Gray_Catbird/Gray_Catbird_0118_20476,18,019.Gray_Catbird
training/019.Gray_Catbird/Gray_Catbird_0126_19446,18,019.Gray_Catbird
training/019.Gray_Catbird/Gray_Catbird_0127_20034,18,019.Gray_Catbird
training/019.Gray_Catbird/Gray_Catbird_0141_21174,18,019.Gray_Catbird
training/020.Yellow_breasted_Chat/Yellow_Breasted_Chat_0012_21961,19,020.Yellow_breasted_Chat
training/020.Yellow_breasted_Chat/Yellow_Breasted_Chat_0052_21866,19,020.Yellow_breasted_Chat
training/020.Yellow_breasted_Chat/Yellow_Breasted_Chat_0058_21864,19,020.Yellow_breasted_Chat
training/020.Yellow_breasted_Chat/Yellow_Breasted_Chat_0062_21673,19,020.Yellow_breasted_Chat
training/020.Yellow_breasted_Chat/Yellow_Breasted_Chat_0071_22129,19,020.Yellow_breasted_Chat
training/020.Yellow_breasted_Chat/Yellow_Breasted_Chat_0073_21932,19,020.Yellow_breasted_Chat
training/020.Yellow_breasted_Chat/Yellow_Breasted_Chat_0075_21715,19,020.Yellow_breasted_Chat
training/020.Yellow_breasted_Chat/Yellow_Breasted_Chat_0077_21986,19,020.Yellow_breasted_Chat
training/020.Yellow_breasted_Chat/Yellow_Breasted_Chat_0089_21804,19,020.Yellow_breasted_Chat
training/020.Yellow_breasted_Chat/Yellow_Breasted_Chat_0103_21670,19,020.Yellow_breasted_Chat
training/021.Eastern_Towhee/Eastern_Towhee_0007_22172,20,021.Eastern_Towhee
training/021.Eastern_Towhee/Eastern_Towhee_0013_22336,20,021.Eastern_Towhee
training/021.Eastern_Towhee/Eastern_Towhee_0021_22152,20,021.Eastern_Towhee
training/021.Eastern_Towhee/Eastern_Towhee_0030_22693,20,021.Eastern_Towhee
training/021.Eastern_Towhee/Eastern_Towhee_0042_22155,20,021.Eastern_Towhee
training/021.Eastern_Towhee/Eastern_Towhee_0050_22257,20,021.Eastern_Towhee
training/021.Eastern_Towhee/Eastern_Towhee_0097_22580,20,021.Eastern_Towhee
training/021.Eastern_Towhee/Eastern_Towhee_0099_22566,20,021.Eastern_Towhee
training/021.Eastern_Towhee/Eastern_Towhee_0117_22741,20,021.Eastern_Towhee
training/021.Eastern_Towhee/Eastern_Towhee_0126_22639,20,021.Eastern_Towhee
training/022.Chuck_will_Widow/Chuck_Will_Widow_0002_796959,21,022.Chuck_will_Widow
training/022.Chuck_will_Widow/Chuck_Will_Widow_0007_796958,21,022.Chuck_will_Widow
training/022.Chuck_will_Widow/Chuck_Will_Widow_0012_796956,21,022.Chuck_will_Widow
training/022.Chuck_will_Widow/Chuck_Will_Widow_0016_796974,21,022.Chuck_will_Widow
training/022.Chuck_will_Widow/Chuck_Will_Widow_0026_796963,21,022.Chuck_will_Widow
training/022.Chuck_will_Widow/Chuck_Will_Widow_0034_796969,21,022.Chuck_will_Widow
training/022.Chuck_will_Widow/Chuck_Will_Widow_0049_22747,21,022.Chuck_will_Widow
training/022.Chuck_will_Widow/Chuck_Will_Widow_0055_796973,21,022.Chuck_will_Widow
training/022.Chuck_will_Widow/Chuck_Will_Widow_0056_796996,21,022.Chuck_will_Widow
training/022.Chuck_will_Widow/Chuck_Will_Widow_0059_796982,21,022.Chuck_will_Widow
training/023.Brandt_Cormorant/Brandt_Cormorant_0015_23198,22,023.Brandt_Cormorant
training/023.Brandt_Cormorant/Brandt_Cormorant_0016_23077,22,023.Brandt_Cormorant
training/023.Brandt_Cormorant/Brandt_Cormorant_0017_23141,22,023.Brandt_Cormorant
training/023.Brandt_Cormorant/Brandt_Cormorant_0032_22886,22,023.Brandt_Cormorant
training/023.Brandt_Cormorant/Brandt_Cormorant_0035_23000,22,023.Brandt_Cormorant
training/023.Brandt_Cormorant/Brandt_Cormorant_0044_22884,22,023.Brandt_Cormorant
training/023.Brandt_Cormorant/Brandt_Cormorant_0068_23019,22,023.Brandt_Cormorant
training/023.Brandt_Cormorant/Brandt_Cormorant_0070_23137,22,023.Brandt_Cormorant
training/023.Brandt_Cormorant/Brandt_Cormorant_0072_23069,22,023.Brandt_Cormorant
training/023.Brandt_Cormorant/Brandt_Cormorant_0075_22970,22,023.Brandt_Cormorant
training/024.Red_faced_Cormorant/Red_Faced_Cormorant_0030_796325,23,024.Red_faced_Cormorant
training/024.Red_faced_Cormorant/Red_Faced_Cormorant_0032_796334,23,024.Red_faced_Cormorant
training/024.Red_faced_Cormorant/Red_Faced_Cormorant_0034_23425,23,024.Red_faced_Cormorant
training/024.Red_faced_Cormorant/Red_Faced_Cormorant_0036_796329,23,024.Red_faced_Cormorant
training/024.Red_faced_Cormorant/Red_Faced_Cormorant_0037_796305,23,024.Red_faced_Cormorant
training/024.Red_faced_Cormorant/Red_Faced_Cormorant_0045_796324,23,024.Red_faced_Cormorant
training/024.Red_faced_Cormorant/Red_Faced_Cormorant_0048_796296,23,024.Red_faced_Cormorant
training/024.Red_faced_Cormorant/Red_Faced_Cormorant_0052_796316,23,024.Red_faced_Cormorant
training/024.Red_faced_Cormorant/Red_Faced_Cormorant_0061_796300,23,024.Red_faced_Cormorant
training/024.Red_faced_Cormorant/Red_Faced_Cormorant_0065_796293,23,024.Red_faced_Cormorant
training/025.Pelagic_Cormorant/Pelagic_Cormorant_0008_23602,24,025.Pelagic_Cormorant
training/025.Pelagic_Cormorant/Pelagic_Cormorant_0019_23546,24,025.Pelagic_Cormorant
training/025.Pelagic_Cormorant/Pelagic_Cormorant_0035_23849,24,025.Pelagic_Cormorant
training/025.Pelagic_Cormorant/Pelagic_Cormorant_0044_23536,24,025.Pelagic_Cormorant
training/025.Pelagic_Cormorant/Pelagic_Cormorant_0047_23718,24,025.Pelagic_Cormorant
training/025.Pelagic_Cormorant/Pelagic_Cormorant_0053_23760,24,025.Pelagic_Cormorant
training/025.Pelagic_Cormorant/Pelagic_Cormorant_0054_23812,24,025.Pelagic_Cormorant
training/025.Pelagic_Cormorant/Pelagic_Cormorant_0064_23641,24,025.Pelagic_Cormorant
training/025.Pelagic_Cormorant/Pelagic_Cormorant_0083_23557,24,025.Pelagic_Cormorant
training/025.Pelagic_Cormorant/Pelagic_Cormorant_0084_23836,24,025.Pelagic_Cormorant
training/026.Bronzed_Cowbird/Bronzed_Cowbird_0001_796219,25,026.Bronzed_Cowbird
training/026.Bronzed_Cowbird/Bronzed_Cowbird_0009_24033,25,026.Bronzed_Cowbird
training/026.Bronzed_Cowbird/Bronzed_Cowbird_0012_796247,25,026.Bronzed_Cowbird
training/026.Bronzed_Cowbird/Bronzed_Cowbird_0017_24019,25,026.Bronzed_Cowbird
training/026.Bronzed_Cowbird/Bronzed_Cowbird_0023_24058,25,026.Bronzed_Cowbird
training/026.Bronzed_Cowbird/Bronzed_Cowbird_0032_796233,25,026.Bronzed_Cowbird
training/026.Bronzed_Cowbird/Bronzed_Cowbird_0044_24145,25,026.Bronzed_Cowbird
training/026.Bronzed_Cowbird/Bronzed_Cowbird_0085_24152,25,026.Bronzed_Cowbird
training/026.Bronzed_Cowbird/Bronzed_Cowbird_0086_796259,25,026.Bronzed_Cowbird
training/026.Bronzed_Cowbird/Bronzed_Cowbird_0092_796215,25,026.Bronzed_Cowbird
training/027.Shiny_Cowbird/Shiny_Cowbird_0002_24380,26,027.Shiny_Cowbird
training/027.Shiny_Cowbird/Shiny_Cowbird_0010_24439,26,027.Shiny_Cowbird
training/027.Shiny_Cowbird/Shiny_Cowbird_0017_796853,26,027.Shiny_Cowbird
training/027.Shiny_Cowbird/Shiny_Cowbird_0019_24323,26,027.Shiny_Cowbird
training/027.Shiny_Cowbird/Shiny_Cowbird_0034_796849,26,027.Shiny_Cowbird
training/027.Shiny_Cowbird/Shiny_Cowbird_0044_24239,26,027.Shiny_Cowbird
training/027.Shiny_Cowbird/Shiny_Cowbird_0045_796856,26,027.Shiny_Cowbird
training/027.Shiny_Cowbird/Shiny_Cowbird_0063_24259,26,027.Shiny_Cowbird
training/027.Shiny_Cowbird/Shiny_Cowbird_0070_796832,26,027.Shiny_Cowbird
training/027.Shiny_Cowbird/Shiny_Cowbird_0076_24363,26,027.Shiny_Cowbird
training/028.Brown_Creeper/Brown_Creeper_0042_24578,27,028.Brown_Creeper
training/028.Brown_Creeper/Brown_Creeper_0043_24549,27,028.Brown_Creeper
training/028.Brown_Creeper/Brown_Creeper_0047_24984,27,028.Brown_Creeper
training/028.Brown_Creeper/Brown_Creeper_0049_24911,27,028.Brown_Creeper
training/028.Brown_Creeper/Brown_Creeper_0058_24933,27,028.Brown_Creeper
training/028.Brown_Creeper/Brown_Creeper_0103_24632,27,028.Brown_Creeper
training/028.Brown_Creeper/Brown_Creeper_0114_24649,27,028.Brown_Creeper
training/028.Brown_Creeper/Brown_Creeper_0115_24488,27,028.Brown_Creeper
training/028.Brown_Creeper/Brown_Creeper_0125_24995,27,028.Brown_Creeper
training/028.Brown_Creeper/Brown_Creeper_0127_24656,27,028.Brown_Creeper
training/029.American_Crow/American_Crow_0002_25122,28,029.American_Crow
training/029.American_Crow/American_Crow_0003_25130,28,029.American_Crow
training/029.American_Crow/American_Crow_0025_25522,28,029.American_Crow
training/029.American_Crow/American_Crow_0036_25313,28,029.American_Crow
training/029.American_Crow/American_Crow_0093_25694,28,029.American_Crow
training/029.American_Crow/American_Crow_0094_25576,28,029.American_Crow
training/029.American_Crow/American_Crow_0101_25118,28,029.American_Crow
training/029.American_Crow/American_Crow_0102_25066,28,029.American_Crow
training/029.American_Crow/American_Crow_0109_25123,28,029.American_Crow
training/029.American_Crow/American_Crow_0117_25090,28,029.American_Crow
training/030.Fish_Crow/Fish_Crow_0010_25836,29,030.Fish_Crow
training/030.Fish_Crow/Fish_Crow_0011_25866,29,030.Fish_Crow
training/030.Fish_Crow/Fish_Crow_0024_26064,29,030.Fish_Crow
training/030.Fish_Crow/Fish_Crow_0028_25968,29,030.Fish_Crow
training/030.Fish_Crow/Fish_Crow_0033_25915,29,030.Fish_Crow
training/030.Fish_Crow/Fish_Crow_0038_26000,29,030.Fish_Crow
training/030.Fish_Crow/Fish_Crow_0058_25999,29,030.Fish_Crow
training/030.Fish_Crow/Fish_Crow_0069_26008,29,030.Fish_Crow
training/030.Fish_Crow/Fish_Crow_0070_25504,29,030.Fish_Crow
training/030.Fish_Crow/Fish_Crow_0083_25949,29,030.Fish_Crow
training/031.Black_billed_Cuckoo/Black_Billed_Cuckoo_0005_26161,30,031.Black_billed_Cuckoo
training/031.Black_billed_Cuckoo/Black_Billed_Cuckoo_0019_795329,30,031.Black_billed_Cuckoo
training/031.Black_billed_Cuckoo/Black_Billed_Cuckoo_0028_26165,30,031.Black_billed_Cuckoo
training/031.Black_billed_Cuckoo/Black_Billed_Cuckoo_0053_795321,30,031.Black_billed_Cuckoo
training/031.Black_billed_Cuckoo/Black_Billed_Cuckoo_0066_26303,30,031.Black_billed_Cuckoo
training/031.Black_billed_Cuckoo/Black_Billed_Cuckoo_0070_795310,30,031.Black_billed_Cuckoo
training/031.Black_billed_Cuckoo/Black_Billed_Cuckoo_0077_26222,30,031.Black_billed_Cuckoo
training/031.Black_billed_Cuckoo/Black_Billed_Cuckoo_0079_26180,30,031.Black_billed_Cuckoo
training/031.Black_billed_Cuckoo/Black_Billed_Cuckoo_0093_795316,30,031.Black_billed_Cuckoo
training/031.Black_billed_Cuckoo/Black_Billed_Cuckoo_0096_26204,30,031.Black_billed_Cuckoo
training/032.Mangrove_Cuckoo/Mangrove_Cuckoo_0005_794599,31,032.Mangrove_Cuckoo
training/032.Mangrove_Cuckoo/Mangrove_Cuckoo_0012_26382,31,032.Mangrove_Cuckoo
training/032.Mangrove_Cuckoo/Mangrove_Cuckoo_0015_26380,31,032.Mangrove_Cuckoo
training/032.Mangrove_Cuckoo/Mangrove_Cuckoo_0019_794621,31,032.Mangrove_Cuckoo
training/032.Mangrove_Cuckoo/Mangrove_Cuckoo_0033_26359,31,032.Mangrove_Cuckoo
training/032.Mangrove_Cuckoo/Mangrove_Cuckoo_0039_26348,31,032.Mangrove_Cuckoo
training/032.Mangrove_Cuckoo/Mangrove_Cuckoo_0042_794628,31,032.Mangrove_Cuckoo
training/032.Mangrove_Cuckoo/Mangrove_Cuckoo_0046_794616,31,032.Mangrove_Cuckoo
training/032.Mangrove_Cuckoo/Mangrove_Cuckoo_0050_794594,31,032.Mangrove_Cuckoo
training/032.Mangrove_Cuckoo/Mangrove_Cuckoo_0051_794627,31,032.Mangrove_Cuckoo
training/033.Yellow_billed_Cuckoo/Yellow_Billed_Cuckoo_0002_26715,32,033.Yellow_billed_Cuckoo
training/033.Yellow_billed_Cuckoo/Yellow_Billed_Cuckoo_0009_26656,32,033.Yellow_billed_Cuckoo
training/033.Yellow_billed_Cuckoo/Yellow_Billed_Cuckoo_0010_26795,32,033.Yellow_billed_Cuckoo
training/033.Yellow_billed_Cuckoo/Yellow_Billed_Cuckoo_0039_26510,32,033.Yellow_billed_Cuckoo
training/033.Yellow_billed_Cuckoo/Yellow_Billed_Cuckoo_0048_26632,32,033.Yellow_billed_Cuckoo
training/033.Yellow_billed_Cuckoo/Yellow_Billed_Cuckoo_0049_26766,32,033.Yellow_billed_Cuckoo
training/033.Yellow_billed_Cuckoo/Yellow_Billed_Cuckoo_0081_26429,32,033.Yellow_billed_Cuckoo
training/033.Yellow_billed_Cuckoo/Yellow_Billed_Cuckoo_0092_26859,32,033.Yellow_billed_Cuckoo
training/033.Yellow_billed_Cuckoo/Yellow_Billed_Cuckoo_0093_26432,32,033.Yellow_billed_Cuckoo
training/033.Yellow_billed_Cuckoo/Yellow_Billed_Cuckoo_0094_26643,32,033.Yellow_billed_Cuckoo
training/034.Gray_crowned_Rosy_Finch/Gray_Crowned_Rosy_Finch_0006_797284,33,034.Gray_crowned_Rosy_Finch
training/034.Gray_crowned_Rosy_Finch/Gray_Crowned_Rosy_Finch_0013_27110,33,034.Gray_crowned_Rosy_Finch
training/034.Gray_crowned_Rosy_Finch/Gray_Crowned_Rosy_Finch_0015_797291,33,034.Gray_crowned_Rosy_Finch
training/034.Gray_crowned_Rosy_Finch/Gray_Crowned_Rosy_Finch_0016_27181,33,034.Gray_crowned_Rosy_Finch
training/034.Gray_crowned_Rosy_Finch/Gray_Crowned_Rosy_Finch_0042_27143,33,034.Gray_crowned_Rosy_Finch
training/034.Gray_crowned_Rosy_Finch/Gray_Crowned_Rosy_Finch_0044_26976,33,034.Gray_crowned_Rosy_Finch
training/034.Gray_crowned_Rosy_Finch/Gray_Crowned_Rosy_Finch_0056_797293,33,034.Gray_crowned_Rosy_Finch
training/034.Gray_crowned_Rosy_Finch/Gray_Crowned_Rosy_Finch_0063_27123,33,034.Gray_crowned_Rosy_Finch
training/034.Gray_crowned_Rosy_Finch/Gray_Crowned_Rosy_Finch_0068_27196,33,034.Gray_crowned_Rosy_Finch
training/034.Gray_crowned_Rosy_Finch/Gray_Crowned_Rosy_Finch_0075_27165,33,034.Gray_crowned_Rosy_Finch
training/035.Purple_Finch/Purple_Finch_0014_27322,34,035.Purple_Finch
training/035.Purple_Finch/Purple_Finch_0049_27507,34,035.Purple_Finch
training/035.Purple_Finch/Purple_Finch_0050_27702,34,035.Purple_Finch
training/035.Purple_Finch/Purple_Finch_0053_27543,34,035.Purple_Finch
training/035.Purple_Finch/Purple_Finch_0071_27443,34,035.Purple_Finch
training/035.Purple_Finch/Purple_Finch_0086_27637,34,035.Purple_Finch
training/035.Purple_Finch/Purple_Finch_0088_28076,34,035.Purple_Finch
training/035.Purple_Finch/Purple_Finch_0104_28088,34,035.Purple_Finch
training/035.Purple_Finch/Purple_Finch_0110_27750,34,035.Purple_Finch
training/035.Purple_Finch/Purple_Finch_0113_27547,34,035.Purple_Finch
training/036.Northern_Flicker/Northern_Flicker_0016_28603,35,036.Northern_Flicker
training/036.Northern_Flicker/Northern_Flicker_0024_29041,35,036.Northern_Flicker
training/036.Northern_Flicker/Northern_Flicker_0036_28681,35,036.Northern_Flicker
training/036.Northern_Flicker/Northern_Flicker_0054_28913,35,036.Northern_Flicker
training/036.Northern_Flicker/Northern_Flicker_0057_28606,35,036.Northern_Flicker
training/036.Northern_Flicker/Northern_Flicker_0077_28341,35,036.Northern_Flicker
training/036.Northern_Flicker/Northern_Flicker_0095_28938,35,036.Northern_Flicker
training/036.Northern_Flicker/Northern_Flicker_0118_28500,35,036.Northern_Flicker
training/036.Northern_Flicker/Northern_Flicker_0138_28476,35,036.Northern_Flicker
training/036.Northern_Flicker/Northern_Flicker_0139_28419,35,036.Northern_Flicker
training/037.Acadian_Flycatcher/Acadian_Flycatcher_0003_29094,36,037.Acadian_Flycatcher
training/037.Acadian_Flycatcher/Acadian_Flycatcher_0006_795595,36,037.Acadian_Flycatcher
training/037.Acadian_Flycatcher/Acadian_Flycatcher_0016_29217,36,037.Acadian_Flycatcher
training/037.Acadian_Flycatcher/Acadian_Flycatcher_0028_795611,36,037.Acadian_Flycatcher
training/037.Acadian_Flycatcher/Acadian_Flycatcher_0032_795622,36,037.Acadian_Flycatcher
training/037.Acadian_Flycatcher/Acadian_Flycatcher_0033_29195,36,037.Acadian_Flycatcher
training/037.Acadian_Flycatcher/Acadian_Flycatcher_0053_795620,36,037.Acadian_Flycatcher
training/037.Acadian_Flycatcher/Acadian_Flycatcher_0054_29113,36,037.Acadian_Flycatcher
training/037.Acadian_Flycatcher/Acadian_Flycatcher_0055_795609,36,037.Acadian_Flycatcher
training/037.Acadian_Flycatcher/Acadian_Flycatcher_0066_29190,36,037.Acadian_Flycatcher
training/038.Great_Crested_Flycatcher/Great_Crested_Flycatcher_0019_29801,37,038.Great_Crested_Flycatcher
training/038.Great_Crested_Flycatcher/Great_Crested_Flycatcher_0023_29481,37,038.Great_Crested_Flycatcher
training/038.Great_Crested_Flycatcher/Great_Crested_Flycatcher_0027_29532,37,038.Great_Crested_Flycatcher
training/038.Great_Crested_Flycatcher/Great_Crested_Flycatcher_0048_29586,37,038.Great_Crested_Flycatcher
training/038.Great_Crested_Flycatcher/Great_Crested_Flycatcher_0050_29786,37,038.Great_Crested_Flycatcher
training/038.Great_Crested_Flycatcher/Great_Crested_Flycatcher_0067_29384,37,038.Great_Crested_Flycatcher
training/038.Great_Crested_Flycatcher/Great_Crested_Flycatcher_0082_29445,37,038.Great_Crested_Flycatcher
training/038.Great_Crested_Flycatcher/Great_Crested_Flycatcher_0085_29812,37,038.Great_Crested_Flycatcher
training/038.Great_Crested_Flycatcher/Great_Crested_Flycatcher_0105_29456,37,038.Great_Crested_Flycatcher
training/038.Great_Crested_Flycatcher/Great_Crested_Flycatcher_0108_29712,37,038.Great_Crested_Flycatcher
training/039.Least_Flycatcher/Least_Flycatcher_0001_30221,38,039.Least_Flycatcher
training/039.Least_Flycatcher/Least_Flycatcher_0011_30222,38,039.Least_Flycatcher
training/039.Least_Flycatcher/Least_Flycatcher_0013_30240,38,039.Least_Flycatcher
training/039.Least_Flycatcher/Least_Flycatcher_0024_30230,38,039.Least_Flycatcher
training/039.Least_Flycatcher/Least_Flycatcher_0036_30213,38,039.Least_Flycatcher
training/039.Least_Flycatcher/Least_Flycatcher_0049_30361,38,039.Least_Flycatcher
training/039.Least_Flycatcher/Least_Flycatcher_0070_30147,38,039.Least_Flycatcher
training/039.Least_Flycatcher/Least_Flycatcher_0076_30117,38,039.Least_Flycatcher
training/039.Least_Flycatcher/Least_Flycatcher_0092_30154,38,039.Least_Flycatcher
training/039.Least_Flycatcher/Least_Flycatcher_0095_30277,38,039.Least_Flycatcher
training/040.Olive_sided_Flycatcher/Olive_Sided_Flycatcher_0009_796885,39,040.Olive_sided_Flycatcher
training/040.Olive_sided_Flycatcher/Olive_Sided_Flycatcher_0012_796876,39,040.Olive_sided_Flycatcher
training/040.Olive_sided_Flycatcher/Olive_Sided_Flycatcher_0020_796881,39,040.Olive_sided_Flycatcher
training/040.Olive_sided_Flycatcher/Olive_Sided_Flycatcher_0040_30620,39,040.Olive_sided_Flycatcher
training/040.Olive_sided_Flycatcher/Olive_Sided_Flycatcher_0052_30639,39,040.Olive_sided_Flycatcher
training/040.Olive_sided_Flycatcher/Olive_Sided_Flycatcher_0064_30485,39,040.Olive_sided_Flycatcher
training/040.Olive_sided_Flycatcher/Olive_Sided_Flycatcher_0067_30749,39,040.Olive_sided_Flycatcher
training/040.Olive_sided_Flycatcher/Olive_Sided_Flycatcher_0070_30490,39,040.Olive_sided_Flycatcher
training/040.Olive_sided_Flycatcher/Olive_Sided_Flycatcher_0071_30647,39,040.Olive_sided_Flycatcher
training/040.Olive_sided_Flycatcher/Olive_Sided_Flycatcher_0078_30752,39,040.Olive_sided_Flycatcher
training/041.Scissor_tailed_Flycatcher/Scissor_Tailed_Flycatcher_0002_41762,40,041.Scissor_tailed_Flycatcher
training/041.Scissor_tailed_Flycatcher/Scissor_Tailed_Flycatcher_0003_41849,40,041.Scissor_tailed_Flycatcher
training/041.Scissor_tailed_Flycatcher/Scissor_Tailed_Flycatcher_0020_41680,40,041.Scissor_tailed_Flycatcher
training/041.Scissor_tailed_Flycatcher/Scissor_Tailed_Flycatcher_0023_42117,40,041.Scissor_tailed_Flycatcher
training/041.Scissor_tailed_Flycatcher/Scissor_Tailed_Flycatcher_0028_42010,40,041.Scissor_tailed_Flycatcher
training/041.Scissor_tailed_Flycatcher/Scissor_Tailed_Flycatcher_0068_41835,40,041.Scissor_tailed_Flycatcher
training/041.Scissor_tailed_Flycatcher/Scissor_Tailed_Flycatcher_0089_41810,40,041.Scissor_tailed_Flycatcher
training/041.Scissor_tailed_Flycatcher/Scissor_Tailed_Flycatcher_0092_41767,40,041.Scissor_tailed_Flycatcher
training/041.Scissor_tailed_Flycatcher/Scissor_Tailed_Flycatcher_0097_41701,40,041.Scissor_tailed_Flycatcher
training/041.Scissor_tailed_Flycatcher/Scissor_Tailed_Flycatcher_0115_42137,40,041.Scissor_tailed_Flycatcher
training/042.Vermilion_Flycatcher/Vermilion_Flycatcher_0003_42316,41,042.Vermilion_Flycatcher
training/042.Vermilion_Flycatcher/Vermilion_Flycatcher_0006_42564,41,042.Vermilion_Flycatcher
training/042.Vermilion_Flycatcher/Vermilion_Flycatcher_0016_42196,41,042.Vermilion_Flycatcher
training/042.Vermilion_Flycatcher/Vermilion_Flycatcher_0023_42565,41,042.Vermilion_Flycatcher
training/042.Vermilion_Flycatcher/Vermilion_Flycatcher_0042_42266,41,042.Vermilion_Flycatcher
training/042.Vermilion_Flycatcher/Vermilion_Flycatcher_0050_42479,41,042.Vermilion_Flycatcher
training/042.Vermilion_Flycatcher/Vermilion_Flycatcher_0060_42293,41,042.Vermilion_Flycatcher
training/042.Vermilion_Flycatcher/Vermilion_Flycatcher_0061_42397,41,042.Vermilion_Flycatcher
training/042.Vermilion_Flycatcher/Vermilion_Flycatcher_0065_42467,41,042.Vermilion_Flycatcher
training/042.Vermilion_Flycatcher/Vermilion_Flycatcher_0067_42185,41,042.Vermilion_Flycatcher
training/043.Yellow_bellied_Flycatcher/Yellow_Bellied_Flycatcher_0008_42703,42,043.Yellow_bellied_Flycatcher
training/043.Yellow_bellied_Flycatcher/Yellow_Bellied_Flycatcher_0010_795498,42,043.Yellow_bellied_Flycatcher
training/043.Yellow_bellied_Flycatcher/Yellow_Bellied_Flycatcher_0023_795478,42,043.Yellow_bellied_Flycatcher
training/043.Yellow_bellied_Flycatcher/Yellow_Bellied_Flycatcher_0031_42580,42,043.Yellow_bellied_Flycatcher
training/043.Yellow_bellied_Flycatcher/Yellow_Bellied_Flycatcher_0034_795511,42,043.Yellow_bellied_Flycatcher
training/043.Yellow_bellied_Flycatcher/Yellow_Bellied_Flycatcher_0038_795477,42,043.Yellow_bellied_Flycatcher
training/043.Yellow_bellied_Flycatcher/Yellow_Bellied_Flycatcher_0041_42719,42,043.Yellow_bellied_Flycatcher
training/043.Yellow_bellied_Flycatcher/Yellow_Bellied_Flycatcher_0048_795505,42,043.Yellow_bellied_Flycatcher
training/043.Yellow_bellied_Flycatcher/Yellow_Bellied_Flycatcher_0049_42593,42,043.Yellow_bellied_Flycatcher
training/043.Yellow_bellied_Flycatcher/Yellow_Bellied_Flycatcher_0057_795485,42,043.Yellow_bellied_Flycatcher
training/044.Frigatebird/Frigatebird_0004_43221,43,044.Frigatebird
training/044.Frigatebird/Frigatebird_0022_43457,43,044.Frigatebird
training/044.Frigatebird/Frigatebird_0035_43420,43,044.Frigatebird
training/044.Frigatebird/Frigatebird_0040_42860,43,044.Frigatebird
training/044.Frigatebird/Frigatebird_0047_43039,43,044.Frigatebird
training/044.Frigatebird/Frigatebird_0059_42838,43,044.Frigatebird
training/044.Frigatebird/Frigatebird_0068_42795,43,044.Frigatebird
training/044.Frigatebird/Frigatebird_0080_43064,43,044.Frigatebird
training/044.Frigatebird/Frigatebird_0095_42785,43,044.Frigatebird
training/044.Frigatebird/Frigatebird_0115_42973,43,044.Frigatebird
training/045.Northern_Fulmar/Northern_Fulmar_0004_43755,44,045.Northern_Fulmar
training/045.Northern_Fulmar/Northern_Fulmar_0010_44112,44,045.Northern_Fulmar
training/045.Northern_Fulmar/Northern_Fulmar_0019_43853,44,045.Northern_Fulmar
training/045.Northern_Fulmar/Northern_Fulmar_0043_43685,44,045.Northern_Fulmar
training/045.Northern_Fulmar/Northern_Fulmar_0058_44114,44,045.Northern_Fulmar
training/045.Northern_Fulmar/Northern_Fulmar_0060_43813,44,045.Northern_Fulmar
training/045.Northern_Fulmar/Northern_Fulmar_0070_43916,44,045.Northern_Fulmar
training/045.Northern_Fulmar/Northern_Fulmar_0076_43893,44,045.Northern_Fulmar
training/045.Northern_Fulmar/Northern_Fulmar_0098_43578,44,045.Northern_Fulmar
training/045.Northern_Fulmar/Northern_Fulmar_0099_44015,44,045.Northern_Fulmar
training/046.Gadwall/Gadwall_0017_30979,45,046.Gadwall
training/046.Gadwall/Gadwall_0035_30985,45,046.Gadwall
training/046.Gadwall/Gadwall_0042_31411,45,046.Gadwall
training/046.Gadwall/Gadwall_0049_30936,45,046.Gadwall
training/046.Gadwall/Gadwall_0069_31291,45,046.Gadwall
training/046.Gadwall/Gadwall_0070_31187,45,046.Gadwall
training/046.Gadwall/Gadwall_0071_31655,45,046.Gadwall
training/046.Gadwall/Gadwall_0077_30929,45,046.Gadwall
training/046.Gadwall/Gadwall_0083_30959,45,046.Gadwall
training/046.Gadwall/Gadwall_0084_31135,45,046.Gadwall
training/047.American_Goldfinch/American_Goldfinch_0037_32071,46,047.American_Goldfinch
training/047.American_Goldfinch/American_Goldfinch_0041_31969,46,047.American_Goldfinch
training/047.American_Goldfinch/American_Goldfinch_0043_31993,46,047.American_Goldfinch
training/047.American_Goldfinch/American_Goldfinch_0048_32885,46,047.American_Goldfinch
training/047.American_Goldfinch/American_Goldfinch_0086_31887,46,047.American_Goldfinch
training/047.American_Goldfinch/American_Goldfinch_0089_32152,46,047.American_Goldfinch
training/047.American_Goldfinch/American_Goldfinch_0104_32540,46,047.American_Goldfinch
training/047.American_Goldfinch/American_Goldfinch_0106_32182,46,047.American_Goldfinch
training/047.American_Goldfinch/American_Goldfinch_0122_32186,46,047.American_Goldfinch
training/047.American_Goldfinch/American_Goldfinch_0128_32333,46,047.American_Goldfinch
training/048.European_Goldfinch/European_Goldfinch_0003_33066,47,048.European_Goldfinch
training/048.European_Goldfinch/European_Goldfinch_0006_794661,47,048.European_Goldfinch
training/048.European_Goldfinch/European_Goldfinch_0014_794672,47,048.European_Goldfinch
training/048.European_Goldfinch/European_Goldfinch_0041_794645,47,048.European_Goldfinch
training/048.European_Goldfinch/European_Goldfinch_0046_33307,47,048.European_Goldfinch
training/048.European_Goldfinch/European_Goldfinch_0052_33082,47,048.European_Goldfinch
training/048.European_Goldfinch/European_Goldfinch_0068_33359,47,048.European_Goldfinch
training/048.European_Goldfinch/European_Goldfinch_0076_33173,47,048.European_Goldfinch
training/048.European_Goldfinch/European_Goldfinch_0090_794648,47,048.European_Goldfinch
training/048.European_Goldfinch/European_Goldfinch_0103_794664,47,048.European_Goldfinch
training/049.Boat_tailed_Grackle/Boat_Tailed_Grackle_0011_34020,48,049.Boat_tailed_Grackle
training/049.Boat_tailed_Grackle/Boat_Tailed_Grackle_0016_33770,48,049.Boat_tailed_Grackle
training/049.Boat_tailed_Grackle/Boat_Tailed_Grackle_0028_33777,48,049.Boat_tailed_Grackle
training/049.Boat_tailed_Grackle/Boat_Tailed_Grackle_0041_33396,48,049.Boat_tailed_Grackle
training/049.Boat_tailed_Grackle/Boat_Tailed_Grackle_0047_33500,48,049.Boat_tailed_Grackle
training/049.Boat_tailed_Grackle/Boat_Tailed_Grackle_0063_33492,48,049.Boat_tailed_Grackle
training/049.Boat_tailed_Grackle/Boat_Tailed_Grackle_0073_33723,48,049.Boat_tailed_Grackle
training/049.Boat_tailed_Grackle/Boat_Tailed_Grackle_0085_33384,48,049.Boat_tailed_Grackle
training/049.Boat_tailed_Grackle/Boat_Tailed_Grackle_0112_33841,48,049.Boat_tailed_Grackle
training/049.Boat_tailed_Grackle/Boat_Tailed_Grackle_0126_33593,48,049.Boat_tailed_Grackle
training/050.Eared_Grebe/Eared_Grebe_0016_34334,49,050.Eared_Grebe
training/050.Eared_Grebe/Eared_Grebe_0017_34139,49,050.Eared_Grebe
training/050.Eared_Grebe/Eared_Grebe_0027_34341,49,050.Eared_Grebe
training/050.Eared_Grebe/Eared_Grebe_0040_34340,49,050.Eared_Grebe
training/050.Eared_Grebe/Eared_Grebe_0041_34157,49,050.Eared_Grebe
training/050.Eared_Grebe/Eared_Grebe_0056_34098,49,050.Eared_Grebe
training/050.Eared_Grebe/Eared_Grebe_0058_34174,49,050.Eared_Grebe
training/050.Eared_Grebe/Eared_Grebe_0062_34249,49,050.Eared_Grebe
training/050.Eared_Grebe/Eared_Grebe_0064_34251,49,050.Eared_Grebe
training/050.Eared_Grebe/Eared_Grebe_0073_34172,49,050.Eared_Grebe
training/051.Horned_Grebe/Horned_Grebe_0006_34718,50,051.Horned_Grebe
training/051.Horned_Grebe/Horned_Grebe_0031_34626,50,051.Horned_Grebe
training/051.Horned_Grebe/Horned_Grebe_0039_34848,50,051.Horned_Grebe
training/051.Horned_Grebe/Horned_Grebe_0040_34548,50,051.Horned_Grebe
training/051.Horned_Grebe/Horned_Grebe_0046_34926,50,051.Horned_Grebe
training/051.Horned_Grebe/Horned_Grebe_0068_35111,50,051.Horned_Grebe
training/051.Horned_Grebe/Horned_Grebe_0070_34514,50,051.Horned_Grebe
training/051.Horned_Grebe/Horned_Grebe_0076_34841,50,051.Horned_Grebe
training/051.Horned_Grebe/Horned_Grebe_0102_34448,50,051.Horned_Grebe
training/051.Horned_Grebe/Horned_Grebe_0112_34864,50,051.Horned_Grebe
training/052.Pied_billed_Grebe/Pied_Billed_Grebe_0058_35503,51,052.Pied_billed_Grebe
training/052.Pied_billed_Grebe/Pied_Billed_Grebe_0072_35939,51,052.Pied_billed_Grebe
training/052.Pied_billed_Grebe/Pied_Billed_Grebe_0076_35432,51,052.Pied_billed_Grebe
training/052.Pied_billed_Grebe/Pied_Billed_Grebe_0081_35409,51,052.Pied_billed_Grebe
training/052.Pied_billed_Grebe/Pied_Billed_Grebe_0082_35356,51,052.Pied_billed_Grebe
training/052.Pied_billed_Grebe/Pied_Billed_Grebe_0086_35483,51,052.Pied_billed_Grebe
training/052.Pied_billed_Grebe/Pied_Billed_Grebe_0114_35493,51,052.Pied_billed_Grebe
training/052.Pied_billed_Grebe/Pied_Billed_Grebe_0120_35764,51,052.Pied_billed_Grebe
training/052.Pied_billed_Grebe/Pied_Billed_Grebe_0123_35469,51,052.Pied_billed_Grebe
training/052.Pied_billed_Grebe/Pied_Billed_Grebe_0125_35322,51,052.Pied_billed_Grebe
training/053.Western_Grebe/Western_Grebe_0001_36481,52,053.Western_Grebe
training/053.Western_Grebe/Western_Grebe_0007_36074,52,053.Western_Grebe
training/053.Western_Grebe/Western_Grebe_0014_36185,52,053.Western_Grebe
training/053.Western_Grebe/Western_Grebe_0017_36218,52,053.Western_Grebe
training/053.Western_Grebe/Western_Grebe_0025_36251,52,053.Western_Grebe
training/053.Western_Grebe/Western_Grebe_0034_36149,52,053.Western_Grebe
training/053.Western_Grebe/Western_Grebe_0037_36469,52,053.Western_Grebe
training/053.Western_Grebe/Western_Grebe_0056_36216,52,053.Western_Grebe
training/053.Western_Grebe/Western_Grebe_0070_36162,52,053.Western_Grebe
training/053.Western_Grebe/Western_Grebe_0099_36112,52,053.Western_Grebe
training/054.Blue_Grosbeak/Blue_Grosbeak_0031_37173,53,054.Blue_Grosbeak
training/054.Blue_Grosbeak/Blue_Grosbeak_0033_36980,53,054.Blue_Grosbeak
training/054.Blue_Grosbeak/Blue_Grosbeak_0038_37095,53,054.Blue_Grosbeak
training/054.Blue_Grosbeak/Blue_Grosbeak_0043_37200,53,054.Blue_Grosbeak
training/054.Blue_Grosbeak/Blue_Grosbeak_0045_36672,53,054.Blue_Grosbeak
training/054.Blue_Grosbeak/Blue_Grosbeak_0051_37065,53,054.Blue_Grosbeak
training/054.Blue_Grosbeak/Blue_Grosbeak_0092_36711,53,054.Blue_Grosbeak
training/054.Blue_Grosbeak/Blue_Grosbeak_0099_36828,53,054.Blue_Grosbeak
training/054.Blue_Grosbeak/Blue_Grosbeak_0103_36673,53,054.Blue_Grosbeak
training/054.Blue_Grosbeak/Blue_Grosbeak_0107_36696,53,054.Blue_Grosbeak
training/055.Evening_Grosbeak/Evening_Grosbeak_0001_37437,54,055.Evening_Grosbeak
training/055.Evening_Grosbeak/Evening_Grosbeak_0016_37613,54,055.Evening_Grosbeak
training/055.Evening_Grosbeak/Evening_Grosbeak_0033_37707,54,055.Evening_Grosbeak
training/055.Evening_Grosbeak/Evening_Grosbeak_0041_37928,54,055.Evening_Grosbeak
training/055.Evening_Grosbeak/Evening_Grosbeak_0075_37302,54,055.Evening_Grosbeak
training/055.Evening_Grosbeak/Evening_Grosbeak_0100_37863,54,055.Evening_Grosbeak
training/055.Evening_Grosbeak/Evening_Grosbeak_0104_37661,54,055.Evening_Grosbeak
training/055.Evening_Grosbeak/Evening_Grosbeak_0112_37922,54,055.Evening_Grosbeak
training/055.Evening_Grosbeak/Evening_Grosbeak_0122_37864,54,055.Evening_Grosbeak
training/055.Evening_Grosbeak/Evening_Grosbeak_0133_37976,54,055.Evening_Grosbeak
training/056.Pine_Grosbeak/Pine_Grosbeak_0025_38443,55,056.Pine_Grosbeak
training/056.Pine_Grosbeak/Pine_Grosbeak_0078_38242,55,056.Pine_Grosbeak
training/056.Pine_Grosbeak/Pine_Grosbeak_0088_38830,55,056.Pine_Grosbeak
training/056.Pine_Grosbeak/Pine_Grosbeak_0097_38735,55,056.Pine_Grosbeak
training/056.Pine_Grosbeak/Pine_Grosbeak_0100_38988,55,056.Pine_Grosbeak
training/056.Pine_Grosbeak/Pine_Grosbeak_0102_38216,55,056.Pine_Grosbeak
training/056.Pine_Grosbeak/Pine_Grosbeak_0104_38362,55,056.Pine_Grosbeak
training/056.Pine_Grosbeak/Pine_Grosbeak_0105_38210,55,056.Pine_Grosbeak
training/056.Pine_Grosbeak/Pine_Grosbeak_0114_38259,55,056.Pine_Grosbeak
training/056.Pine_Grosbeak/Pine_Grosbeak_0115_38330,55,056.Pine_Grosbeak
training/057.Rose_breasted_Grosbeak/Rose_Breasted_Grosbeak_0001_39801,56,057.Rose_breasted_Grosbeak
training/057.Rose_breasted_Grosbeak/Rose_Breasted_Grosbeak_0011_39207,56,057.Rose_breasted_Grosbeak
training/057.Rose_breasted_Grosbeak/Rose_Breasted_Grosbeak_0077_39613,56,057.Rose_breasted_Grosbeak
training/057.Rose_breasted_Grosbeak/Rose_Breasted_Grosbeak_0081_39136,56,057.Rose_breasted_Grosbeak
training/057.Rose_breasted_Grosbeak/Rose_Breasted_Grosbeak_0088_39035,56,057.Rose_breasted_Grosbeak
training/057.Rose_breasted_Grosbeak/Rose_Breasted_Grosbeak_0095_39178,56,057.Rose_breasted_Grosbeak
training/057.Rose_breasted_Grosbeak/Rose_Breasted_Grosbeak_0097_39514,56,057.Rose_breasted_Grosbeak
training/057.Rose_breasted_Grosbeak/Rose_Breasted_Grosbeak_0104_39189,56,057.Rose_breasted_Grosbeak
training/057.Rose_breasted_Grosbeak/Rose_Breasted_Grosbeak_0106_39714,56,057.Rose_breasted_Grosbeak
training/057.Rose_breasted_Grosbeak/Rose_Breasted_Grosbeak_0114_39770,56,057.Rose_breasted_Grosbeak
training/058.Pigeon_Guillemot/Pigeon_Guillemot_0005_40375,57,058.Pigeon_Guillemot
training/058.Pigeon_Guillemot/Pigeon_Guillemot_0020_40088,57,058.Pigeon_Guillemot
training/058.Pigeon_Guillemot/Pigeon_Guillemot_0034_40074,57,058.Pigeon_Guillemot
training/058.Pigeon_Guillemot/Pigeon_Guillemot_0055_40171,57,058.Pigeon_Guillemot
training/058.Pigeon_Guillemot/Pigeon_Guillemot_0068_40039,57,058.Pigeon_Guillemot
training/058.Pigeon_Guillemot/Pigeon_Guillemot_0072_39905,57,058.Pigeon_Guillemot
training/058.Pigeon_Guillemot/Pigeon_Guillemot_0083_39980,57,058.Pigeon_Guillemot
training/058.Pigeon_Guillemot/Pigeon_Guillemot_0090_40090,57,058.Pigeon_Guillemot
training/058.Pigeon_Guillemot/Pigeon_Guillemot_0098_39902,57,058.Pigeon_Guillemot
training/058.Pigeon_Guillemot/Pigeon_Guillemot_0105_40078,57,058.Pigeon_Guillemot
training/059.California_Gull/California_Gull_0012_41272,58,059.California_Gull
training/059.California_Gull/California_Gull_0021_41471,58,059.California_Gull
training/059.California_Gull/California_Gull_0029_41506,58,059.California_Gull
training/059.California_Gull/California_Gull_0052_41047,58,059.California_Gull
training/059.California_Gull/California_Gull_0064_41562,58,059.California_Gull
training/059.California_Gull/California_Gull_0066_41188,58,059.California_Gull
training/059.California_Gull/California_Gull_0074_41358,58,059.California_Gull
training/059.California_Gull/California_Gull_0093_41111,58,059.California_Gull
training/059.California_Gull/California_Gull_0096_40978,58,059.California_Gull
training/059.California_Gull/California_Gull_0109_41465,58,059.California_Gull
training/060.Glaucous_winged_Gull/Glaucous_Winged_Gull_0005_44860,59,060.Glaucous_winged_Gull
training/060.Glaucous_winged_Gull/Glaucous_Winged_Gull_0032_44594,59,060.Glaucous_winged_Gull
training/060.Glaucous_winged_Gull/Glaucous_Winged_Gull_0060_44215,59,060.Glaucous_winged_Gull
training/060.Glaucous_winged_Gull/Glaucous_Winged_Gull_0067_45156,59,060.Glaucous_winged_Gull
training/060.Glaucous_winged_Gull/Glaucous_Winged_Gull_0087_44550,59,060.Glaucous_winged_Gull
training/060.Glaucous_winged_Gull/Glaucous_Winged_Gull_0091_44848,59,060.Glaucous_winged_Gull
training/060.Glaucous_winged_Gull/Glaucous_Winged_Gull_0096_45012,59,060.Glaucous_winged_Gull
training/060.Glaucous_winged_Gull/Glaucous_Winged_Gull_0110_44377,59,060.Glaucous_winged_Gull
training/060.Glaucous_winged_Gull/Glaucous_Winged_Gull_0127_44258,59,060.Glaucous_winged_Gull
training/060.Glaucous_winged_Gull/Glaucous_Winged_Gull_0133_44738,59,060.Glaucous_winged_Gull
training/061.Heermann_Gull/Heermann_Gull_0008_45839,60,061.Heermann_Gull
training/061.Heermann_Gull/Heermann_Gull_0015_41392,60,061.Heermann_Gull
training/061.Heermann_Gull/Heermann_Gull_0043_45939,60,061.Heermann_Gull
training/061.Heermann_Gull/Heermann_Gull_0073_45714,60,061.Heermann_Gull
training/061.Heermann_Gull/Heermann_Gull_0077_45711,60,061.Heermann_Gull
training/061.Heermann_Gull/Heermann_Gull_0098_45753,60,061.Heermann_Gull
training/061.Heermann_Gull/Heermann_Gull_0102_45904,60,061.Heermann_Gull
training/061.Heermann_Gull/Heermann_Gull_0112_45748,60,061.Heermann_Gull
training/061.Heermann_Gull/Heermann_Gull_0122_45627,60,061.Heermann_Gull
training/061.Heermann_Gull/Heermann_Gull_0128_45663,60,061.Heermann_Gull
training/062.Herring_Gull/Herring_Gull_0004_48046,61,062.Herring_Gull
training/062.Herring_Gull/Herring_Gull_0010_46425,61,062.Herring_Gull
training/062.Herring_Gull/Herring_Gull_0026_48041,61,062.Herring_Gull
training/062.Herring_Gull/Herring_Gull_0039_46420,61,062.Herring_Gull
training/062.Herring_Gull/Herring_Gull_0047_46218,61,062.Herring_Gull
training/062.Herring_Gull/Herring_Gull_0051_46276,61,062.Herring_Gull
training/062.Herring_Gull/Herring_Gull_0064_47832,61,062.Herring_Gull
training/062.Herring_Gull/Herring_Gull_0084_46406,61,062.Herring_Gull
training/062.Herring_Gull/Herring_Gull_0100_46677,61,062.Herring_Gull
training/062.Herring_Gull/Herring_Gull_0130_46675,61,062.Herring_Gull
training/063.Ivory_Gull/Ivory_Gull_0020_49978,62,063.Ivory_Gull
training/063.Ivory_Gull/Ivory_Gull_0027_48974,62,063.Ivory_Gull
training/063.Ivory_Gull/Ivory_Gull_0036_49754,62,063.Ivory_Gull
training/063.Ivory_Gull/Ivory_Gull_0037_49068,62,063.Ivory_Gull
training/063.Ivory_Gull/Ivory_Gull_0041_49172,62,063.Ivory_Gull
training/063.Ivory_Gull/Ivory_Gull_0052_50013,62,063.Ivory_Gull
training/063.Ivory_Gull/Ivory_Gull_0067_49659,62,063.Ivory_Gull
training/063.Ivory_Gull/Ivory_Gull_0074_49698,62,063.Ivory_Gull
training/063.Ivory_Gull/Ivory_Gull_0099_49218,62,063.Ivory_Gull
training/063.Ivory_Gull/Ivory_Gull_0107_49186,62,063.Ivory_Gull
training/064.Ring_billed_Gull/Ring_Billed_Gull_0001_51416,63,064.Ring_billed_Gull
training/064.Ring_billed_Gull/Ring_Billed_Gull_0017_51412,63,064.Ring_billed_Gull
training/064.Ring_billed_Gull/Ring_Billed_Gull_0054_51414,63,064.Ring_billed_Gull
training/064.Ring_billed_Gull/Ring_Billed_Gull_0063_51256,63,064.Ring_billed_Gull
training/064.Ring_billed_Gull/Ring_Billed_Gull_0070_51316,63,064.Ring_billed_Gull
training/064.Ring_billed_Gull/Ring_Billed_Gull_0100_52779,63,064.Ring_billed_Gull
training/064.Ring_billed_Gull/Ring_Billed_Gull_0101_51375,63,064.Ring_billed_Gull
training/064.Ring_billed_Gull/Ring_Billed_Gull_0117_51363,63,064.Ring_billed_Gull
training/064.Ring_billed_Gull/Ring_Billed_Gull_0118_51322,63,064.Ring_billed_Gull
training/064.Ring_billed_Gull/Ring_Billed_Gull_0119_51551,63,064.Ring_billed_Gull
training/065.Slaty_backed_Gull/Slaty_Backed_Gull_0002_53238,64,065.Slaty_backed_Gull
training/065.Slaty_backed_Gull/Slaty_Backed_Gull_0006_796014,64,065.Slaty_backed_Gull
training/065.Slaty_backed_Gull/Slaty_Backed_Gull_0021_796008,64,065.Slaty_backed_Gull
training/065.Slaty_backed_Gull/Slaty_Backed_Gull_0029_45047,64,065.Slaty_backed_Gull
training/065.Slaty_backed_Gull/Slaty_Backed_Gull_0030_796003,64,065.Slaty_backed_Gull
training/065.Slaty_backed_Gull/Slaty_Backed_Gull_0033_796023,64,065.Slaty_backed_Gull
training/065.Slaty_backed_Gull/Slaty_Backed_Gull_0053_796051,64,065.Slaty_backed_Gull
training/065.Slaty_backed_Gull/Slaty_Backed_Gull_0056_796013,64,065.Slaty_backed_Gull
training/065.Slaty_backed_Gull/Slaty_Backed_Gull_0071_796037,64,065.Slaty_backed_Gull
training/065.Slaty_backed_Gull/Slaty_Backed_Gull_0084_786383,64,065.Slaty_backed_Gull
training/066.Western_Gull/Western_Gull_0028_55680,65,066.Western_Gull
training/066.Western_Gull/Western_Gull_0030_54083,65,066.Western_Gull
training/066.Western_Gull/Western_Gull_0042_53843,65,066.Western_Gull
training/066.Western_Gull/Western_Gull_0051_54320,65,066.Western_Gull
training/066.Western_Gull/Western_Gull_0057_55312,65,066.Western_Gull
training/066.Western_Gull/Western_Gull_0073_54118,65,066.Western_Gull
training/066.Western_Gull/Western_Gull_0089_55306,65,066.Western_Gull
training/066.Western_Gull/Western_Gull_0094_55156,65,066.Western_Gull
training/066.Western_Gull/Western_Gull_0124_53838,65,066.Western_Gull
training/066.Western_Gull/Western_Gull_0131_53349,65,066.Western_Gull
training/067.Anna_Hummingbird/Anna_Hummingbird_0017_56954,66,067.Anna_Hummingbird
training/067.Anna_Hummingbird/Anna_Hummingbird_0029_55823,66,067.Anna_Hummingbird
training/067.Anna_Hummingbird/Anna_Hummingbird_0042_55990,66,067.Anna_Hummingbird
training/067.Anna_Hummingbird/Anna_Hummingbird_0043_56059,66,067.Anna_Hummingbird
training/067.Anna_Hummingbird/Anna_Hummingbird_0044_56066,66,067.Anna_Hummingbird
training/067.Anna_Hummingbird/Anna_Hummingbird_0052_56344,66,067.Anna_Hummingbird
training/067.Anna_Hummingbird/Anna_Hummingbird_0069_56933,66,067.Anna_Hummingbird
training/067.Anna_Hummingbird/Anna_Hummingbird_0113_56296,66,067.Anna_Hummingbird
training/067.Anna_Hummingbird/Anna_Hummingbird_0118_55773,66,067.Anna_Hummingbird
training/067.Anna_Hummingbird/Anna_Hummingbird_0128_57047,66,067.Anna_Hummingbird
training/068.Ruby_throated_Hummingbird/Ruby_Throated_Hummingbird_0010_58285,67,068.Ruby_throated_Hummingbird
training/068.Ruby_throated_Hummingbird/Ruby_Throated_Hummingbird_0027_58191,67,068.Ruby_throated_Hummingbird
training/068.Ruby_throated_Hummingbird/Ruby_Throated_Hummingbird_0054_57364,67,068.Ruby_throated_Hummingbird
training/068.Ruby_throated_Hummingbird/Ruby_Throated_Hummingbird_0059_58210,67,068.Ruby_throated_Hummingbird
training/068.Ruby_throated_Hummingbird/Ruby_Throated_Hummingbird_0078_57208,67,068.Ruby_throated_Hummingbird
training/068.Ruby_throated_Hummingbird/Ruby_Throated_Hummingbird_0079_58075,67,068.Ruby_throated_Hummingbird
training/068.Ruby_throated_Hummingbird/Ruby_Throated_Hummingbird_0098_57514,67,068.Ruby_throated_Hummingbird
training/068.Ruby_throated_Hummingbird/Ruby_Throated_Hummingbird_0107_57339,67,068.Ruby_throated_Hummingbird
training/068.Ruby_throated_Hummingbird/Ruby_Throated_Hummingbird_0111_58141,67,068.Ruby_throated_Hummingbird
training/068.Ruby_throated_Hummingbird/Ruby_Throated_Hummingbird_0117_58092,67,068.Ruby_throated_Hummingbird
training/069.Rufous_Hummingbird/Rufous_Hummingbird_0018_59447,68,069.Rufous_Hummingbird
training/069.Rufous_Hummingbird/Rufous_Hummingbird_0022_58725,68,069.Rufous_Hummingbird
training/069.Rufous_Hummingbird/Rufous_Hummingbird_0024_59636,68,069.Rufous_Hummingbird
training/069.Rufous_Hummingbird/Rufous_Hummingbird_0025_59461,68,069.Rufous_Hummingbird
training/069.Rufous_Hummingbird/Rufous_Hummingbird_0031_58391,68,069.Rufous_Hummingbird
training/069.Rufous_Hummingbird/Rufous_Hummingbird_0043_58652,68,069.Rufous_Hummingbird
training/069.Rufous_Hummingbird/Rufous_Hummingbird_0064_58509,68,069.Rufous_Hummingbird
training/069.Rufous_Hummingbird/Rufous_Hummingbird_0077_59452,68,069.Rufous_Hummingbird
training/069.Rufous_Hummingbird/Rufous_Hummingbird_0116_58568,68,069.Rufous_Hummingbird
training/069.Rufous_Hummingbird/Rufous_Hummingbird_0120_59900,68,069.Rufous_Hummingbird
training/070.Green_Violetear/Green_Violetear_0005_795666,69,070.Green_Violetear
training/070.Green_Violetear/Green_Violetear_0013_795684,69,070.Green_Violetear
training/070.Green_Violetear/Green_Violetear_0028_60800,69,070.Green_Violetear
training/070.Green_Violetear/Green_Violetear_0041_795648,69,070.Green_Violetear
training/070.Green_Violetear/Green_Violetear_0062_60797,69,070.Green_Violetear
training/070.Green_Violetear/Green_Violetear_0067_795674,69,070.Green_Violetear
training/070.Green_Violetear/Green_Violetear_0080_795716,69,070.Green_Violetear
training/070.Green_Violetear/Green_Violetear_0094_795634,69,070.Green_Violetear
training/070.Green_Violetear/Green_Violetear_0095_795646,69,070.Green_Violetear
training/070.Green_Violetear/Green_Violetear_0108_795711,69,070.Green_Violetear
training/071.Long_tailed_Jaeger/Long_Tailed_Jaeger_0001_797061,70,071.Long_tailed_Jaeger
training/071.Long_tailed_Jaeger/Long_Tailed_Jaeger_0008_797066,70,071.Long_tailed_Jaeger
training/071.Long_tailed_Jaeger/Long_Tailed_Jaeger_0021_797083,70,071.Long_tailed_Jaeger
training/071.Long_tailed_Jaeger/Long_Tailed_Jaeger_0038_797077,70,071.Long_tailed_Jaeger
training/071.Long_tailed_Jaeger/Long_Tailed_Jaeger_0039_797089,70,071.Long_tailed_Jaeger
training/071.Long_tailed_Jaeger/Long_Tailed_Jaeger_0048_797087,70,071.Long_tailed_Jaeger
training/071.Long_tailed_Jaeger/Long_Tailed_Jaeger_0053_60906,70,071.Long_tailed_Jaeger
training/071.Long_tailed_Jaeger/Long_Tailed_Jaeger_0054_797088,70,071.Long_tailed_Jaeger
training/071.Long_tailed_Jaeger/Long_Tailed_Jaeger_0061_61049,70,071.Long_tailed_Jaeger
training/071.Long_tailed_Jaeger/Long_Tailed_Jaeger_0068_797093,70,071.Long_tailed_Jaeger
training/072.Pomarine_Jaeger/Pomarine_Jaeger_0001_795772,71,072.Pomarine_Jaeger
training/072.Pomarine_Jaeger/Pomarine_Jaeger_0004_795796,71,072.Pomarine_Jaeger
training/072.Pomarine_Jaeger/Pomarine_Jaeger_0013_795759,71,072.Pomarine_Jaeger
training/072.Pomarine_Jaeger/Pomarine_Jaeger_0026_61273,71,072.Pomarine_Jaeger
training/072.Pomarine_Jaeger/Pomarine_Jaeger_0041_61305,71,072.Pomarine_Jaeger
training/072.Pomarine_Jaeger/Pomarine_Jaeger_0046_61301,71,072.Pomarine_Jaeger
training/072.Pomarine_Jaeger/Pomarine_Jaeger_0048_795771,71,072.Pomarine_Jaeger
training/072.Pomarine_Jaeger/Pomarine_Jaeger_0061_795788,71,072.Pomarine_Jaeger
training/072.Pomarine_Jaeger/Pomarine_Jaeger_0072_795743,71,072.Pomarine_Jaeger
training/072.Pomarine_Jaeger/Pomarine_Jaeger_0075_61349,71,072.Pomarine_Jaeger
training/073.Blue_Jay/Blue_Jay_0002_62657,72,073.Blue_Jay
training/073.Blue_Jay/Blue_Jay_0010_61939,72,073.Blue_Jay
training/073.Blue_Jay/Blue_Jay_0013_61463,72,073.Blue_Jay
training/073.Blue_Jay/Blue_Jay_0015_62916,72,073.Blue_Jay
training/073.Blue_Jay/Blue_Jay_0051_63339,72,073.Blue_Jay
training/073.Blue_Jay/Blue_Jay_0052_63148,72,073.Blue_Jay
training/073.Blue_Jay/Blue_Jay_0070_63684,72,073.Blue_Jay
training/073.Blue_Jay/Blue_Jay_0074_63487,72,073.Blue_Jay
training/073.Blue_Jay/Blue_Jay_0080_61617,72,073.Blue_Jay
training/073.Blue_Jay/Blue_Jay_0095_63505,72,073.Blue_Jay
training/074.Florida_Jay/Florida_Jay_0018_64994,73,074.Florida_Jay
training/074.Florida_Jay/Florida_Jay_0029_65114,73,074.Florida_Jay
training/074.Florida_Jay/Florida_Jay_0050_65099,73,074.Florida_Jay
training/074.Florida_Jay/Florida_Jay_0079_64713,73,074.Florida_Jay
training/074.Florida_Jay/Florida_Jay_0092_64924,73,074.Florida_Jay
training/074.Florida_Jay/Florida_Jay_0093_64675,73,074.Florida_Jay
training/074.Florida_Jay/Florida_Jay_0095_64707,73,074.Florida_Jay
training/074.Florida_Jay/Florida_Jay_0104_64885,73,074.Florida_Jay
training/074.Florida_Jay/Florida_Jay_0109_64558,73,074.Florida_Jay
training/074.Florida_Jay/Florida_Jay_0111_64651,73,074.Florida_Jay
training/075.Green_Jay/Green_Jay_0003_65767,74,075.Green_Jay
training/075.Green_Jay/Green_Jay_0006_65788,74,075.Green_Jay
training/075.Green_Jay/Green_Jay_0016_65864,74,075.Green_Jay
training/075.Green_Jay/Green_Jay_0023_65898,74,075.Green_Jay
training/075.Green_Jay/Green_Jay_0036_65660,74,075.Green_Jay
training/075.Green_Jay/Green_Jay_0040_65863,74,075.Green_Jay
training/075.Green_Jay/Green_Jay_0066_65902,74,075.Green_Jay
training/075.Green_Jay/Green_Jay_0086_65847,74,075.Green_Jay
training/075.Green_Jay/Green_Jay_0102_65813,74,075.Green_Jay
training/075.Green_Jay/Green_Jay_0114_65841,74,075.Green_Jay
training/076.Dark_eyed_Junco/Dark_Eyed_Junco_0005_68813,75,076.Dark_eyed_Junco
training/076.Dark_eyed_Junco/Dark_Eyed_Junco_0008_68321,75,076.Dark_eyed_Junco
training/076.Dark_eyed_Junco/Dark_Eyed_Junco_0026_68061,75,076.Dark_eyed_Junco
training/076.Dark_eyed_Junco/Dark_Eyed_Junco_0030_68439,75,076.Dark_eyed_Junco
training/076.Dark_eyed_Junco/Dark_Eyed_Junco_0072_67810,75,076.Dark_eyed_Junco
training/076.Dark_eyed_Junco/Dark_Eyed_Junco_0081_67223,75,076.Dark_eyed_Junco
training/076.Dark_eyed_Junco/Dark_Eyed_Junco_0087_68102,75,076.Dark_eyed_Junco
training/076.Dark_eyed_Junco/Dark_Eyed_Junco_0090_69051,75,076.Dark_eyed_Junco
training/076.Dark_eyed_Junco/Dark_Eyed_Junco_0099_67868,75,076.Dark_eyed_Junco
training/076.Dark_eyed_Junco/Dark_Eyed_Junco_0103_67700,75,076.Dark_eyed_Junco
training/077.Tropical_Kingbird/Tropical_Kingbird_0003_69852,76,077.Tropical_Kingbird
training/077.Tropical_Kingbird/Tropical_Kingbird_0011_69877,76,077.Tropical_Kingbird
training/077.Tropical_Kingbird/Tropical_Kingbird_0014_69647,76,077.Tropical_Kingbird
training/077.Tropical_Kingbird/Tropical_Kingbird_0044_69815,76,077.Tropical_Kingbird
training/077.Tropical_Kingbird/Tropical_Kingbird_0056_69509,76,077.Tropical_Kingbird
training/077.Tropical_Kingbird/Tropical_Kingbird_0060_69942,76,077.Tropical_Kingbird
training/077.Tropical_Kingbird/Tropical_Kingbird_0074_69949,76,077.Tropical_Kingbird
training/077.Tropical_Kingbird/Tropical_Kingbird_0081_69656,76,077.Tropical_Kingbird
training/077.Tropical_Kingbird/Tropical_Kingbird_0103_69311,76,077.Tropical_Kingbird
training/077.Tropical_Kingbird/Tropical_Kingbird_0122_69687,76,077.Tropical_Kingbird
training/078.Gray_Kingbird/Gray_Kingbird_0016_70288,77,078.Gray_Kingbird
training/078.Gray_Kingbird/Gray_Kingbird_0025_70152,77,078.Gray_Kingbird
training/078.Gray_Kingbird/Gray_Kingbird_0026_70089,77,078.Gray_Kingbird
training/078.Gray_Kingbird/Gray_Kingbird_0035_795027,77,078.Gray_Kingbird
training/078.Gray_Kingbird/Gray_Kingbird_0045_70256,77,078.Gray_Kingbird
training/078.Gray_Kingbird/Gray_Kingbird_0059_795030,77,078.Gray_Kingbird
training/078.Gray_Kingbird/Gray_Kingbird_0062_795026,77,078.Gray_Kingbird
training/078.Gray_Kingbird/Gray_Kingbird_0068_70292,77,078.Gray_Kingbird
training/078.Gray_Kingbird/Gray_Kingbird_0069_70082,77,078.Gray_Kingbird
training/078.Gray_Kingbird/Gray_Kingbird_0071_70100,77,078.Gray_Kingbird
training/079.Belted_Kingfisher/Belted_Kingfisher_0011_70923,78,079.Belted_Kingfisher
training/079.Belted_Kingfisher/Belted_Kingfisher_0031_70506,78,079.Belted_Kingfisher
training/079.Belted_Kingfisher/Belted_Kingfisher_0040_70432,78,079.Belted_Kingfisher
training/079.Belted_Kingfisher/Belted_Kingfisher_0043_70492,78,079.Belted_Kingfisher
training/079.Belted_Kingfisher/Belted_Kingfisher_0044_70494,78,079.Belted_Kingfisher
training/079.Belted_Kingfisher/Belted_Kingfisher_0047_70705,78,079.Belted_Kingfisher
training/079.Belted_Kingfisher/Belted_Kingfisher_0048_70532,78,079.Belted_Kingfisher
training/079.Belted_Kingfisher/Belted_Kingfisher_0054_70424,78,079.Belted_Kingfisher
training/079.Belted_Kingfisher/Belted_Kingfisher_0072_70924,78,079.Belted_Kingfisher
training/079.Belted_Kingfisher/Belted_Kingfisher_0111_70375,78,079.Belted_Kingfisher
training/080.Green_Kingfisher/Green_Kingfisher_0004_71076,79,080.Green_Kingfisher
training/080.Green_Kingfisher/Green_Kingfisher_0018_71189,79,080.Green_Kingfisher
training/080.Green_Kingfisher/Green_Kingfisher_0022_71223,79,080.Green_Kingfisher
training/080.Green_Kingfisher/Green_Kingfisher_0031_71229,79,080.Green_Kingfisher
training/080.Green_Kingfisher/Green_Kingfisher_0032_71050,79,080.Green_Kingfisher
training/080.Green_Kingfisher/Green_Kingfisher_0042_71028,79,080.Green_Kingfisher
training/080.Green_Kingfisher/Green_Kingfisher_0058_70998,79,080.Green_Kingfisher
training/080.Green_Kingfisher/Green_Kingfisher_0062_70985,79,080.Green_Kingfisher
training/080.Green_Kingfisher/Green_Kingfisher_0069_71053,79,080.Green_Kingfisher
training/080.Green_Kingfisher/Green_Kingfisher_0097_71102,79,080.Green_Kingfisher
training/081.Pied_Kingfisher/Pied_Kingfisher_0014_72119,80,081.Pied_Kingfisher
training/081.Pied_Kingfisher/Pied_Kingfisher_0022_72247,80,081.Pied_Kingfisher
training/081.Pied_Kingfisher/Pied_Kingfisher_0024_71560,80,081.Pied_Kingfisher
training/081.Pied_Kingfisher/Pied_Kingfisher_0026_71875,80,081.Pied_Kingfisher
training/081.Pied_Kingfisher/Pied_Kingfisher_0051_71429,80,081.Pied_Kingfisher
training/081.Pied_Kingfisher/Pied_Kingfisher_0062_72379,80,081.Pied_Kingfisher
training/081.Pied_Kingfisher/Pied_Kingfisher_0073_72508,80,081.Pied_Kingfisher
training/081.Pied_Kingfisher/Pied_Kingfisher_0074_71830,80,081.Pied_Kingfisher
training/081.Pied_Kingfisher/Pied_Kingfisher_0080_72199,80,081.Pied_Kingfisher
training/081.Pied_Kingfisher/Pied_Kingfisher_0106_71404,80,081.Pied_Kingfisher
training/082.Ringed_Kingfisher/Ringed_Kingfisher_0011_72982,81,082.Ringed_Kingfisher
training/082.Ringed_Kingfisher/Ringed_Kingfisher_0015_72835,81,082.Ringed_Kingfisher
training/082.Ringed_Kingfisher/Ringed_Kingfisher_0016_73029,81,082.Ringed_Kingfisher
training/082.Ringed_Kingfisher/Ringed_Kingfisher_0017_73145,81,082.Ringed_Kingfisher
training/082.Ringed_Kingfisher/Ringed_Kingfisher_0021_72848,81,082.Ringed_Kingfisher
training/082.Ringed_Kingfisher/Ringed_Kingfisher_0042_72913,81,082.Ringed_Kingfisher
training/082.Ringed_Kingfisher/Ringed_Kingfisher_0052_72871,81,082.Ringed_Kingfisher
training/082.Ringed_Kingfisher/Ringed_Kingfisher_0056_72863,81,082.Ringed_Kingfisher
training/082.Ringed_Kingfisher/Ringed_Kingfisher_0098_73110,81,082.Ringed_Kingfisher
training/082.Ringed_Kingfisher/Ringed_Kingfisher_0103_72894,81,082.Ringed_Kingfisher
training/083.White_breasted_Kingfisher/White_Breasted_Kingfisher_0002_73491,82,083.White_breasted_Kingfisher
training/083.White_breasted_Kingfisher/White_Breasted_Kingfisher_0022_73459,82,083.White_breasted_Kingfisher
training/083.White_breasted_Kingfisher/White_Breasted_Kingfisher_0024_73736,82,083.White_breasted_Kingfisher
training/083.White_breasted_Kingfisher/White_Breasted_Kingfisher_0036_73403,82,083.White_breasted_Kingfisher
training/083.White_breasted_Kingfisher/White_Breasted_Kingfisher_0049_73420,82,083.White_breasted_Kingfisher
training/083.White_breasted_Kingfisher/White_Breasted_Kingfisher_0054_73587,82,083.White_breasted_Kingfisher
training/083.White_breasted_Kingfisher/White_Breasted_Kingfisher_0062_73425,82,083.White_breasted_Kingfisher
training/083.White_breasted_Kingfisher/White_Breasted_Kingfisher_0084_73247,82,083.White_breasted_Kingfisher
training/083.White_breasted_Kingfisher/White_Breasted_Kingfisher_0107_73265,82,083.White_breasted_Kingfisher
training/083.White_breasted_Kingfisher/White_Breasted_Kingfisher_0115_73252,82,083.White_breasted_Kingfisher
training/084.Red_legged_Kittiwake/Red_Legged_Kittiwake_0001_795394,83,084.Red_legged_Kittiwake
training/084.Red_legged_Kittiwake/Red_Legged_Kittiwake_0002_73788,83,084.Red_legged_Kittiwake
training/084.Red_legged_Kittiwake/Red_Legged_Kittiwake_0004_73811,83,084.Red_legged_Kittiwake
training/084.Red_legged_Kittiwake/Red_Legged_Kittiwake_0029_795403,83,084.Red_legged_Kittiwake
training/084.Red_legged_Kittiwake/Red_Legged_Kittiwake_0030_73818,83,084.Red_legged_Kittiwake
training/084.Red_legged_Kittiwake/Red_Legged_Kittiwake_0031_795442,83,084.Red_legged_Kittiwake
training/084.Red_legged_Kittiwake/Red_Legged_Kittiwake_0044_795388,83,084.Red_legged_Kittiwake
training/084.Red_legged_Kittiwake/Red_Legged_Kittiwake_0063_795453,83,084.Red_legged_Kittiwake
training/084.Red_legged_Kittiwake/Red_Legged_Kittiwake_0064_795422,83,084.Red_legged_Kittiwake
training/084.Red_legged_Kittiwake/Red_Legged_Kittiwake_0067_795401,83,084.Red_legged_Kittiwake
training/085.Horned_Lark/Horned_Lark_0009_74646,84,085.Horned_Lark
training/085.Horned_Lark/Horned_Lark_0013_74374,84,085.Horned_Lark
training/085.Horned_Lark/Horned_Lark_0035_74555,84,085.Horned_Lark
training/085.Horned_Lark/Horned_Lark_0046_73950,84,085.Horned_Lark
training/085.Horned_Lark/Horned_Lark_0072_74067,84,085.Horned_Lark
training/085.Horned_Lark/Horned_Lark_0088_74590,84,085.Horned_Lark
training/085.Horned_Lark/Horned_Lark_0089_74386,84,085.Horned_Lark
training/085.Horned_Lark/Horned_Lark_0095_74640,84,085.Horned_Lark
training/085.Horned_Lark/Horned_Lark_0116_73840,84,085.Horned_Lark
training/085.Horned_Lark/Horned_Lark_0127_74414,84,085.Horned_Lark
training/086.Pacific_Loon/Pacific_Loon_0021_75859,85,086.Pacific_Loon
training/086.Pacific_Loon/Pacific_Loon_0022_75405,85,086.Pacific_Loon
training/086.Pacific_Loon/Pacific_Loon_0036_75539,85,086.Pacific_Loon
training/086.Pacific_Loon/Pacific_Loon_0037_75800,85,086.Pacific_Loon
training/086.Pacific_Loon/Pacific_Loon_0051_75514,85,086.Pacific_Loon
training/086.Pacific_Loon/Pacific_Loon_0052_75451,85,086.Pacific_Loon
training/086.Pacific_Loon/Pacific_Loon_0057_75854,85,086.Pacific_Loon
training/086.Pacific_Loon/Pacific_Loon_0063_75865,85,086.Pacific_Loon
training/086.Pacific_Loon/Pacific_Loon_0065_75588,85,086.Pacific_Loon
training/086.Pacific_Loon/Pacific_Loon_0066_75547,85,086.Pacific_Loon
training/087.Mallard/Mallard_0013_77619,86,087.Mallard
training/087.Mallard/Mallard_0022_77166,86,087.Mallard
training/087.Mallard/Mallard_0061_76378,86,087.Mallard
training/087.Mallard/Mallard_0077_75911,86,087.Mallard
training/087.Mallard/Mallard_0082_75954,86,087.Mallard
training/087.Mallard/Mallard_0093_77419,86,087.Mallard
training/087.Mallard/Mallard_0095_76080,86,087.Mallard
training/087.Mallard/Mallard_0123_76653,86,087.Mallard
training/087.Mallard/Mallard_0136_76593,86,087.Mallard
training/087.Mallard/Mallard_0141_76977,86,087.Mallard
training/088.Western_Meadowlark/Western_Meadowlark_0013_77712,87,088.Western_Meadowlark
training/088.Western_Meadowlark/Western_Meadowlark_0017_78940,87,088.Western_Meadowlark
training/088.Western_Meadowlark/Western_Meadowlark_0038_77785,87,088.Western_Meadowlark
training/088.Western_Meadowlark/Western_Meadowlark_0042_78180,87,088.Western_Meadowlark
training/088.Western_Meadowlark/Western_Meadowlark_0053_77774,87,088.Western_Meadowlark
training/088.Western_Meadowlark/Western_Meadowlark_0079_78856,87,088.Western_Meadowlark
training/088.Western_Meadowlark/Western_Meadowlark_0097_78239,87,088.Western_Meadowlark
training/088.Western_Meadowlark/Western_Meadowlark_0098_78382,87,088.Western_Meadowlark
training/088.Western_Meadowlark/Western_Meadowlark_0104_78105,87,088.Western_Meadowlark
training/088.Western_Meadowlark/Western_Meadowlark_0118_78820,87,088.Western_Meadowlark
training/089.Hooded_Merganser/Hooded_Merganser_0006_796778,88,089.Hooded_Merganser
training/089.Hooded_Merganser/Hooded_Merganser_0011_796750,88,089.Hooded_Merganser
training/089.Hooded_Merganser/Hooded_Merganser_0015_79132,88,089.Hooded_Merganser
training/089.Hooded_Merganser/Hooded_Merganser_0021_796732,88,089.Hooded_Merganser
training/089.Hooded_Merganser/Hooded_Merganser_0040_78984,88,089.Hooded_Merganser
training/089.Hooded_Merganser/Hooded_Merganser_0057_796742,88,089.Hooded_Merganser
training/089.Hooded_Merganser/Hooded_Merganser_0073_796726,88,089.Hooded_Merganser
training/089.Hooded_Merganser/Hooded_Merganser_0083_796773,88,089.Hooded_Merganser
training/089.Hooded_Merganser/Hooded_Merganser_0085_79146,88,089.Hooded_Merganser
training/089.Hooded_Merganser/Hooded_Merganser_0090_796774,88,089.Hooded_Merganser
training/090.Red_breasted_Merganser/Red_Breasted_Merganser_0013_79301,89,090.Red_breasted_Merganser
training/090.Red_breasted_Merganser/Red_Breasted_Merganser_0016_79476,89,090.Red_breasted_Merganser
training/090.Red_breasted_Merganser/Red_Breasted_Merganser_0022_79274,89,090.Red_breasted_Merganser
training/090.Red_breasted_Merganser/Red_Breasted_Merganser_0023_79477,89,090.Red_breasted_Merganser
training/090.Red_breasted_Merganser/Red_Breasted_Merganser_0044_79321,89,090.Red_breasted_Merganser
training/090.Red_breasted_Merganser/Red_Breasted_Merganser_0047_79486,89,090.Red_breasted_Merganser
training/090.Red_breasted_Merganser/Red_Breasted_Merganser_0049_79432,89,090.Red_breasted_Merganser
training/090.Red_breasted_Merganser/Red_Breasted_Merganser_0063_79238,89,090.Red_breasted_Merganser
training/090.Red_breasted_Merganser/Red_Breasted_Merganser_0076_79312,89,090.Red_breasted_Merganser
training/090.Red_breasted_Merganser/Red_Breasted_Merganser_0080_79488,89,090.Red_breasted_Merganser
training/091.Mockingbird/Mockingbird_0004_81991,90,091.Mockingbird
training/091.Mockingbird/Mockingbird_0010_79955,90,091.Mockingbird
training/091.Mockingbird/Mockingbird_0015_80652,90,091.Mockingbird
training/091.Mockingbird/Mockingbird_0019_81296,90,091.Mockingbird
training/091.Mockingbird/Mockingbird_0047_80819,90,091.Mockingbird
training/091.Mockingbird/Mockingbird_0049_80336,90,091.Mockingbird
training/091.Mockingbird/Mockingbird_0057_79643,90,091.Mockingbird
training/091.Mockingbird/Mockingbird_0069_79760,90,091.Mockingbird
training/091.Mockingbird/Mockingbird_0096_79878,90,091.Mockingbird
training/091.Mockingbird/Mockingbird_0108_81908,90,091.Mockingbird
training/092.Nighthawk/Nighthawk_0004_84011,91,092.Nighthawk
training/092.Nighthawk/Nighthawk_0035_84077,91,092.Nighthawk
training/092.Nighthawk/Nighthawk_0041_82183,91,092.Nighthawk
training/092.Nighthawk/Nighthawk_0043_84039,91,092.Nighthawk
training/092.Nighthawk/Nighthawk_0045_82807,91,092.Nighthawk
training/092.Nighthawk/Nighthawk_0050_84094,91,092.Nighthawk
training/092.Nighthawk/Nighthawk_0051_82619,91,092.Nighthawk
training/092.Nighthawk/Nighthawk_0063_795339,91,092.Nighthawk
training/092.Nighthawk/Nighthawk_0067_795335,91,092.Nighthawk
training/092.Nighthawk/Nighthawk_0083_83647,91,092.Nighthawk
training/093.Clark_Nutcracker/Clark_Nutcracker_0011_85698,92,093.Clark_Nutcracker
training/093.Clark_Nutcracker/Clark_Nutcracker_0013_84791,92,093.Clark_Nutcracker
training/093.Clark_Nutcracker/Clark_Nutcracker_0026_84945,92,093.Clark_Nutcracker
training/093.Clark_Nutcracker/Clark_Nutcracker_0060_84862,92,093.Clark_Nutcracker
training/093.Clark_Nutcracker/Clark_Nutcracker_0063_84869,92,093.Clark_Nutcracker
training/093.Clark_Nutcracker/Clark_Nutcracker_0084_85149,92,093.Clark_Nutcracker
training/093.Clark_Nutcracker/Clark_Nutcracker_0112_85350,92,093.Clark_Nutcracker
training/093.Clark_Nutcracker/Clark_Nutcracker_0117_84912,92,093.Clark_Nutcracker
training/093.Clark_Nutcracker/Clark_Nutcracker_0124_85128,92,093.Clark_Nutcracker
training/093.Clark_Nutcracker/Clark_Nutcracker_0136_85490,92,093.Clark_Nutcracker
training/094.White_breasted_Nuthatch/White_Breasted_Nuthatch_0027_85905,93,094.White_breasted_Nuthatch
training/094.White_breasted_Nuthatch/White_Breasted_Nuthatch_0043_86196,93,094.White_breasted_Nuthatch
training/094.White_breasted_Nuthatch/White_Breasted_Nuthatch_0047_85819,93,094.White_breasted_Nuthatch
training/094.White_breasted_Nuthatch/White_Breasted_Nuthatch_0054_86551,93,094.White_breasted_Nuthatch
training/094.White_breasted_Nuthatch/White_Breasted_Nuthatch_0064_86324,93,094.White_breasted_Nuthatch
training/094.White_breasted_Nuthatch/White_Breasted_Nuthatch_0065_85829,93,094.White_breasted_Nuthatch
training/094.White_breasted_Nuthatch/White_Breasted_Nuthatch_0066_86159,93,094.White_breasted_Nuthatch
training/094.White_breasted_Nuthatch/White_Breasted_Nuthatch_0104_85969,93,094.White_breasted_Nuthatch
training/094.White_breasted_Nuthatch/White_Breasted_Nuthatch_0106_85955,93,094.White_breasted_Nuthatch
training/094.White_breasted_Nuthatch/White_Breasted_Nuthatch_0114_86554,93,094.White_breasted_Nuthatch
training/095.Baltimore_Oriole/Baltimore_Oriole_0007_88038,94,095.Baltimore_Oriole
training/095.Baltimore_Oriole/Baltimore_Oriole_0021_87089,94,095.Baltimore_Oriole
training/095.Baltimore_Oriole/Baltimore_Oriole_0027_87561,94,095.Baltimore_Oriole
training/095.Baltimore_Oriole/Baltimore_Oriole_0050_89750,94,095.Baltimore_Oriole
training/095.Baltimore_Oriole/Baltimore_Oriole_0052_89553,94,095.Baltimore_Oriole
training/095.Baltimore_Oriole/Baltimore_Oriole_0084_89684,94,095.Baltimore_Oriole
training/095.Baltimore_Oriole/Baltimore_Oriole_0100_89908,94,095.Baltimore_Oriole
training/095.Baltimore_Oriole/Baltimore_Oriole_0102_88818,94,095.Baltimore_Oriole
training/095.Baltimore_Oriole/Baltimore_Oriole_0111_87449,94,095.Baltimore_Oriole
training/095.Baltimore_Oriole/Baltimore_Oriole_0119_88022,94,095.Baltimore_Oriole
training/096.Hooded_Oriole/Hooded_Oriole_0013_90445,95,096.Hooded_Oriole
training/096.Hooded_Oriole/Hooded_Oriole_0043_90499,95,096.Hooded_Oriole
training/096.Hooded_Oriole/Hooded_Oriole_0050_90629,95,096.Hooded_Oriole
training/096.Hooded_Oriole/Hooded_Oriole_0054_90849,95,096.Hooded_Oriole
training/096.Hooded_Oriole/Hooded_Oriole_0067_90416,95,096.Hooded_Oriole
training/096.Hooded_Oriole/Hooded_Oriole_0075_90788,95,096.Hooded_Oriole
training/096.Hooded_Oriole/Hooded_Oriole_0104_90264,95,096.Hooded_Oriole
training/096.Hooded_Oriole/Hooded_Oriole_0115_90442,95,096.Hooded_Oriole
training/096.Hooded_Oriole/Hooded_Oriole_0126_90319,95,096.Hooded_Oriole
training/096.Hooded_Oriole/Hooded_Oriole_0130_90422,95,096.Hooded_Oriole
training/097.Orchard_Oriole/Orchard_Oriole_0009_91902,96,097.Orchard_Oriole
training/097.Orchard_Oriole/Orchard_Oriole_0011_91592,96,097.Orchard_Oriole
training/097.Orchard_Oriole/Orchard_Oriole_0034_91825,96,097.Orchard_Oriole
training/097.Orchard_Oriole/Orchard_Oriole_0035_92003,96,097.Orchard_Oriole
training/097.Orchard_Oriole/Orchard_Oriole_0046_91646,96,097.Orchard_Oriole
training/097.Orchard_Oriole/Orchard_Oriole_0048_91393,96,097.Orchard_Oriole
training/097.Orchard_Oriole/Orchard_Oriole_0059_92046,96,097.Orchard_Oriole
training/097.Orchard_Oriole/Orchard_Oriole_0082_91654,96,097.Orchard_Oriole
training/097.Orchard_Oriole/Orchard_Oriole_0092_92128,96,097.Orchard_Oriole
training/097.Orchard_Oriole/Orchard_Oriole_0098_91401,96,097.Orchard_Oriole
training/098.Scott_Oriole/Scott_Oriole_0001_795826,97,098.Scott_Oriole
training/098.Scott_Oriole/Scott_Oriole_0012_795837,97,098.Scott_Oriole
training/098.Scott_Oriole/Scott_Oriole_0025_92207,97,098.Scott_Oriole
training/098.Scott_Oriole/Scott_Oriole_0030_795830,97,098.Scott_Oriole
training/098.Scott_Oriole/Scott_Oriole_0043_795828,97,098.Scott_Oriole
training/098.Scott_Oriole/Scott_Oriole_0064_92321,97,098.Scott_Oriole
training/098.Scott_Oriole/Scott_Oriole_0068_795804,97,098.Scott_Oriole
training/098.Scott_Oriole/Scott_Oriole_0075_795817,97,098.Scott_Oriole
training/098.Scott_Oriole/Scott_Oriole_0077_795831,97,098.Scott_Oriole
training/098.Scott_Oriole/Scott_Oriole_0083_795821,97,098.Scott_Oriole
training/099.Ovenbird/Ovenbird_0011_92451,98,099.Ovenbird
training/099.Ovenbird/Ovenbird_0024_92583,98,099.Ovenbird
training/099.Ovenbird/Ovenbird_0032_93199,98,099.Ovenbird
training/099.Ovenbird/Ovenbird_0050_92672,98,099.Ovenbird
training/099.Ovenbird/Ovenbird_0054_92594,98,099.Ovenbird
training/099.Ovenbird/Ovenbird_0090_93375,98,099.Ovenbird
training/099.Ovenbird/Ovenbird_0096_93131,98,099.Ovenbird
training/099.Ovenbird/Ovenbird_0118_93002,98,099.Ovenbird
training/099.Ovenbird/Ovenbird_0124_93103,98,099.Ovenbird
training/099.Ovenbird/Ovenbird_0136_92859,98,099.Ovenbird
training/100.Brown_Pelican/Brown_Pelican_0011_94683,99,100.Brown_Pelican
training/100.Brown_Pelican/Brown_Pelican_0031_93874,99,100.Brown_Pelican
training/100.Brown_Pelican/Brown_Pelican_0056_95229,99,100.Brown_Pelican
training/100.Brown_Pelican/Brown_Pelican_0071_94549,99,100.Brown_Pelican
training/100.Brown_Pelican/Brown_Pelican_0077_93464,99,100.Brown_Pelican
training/100.Brown_Pelican/Brown_Pelican_0085_95053,99,100.Brown_Pelican
training/100.Brown_Pelican/Brown_Pelican_0111_93872,99,100.Brown_Pelican
training/100.Brown_Pelican/Brown_Pelican_0121_94067,99,100.Brown_Pelican
training/100.Brown_Pelican/Brown_Pelican_0129_94074,99,100.Brown_Pelican
training/100.Brown_Pelican/Brown_Pelican_0131_94464,99,100.Brown_Pelican
training/101.White_Pelican/White_Pelican_0015_96952,100,101.White_Pelican
training/101.White_Pelican/White_Pelican_0026_95832,100,101.White_Pelican
training/101.White_Pelican/White_Pelican_0037_95570,100,101.White_Pelican
training/101.White_Pelican/White_Pelican_0047_97190,100,101.White_Pelican
training/101.White_Pelican/White_Pelican_0050_97913,100,101.White_Pelican
training/101.White_Pelican/White_Pelican_0059_96675,100,101.White_Pelican
training/101.White_Pelican/White_Pelican_0067_95573,100,101.White_Pelican
training/101.White_Pelican/White_Pelican_0068_95635,100,101.White_Pelican
training/101.White_Pelican/White_Pelican_0071_96061,100,101.White_Pelican
training/101.White_Pelican/White_Pelican_0081_96148,100,101.White_Pelican
training/102.Western_Wood_Pewee/Western_Wood_Pewee_0008_795043,101,102.Western_Wood_Pewee
training/102.Western_Wood_Pewee/Western_Wood_Pewee_0012_98031,101,102.Western_Wood_Pewee
training/102.Western_Wood_Pewee/Western_Wood_Pewee_0035_795062,101,102.Western_Wood_Pewee
training/102.Western_Wood_Pewee/Western_Wood_Pewee_0041_795048,101,102.Western_Wood_Pewee
training/102.Western_Wood_Pewee/Western_Wood_Pewee_0047_98274,101,102.Western_Wood_Pewee
training/102.Western_Wood_Pewee/Western_Wood_Pewee_0049_98263,101,102.Western_Wood_Pewee
training/102.Western_Wood_Pewee/Western_Wood_Pewee_0054_97982,101,102.Western_Wood_Pewee
training/102.Western_Wood_Pewee/Western_Wood_Pewee_0059_98262,101,102.Western_Wood_Pewee
training/102.Western_Wood_Pewee/Western_Wood_Pewee_0072_98035,101,102.Western_Wood_Pewee
training/102.Western_Wood_Pewee/Western_Wood_Pewee_0076_98002,101,102.Western_Wood_Pewee
training/103.Sayornis/Sayornis_0012_98881,102,103.Sayornis
training/103.Sayornis/Sayornis_0020_98727,102,103.Sayornis
training/103.Sayornis/Sayornis_0025_98620,102,103.Sayornis
training/103.Sayornis/Sayornis_0036_98323,102,103.Sayornis
training/103.Sayornis/Sayornis_0038_98441,102,103.Sayornis
training/103.Sayornis/Sayornis_0058_98798,102,103.Sayornis
training/103.Sayornis/Sayornis_0086_98829,102,103.Sayornis
training/103.Sayornis/Sayornis_0099_98593,102,103.Sayornis
training/103.Sayornis/Sayornis_0130_98678,102,103.Sayornis
training/103.Sayornis/Sayornis_0133_99129,102,103.Sayornis
training/104.American_Pipit/American_Pipit_0006_99857,103,104.American_Pipit
training/104.American_Pipit/American_Pipit_0008_100390,103,104.American_Pipit
training/104.American_Pipit/American_Pipit_0021_100378,103,104.American_Pipit
training/104.American_Pipit/American_Pipit_0031_99607,103,104.American_Pipit
training/104.American_Pipit/American_Pipit_0037_99954,103,104.American_Pipit
training/104.American_Pipit/American_Pipit_0074_100154,103,104.American_Pipit
training/104.American_Pipit/American_Pipit_0085_100246,103,104.American_Pipit
training/104.American_Pipit/American_Pipit_0089_100260,103,104.American_Pipit
training/104.American_Pipit/American_Pipit_0095_99959,103,104.American_Pipit
training/104.American_Pipit/American_Pipit_0102_99979,103,104.American_Pipit
training/105.Whip_poor_Will/Whip_Poor_Will_0001_796411,104,105.Whip_poor_Will
training/105.Whip_poor_Will/Whip_Poor_Will_0007_796431,104,105.Whip_poor_Will
training/105.Whip_poor_Will/Whip_Poor_Will_0008_796420,104,105.Whip_poor_Will
training/105.Whip_poor_Will/Whip_Poor_Will_0009_796423,104,105.Whip_poor_Will
training/105.Whip_poor_Will/Whip_Poor_Will_0013_796439,104,105.Whip_poor_Will
training/105.Whip_poor_Will/Whip_Poor_Will_0018_796403,104,105.Whip_poor_Will
training/105.Whip_poor_Will/Whip_Poor_Will_0035_796430,104,105.Whip_poor_Will
training/105.Whip_poor_Will/Whip_Poor_Will_0038_100443,104,105.Whip_poor_Will
training/105.Whip_poor_Will/Whip_Poor_Will_0040_100482,104,105.Whip_poor_Will
training/105.Whip_poor_Will/Whip_Poor_Will_0048_796417,104,105.Whip_poor_Will
training/106.Horned_Puffin/Horned_Puffin_0001_100973,105,106.Horned_Puffin
training/106.Horned_Puffin/Horned_Puffin_0012_100763,105,106.Horned_Puffin
training/106.Horned_Puffin/Horned_Puffin_0016_100993,105,106.Horned_Puffin
training/106.Horned_Puffin/Horned_Puffin_0028_100765,105,106.Horned_Puffin
training/106.Horned_Puffin/Horned_Puffin_0034_100895,105,106.Horned_Puffin
training/106.Horned_Puffin/Horned_Puffin_0042_100760,105,106.Horned_Puffin
training/106.Horned_Puffin/Horned_Puffin_0046_100785,105,106.Horned_Puffin
training/106.Horned_Puffin/Horned_Puffin_0052_100977,105,106.Horned_Puffin
training/106.Horned_Puffin/Horned_Puffin_0062_100693,105,106.Horned_Puffin
training/106.Horned_Puffin/Horned_Puffin_0067_100737,105,106.Horned_Puffin
training/107.Common_Raven/Common_Raven_0001_101213,106,107.Common_Raven
training/107.Common_Raven/Common_Raven_0029_102039,106,107.Common_Raven
training/107.Common_Raven/Common_Raven_0037_101096,106,107.Common_Raven
training/107.Common_Raven/Common_Raven_0057_101324,106,107.Common_Raven
training/107.Common_Raven/Common_Raven_0061_102519,106,107.Common_Raven
training/107.Common_Raven/Common_Raven_0062_101448,106,107.Common_Raven
training/107.Common_Raven/Common_Raven_0069_101825,106,107.Common_Raven
training/107.Common_Raven/Common_Raven_0086_101221,106,107.Common_Raven
training/107.Common_Raven/Common_Raven_0117_101833,106,107.Common_Raven
training/107.Common_Raven/Common_Raven_0119_101595,106,107.Common_Raven
training/108.White_necked_Raven/White_Necked_Raven_0001_797384,107,108.White_necked_Raven
training/108.White_necked_Raven/White_Necked_Raven_0003_797376,107,108.White_necked_Raven
training/108.White_necked_Raven/White_Necked_Raven_0007_102676,107,108.White_necked_Raven
training/108.White_necked_Raven/White_Necked_Raven_0018_102746,107,108.White_necked_Raven
training/108.White_necked_Raven/White_Necked_Raven_0042_797356,107,108.White_necked_Raven
training/108.White_necked_Raven/White_Necked_Raven_0044_797348,107,108.White_necked_Raven
training/108.White_necked_Raven/White_Necked_Raven_0045_797381,107,108.White_necked_Raven
training/108.White_necked_Raven/White_Necked_Raven_0050_797374,107,108.White_necked_Raven
training/108.White_necked_Raven/White_Necked_Raven_0067_102630,107,108.White_necked_Raven
training/108.White_necked_Raven/White_Necked_Raven_0072_797391,107,108.White_necked_Raven
training/109.American_Redstart/American_Redstart_0009_103974,108,109.American_Redstart
training/109.American_Redstart/American_Redstart_0031_102890,108,109.American_Redstart
training/109.American_Redstart/American_Redstart_0049_103176,108,109.American_Redstart
training/109.American_Redstart/American_Redstart_0056_103241,108,109.American_Redstart
training/109.American_Redstart/American_Redstart_0077_104042,108,109.American_Redstart
training/109.American_Redstart/American_Redstart_0087_103371,108,109.American_Redstart
training/109.American_Redstart/American_Redstart_0096_102853,108,109.American_Redstart
training/109.American_Redstart/American_Redstart_0108_103686,108,109.American_Redstart
training/109.American_Redstart/American_Redstart_0109_103795,108,109.American_Redstart
training/109.American_Redstart/American_Redstart_0128_102983,108,109.American_Redstart
training/110.Geococcyx/Geococcyx_0005_104187,109,110.Geococcyx
training/110.Geococcyx/Geococcyx_0006_104523,109,110.Geococcyx
training/110.Geococcyx/Geococcyx_0041_104273,109,110.Geococcyx
training/110.Geococcyx/Geococcyx_0047_104259,109,110.Geococcyx
training/110.Geococcyx/Geococcyx_0068_104149,109,110.Geococcyx
training/110.Geococcyx/Geococcyx_0096_104369,109,110.Geococcyx
training/110.Geococcyx/Geococcyx_0110_104163,109,110.Geococcyx
training/110.Geococcyx/Geococcyx_0114_104136,109,110.Geococcyx
training/110.Geococcyx/Geococcyx_0124_104141,109,110.Geococcyx
training/110.Geococcyx/Geococcyx_0131_104300,109,110.Geococcyx
training/111.Loggerhead_Shrike/Loggerhead_Shrike_0032_106521,110,111.Loggerhead_Shrike
training/111.Loggerhead_Shrike/Loggerhead_Shrike_0046_104998,110,111.Loggerhead_Shrike
training/111.Loggerhead_Shrike/Loggerhead_Shrike_0048_106215,110,111.Loggerhead_Shrike
training/111.Loggerhead_Shrike/Loggerhead_Shrike_0071_105040,110,111.Loggerhead_Shrike
training/111.Loggerhead_Shrike/Loggerhead_Shrike_0073_106097,110,111.Loggerhead_Shrike
training/111.Loggerhead_Shrike/Loggerhead_Shrike_0084_105919,110,111.Loggerhead_Shrike
training/111.Loggerhead_Shrike/Loggerhead_Shrike_0090_106461,110,111.Loggerhead_Shrike
training/111.Loggerhead_Shrike/Loggerhead_Shrike_0100_105106,110,111.Loggerhead_Shrike
training/111.Loggerhead_Shrike/Loggerhead_Shrike_0116_105286,110,111.Loggerhead_Shrike
training/111.Loggerhead_Shrike/Loggerhead_Shrike_0129_106389,110,111.Loggerhead_Shrike
training/112.Great_Grey_Shrike/Great_Grey_Shrike_0016_106720,111,112.Great_Grey_Shrike
training/112.Great_Grey_Shrike/Great_Grey_Shrike_0018_106776,111,112.Great_Grey_Shrike
training/112.Great_Grey_Shrike/Great_Grey_Shrike_0029_106668,111,112.Great_Grey_Shrike
training/112.Great_Grey_Shrike/Great_Grey_Shrike_0032_797021,111,112.Great_Grey_Shrike
training/112.Great_Grey_Shrike/Great_Grey_Shrike_0054_106768,111,112.Great_Grey_Shrike
training/112.Great_Grey_Shrike/Great_Grey_Shrike_0056_106752,111,112.Great_Grey_Shrike
training/112.Great_Grey_Shrike/Great_Grey_Shrike_0064_106778,111,112.Great_Grey_Shrike
training/112.Great_Grey_Shrike/Great_Grey_Shrike_0076_797050,111,112.Great_Grey_Shrike
training/112.Great_Grey_Shrike/Great_Grey_Shrike_0083_797051,111,112.Great_Grey_Shrike
training/112.Great_Grey_Shrike/Great_Grey_Shrike_0089_797036,111,112.Great_Grey_Shrike
training/113.Baird_Sparrow/Baird_Sparrow_0002_794551,112,113.Baird_Sparrow
training/113.Baird_Sparrow/Baird_Sparrow_0010_794575,112,113.Baird_Sparrow
training/113.Baird_Sparrow/Baird_Sparrow_0016_794556,112,113.Baird_Sparrow
training/113.Baird_Sparrow/Baird_Sparrow_0025_794564,112,113.Baird_Sparrow
training/113.Baird_Sparrow/Baird_Sparrow_0028_794557,112,113.Baird_Sparrow
training/113.Baird_Sparrow/Baird_Sparrow_0029_794583,112,113.Baird_Sparrow
training/113.Baird_Sparrow/Baird_Sparrow_0034_794589,112,113.Baird_Sparrow
training/113.Baird_Sparrow/Baird_Sparrow_0039_794591,112,113.Baird_Sparrow
training/113.Baird_Sparrow/Baird_Sparrow_0047_787318,112,113.Baird_Sparrow
training/113.Baird_Sparrow/Baird_Sparrow_0049_787324,112,113.Baird_Sparrow
training/114.Black_throated_Sparrow/Black_Throated_Sparrow_0001_107233,113,114.Black_throated_Sparrow
training/114.Black_throated_Sparrow/Black_Throated_Sparrow_0020_106971,113,114.Black_throated_Sparrow
training/114.Black_throated_Sparrow/Black_Throated_Sparrow_0023_107104,113,114.Black_throated_Sparrow
training/114.Black_throated_Sparrow/Black_Throated_Sparrow_0033_107042,113,114.Black_throated_Sparrow
training/114.Black_throated_Sparrow/Black_Throated_Sparrow_0046_107339,113,114.Black_throated_Sparrow
training/114.Black_throated_Sparrow/Black_Throated_Sparrow_0065_107087,113,114.Black_throated_Sparrow
training/114.Black_throated_Sparrow/Black_Throated_Sparrow_0078_107298,113,114.Black_throated_Sparrow
training/114.Black_throated_Sparrow/Black_Throated_Sparrow_0088_107220,113,114.Black_throated_Sparrow
training/114.Black_throated_Sparrow/Black_Throated_Sparrow_0091_107346,113,114.Black_throated_Sparrow
training/114.Black_throated_Sparrow/Black_Throated_Sparrow_0102_107243,113,114.Black_throated_Sparrow
training/115.Brewer_Sparrow/Brewer_Sparrow_0019_107452,114,115.Brewer_Sparrow
training/115.Brewer_Sparrow/Brewer_Sparrow_0022_107440,114,115.Brewer_Sparrow
training/115.Brewer_Sparrow/Brewer_Sparrow_0028_107467,114,115.Brewer_Sparrow
training/115.Brewer_Sparrow/Brewer_Sparrow_0032_796702,114,115.Brewer_Sparrow
training/115.Brewer_Sparrow/Brewer_Sparrow_0049_796705,114,115.Brewer_Sparrow
training/115.Brewer_Sparrow/Brewer_Sparrow_0060_107391,114,115.Brewer_Sparrow
training/115.Brewer_Sparrow/Brewer_Sparrow_0063_796714,114,115.Brewer_Sparrow
training/115.Brewer_Sparrow/Brewer_Sparrow_0066_107510,114,115.Brewer_Sparrow
training/115.Brewer_Sparrow/Brewer_Sparrow_0069_796709,114,115.Brewer_Sparrow
training/115.Brewer_Sparrow/Brewer_Sparrow_0074_107408,114,115.Brewer_Sparrow
training/116.Chipping_Sparrow/Chipping_Sparrow_0005_108931,115,116.Chipping_Sparrow
training/116.Chipping_Sparrow/Chipping_Sparrow_0010_109760,115,116.Chipping_Sparrow
training/116.Chipping_Sparrow/Chipping_Sparrow_0011_108081,115,116.Chipping_Sparrow
training/116.Chipping_Sparrow/Chipping_Sparrow_0023_108684,115,116.Chipping_Sparrow
training/116.Chipping_Sparrow/Chipping_Sparrow_0025_108653,115,116.Chipping_Sparrow
training/116.Chipping_Sparrow/Chipping_Sparrow_0030_109741,115,116.Chipping_Sparrow
training/116.Chipping_Sparrow/Chipping_Sparrow_0033_109069,115,116.Chipping_Sparrow
training/116.Chipping_Sparrow/Chipping_Sparrow_0039_107864,115,116.Chipping_Sparrow
training/116.Chipping_Sparrow/Chipping_Sparrow_0071_108735,115,116.Chipping_Sparrow
training/116.Chipping_Sparrow/Chipping_Sparrow_0080_108685,115,116.Chipping_Sparrow
training/117.Clay_colored_Sparrow/Clay_Colored_Sparrow_0033_797255,116,117.Clay_colored_Sparrow
training/117.Clay_colored_Sparrow/Clay_Colored_Sparrow_0043_110685,116,117.Clay_colored_Sparrow
training/117.Clay_colored_Sparrow/Clay_Colored_Sparrow_0054_110948,116,117.Clay_colored_Sparrow
training/117.Clay_colored_Sparrow/Clay_Colored_Sparrow_0056_110848,116,117.Clay_colored_Sparrow
training/117.Clay_colored_Sparrow/Clay_Colored_Sparrow_0061_110830,116,117.Clay_colored_Sparrow
training/117.Clay_colored_Sparrow/Clay_Colored_Sparrow_0064_110664,116,117.Clay_colored_Sparrow
training/117.Clay_colored_Sparrow/Clay_Colored_Sparrow_0081_110682,116,117.Clay_colored_Sparrow
training/117.Clay_colored_Sparrow/Clay_Colored_Sparrow_0087_110946,116,117.Clay_colored_Sparrow
training/117.Clay_colored_Sparrow/Clay_Colored_Sparrow_0098_110735,116,117.Clay_colored_Sparrow
training/117.Clay_colored_Sparrow/Clay_Colored_Sparrow_0105_110547,116,117.Clay_colored_Sparrow
training/118.House_Sparrow/House_Sparrow_0006_111034,117,118.House_Sparrow
training/118.House_Sparrow/House_Sparrow_0008_111204,117,118.House_Sparrow
training/118.House_Sparrow/House_Sparrow_0073_112745,117,118.House_Sparrow
training/118.House_Sparrow/House_Sparrow_0074_111997,117,118.House_Sparrow
training/118.House_Sparrow/House_Sparrow_0080_111099,117,118.House_Sparrow
training/118.House_Sparrow/House_Sparrow_0092_111413,117,118.House_Sparrow
training/118.House_Sparrow/House_Sparrow_0111_112968,117,118.House_Sparrow
training/118.House_Sparrow/House_Sparrow_0133_112368,117,118.House_Sparrow
training/118.House_Sparrow/House_Sparrow_0137_111219,117,118.House_Sparrow
training/118.House_Sparrow/House_Sparrow_0144_113216,117,118.House_Sparrow
training/119.Field_Sparrow/Field_Sparrow_0013_113599,118,119.Field_Sparrow
training/119.Field_Sparrow/Field_Sparrow_0029_113434,118,119.Field_Sparrow
training/119.Field_Sparrow/Field_Sparrow_0043_113607,118,119.Field_Sparrow
training/119.Field_Sparrow/Field_Sparrow_0066_114109,118,119.Field_Sparrow
training/119.Field_Sparrow/Field_Sparrow_0095_113842,118,119.Field_Sparrow
training/119.Field_Sparrow/Field_Sparrow_0100_113503,118,119.Field_Sparrow
training/119.Field_Sparrow/Field_Sparrow_0106_113350,118,119.Field_Sparrow
training/119.Field_Sparrow/Field_Sparrow_0111_113899,118,119.Field_Sparrow
training/119.Field_Sparrow/Field_Sparrow_0121_113455,118,119.Field_Sparrow
training/119.Field_Sparrow/Field_Sparrow_0130_113846,118,119.Field_Sparrow
training/120.Fox_Sparrow/Fox_Sparrow_0010_114728,119,120.Fox_Sparrow
training/120.Fox_Sparrow/Fox_Sparrow_0012_115324,119,120.Fox_Sparrow
training/120.Fox_Sparrow/Fox_Sparrow_0063_114350,119,120.Fox_Sparrow
training/120.Fox_Sparrow/Fox_Sparrow_0078_114582,119,120.Fox_Sparrow
training/120.Fox_Sparrow/Fox_Sparrow_0092_114774,119,120.Fox_Sparrow
training/120.Fox_Sparrow/Fox_Sparrow_0109_114859,119,120.Fox_Sparrow
training/120.Fox_Sparrow/Fox_Sparrow_0110_115172,119,120.Fox_Sparrow
training/120.Fox_Sparrow/Fox_Sparrow_0113_114389,119,120.Fox_Sparrow
training/120.Fox_Sparrow/Fox_Sparrow_0116_115311,119,120.Fox_Sparrow
training/120.Fox_Sparrow/Fox_Sparrow_0119_115512,119,120.Fox_Sparrow
training/121.Grasshopper_Sparrow/Grasshopper_Sparrow_0001_115938,120,121.Grasshopper_Sparrow
training/121.Grasshopper_Sparrow/Grasshopper_Sparrow_0014_116129,120,121.Grasshopper_Sparrow
training/121.Grasshopper_Sparrow/Grasshopper_Sparrow_0018_116056,120,121.Grasshopper_Sparrow
training/121.Grasshopper_Sparrow/Grasshopper_Sparrow_0035_116049,120,121.Grasshopper_Sparrow
training/121.Grasshopper_Sparrow/Grasshopper_Sparrow_0038_115704,120,121.Grasshopper_Sparrow
training/121.Grasshopper_Sparrow/Grasshopper_Sparrow_0068_115799,120,121.Grasshopper_Sparrow
training/121.Grasshopper_Sparrow/Grasshopper_Sparrow_0070_115645,120,121.Grasshopper_Sparrow
training/121.Grasshopper_Sparrow/Grasshopper_Sparrow_0072_115663,120,121.Grasshopper_Sparrow
training/121.Grasshopper_Sparrow/Grasshopper_Sparrow_0081_116326,120,121.Grasshopper_Sparrow
training/121.Grasshopper_Sparrow/Grasshopper_Sparrow_0110_115644,120,121.Grasshopper_Sparrow
training/122.Harris_Sparrow/Harris_Sparrow_0005_116694,121,122.Harris_Sparrow
training/122.Harris_Sparrow/Harris_Sparrow_0006_116364,121,122.Harris_Sparrow
training/122.Harris_Sparrow/Harris_Sparrow_0011_116597,121,122.Harris_Sparrow
training/122.Harris_Sparrow/Harris_Sparrow_0018_116402,121,122.Harris_Sparrow
training/122.Harris_Sparrow/Harris_Sparrow_0024_116480,121,122.Harris_Sparrow
training/122.Harris_Sparrow/Harris_Sparrow_0027_116687,121,122.Harris_Sparrow
training/122.Harris_Sparrow/Harris_Sparrow_0038_116610,121,122.Harris_Sparrow
training/122.Harris_Sparrow/Harris_Sparrow_0072_116662,121,122.Harris_Sparrow
training/122.Harris_Sparrow/Harris_Sparrow_0073_116577,121,122.Harris_Sparrow
training/122.Harris_Sparrow/Harris_Sparrow_0081_116574,121,122.Harris_Sparrow
training/123.Henslow_Sparrow/Henslow_Sparrow_0009_796611,122,123.Henslow_Sparrow
training/123.Henslow_Sparrow/Henslow_Sparrow_0018_116834,122,123.Henslow_Sparrow
training/123.Henslow_Sparrow/Henslow_Sparrow_0023_796582,122,123.Henslow_Sparrow
training/123.Henslow_Sparrow/Henslow_Sparrow_0031_796594,122,123.Henslow_Sparrow
training/123.Henslow_Sparrow/Henslow_Sparrow_0042_796595,122,123.Henslow_Sparrow
training/123.Henslow_Sparrow/Henslow_Sparrow_0064_796573,122,123.Henslow_Sparrow
training/123.Henslow_Sparrow/Henslow_Sparrow_0069_116832,122,123.Henslow_Sparrow
training/123.Henslow_Sparrow/Henslow_Sparrow_0076_116810,122,123.Henslow_Sparrow
training/123.Henslow_Sparrow/Henslow_Sparrow_0096_116758,122,123.Henslow_Sparrow
training/123.Henslow_Sparrow/Henslow_Sparrow_0098_796601,122,123.Henslow_Sparrow
training/124.Le_Conte_Sparrow/Le_Conte_Sparrow_0003_795175,123,124.Le_Conte_Sparrow
training/124.Le_Conte_Sparrow/Le_Conte_Sparrow_0015_795152,123,124.Le_Conte_Sparrow
training/124.Le_Conte_Sparrow/Le_Conte_Sparrow_0032_795186,123,124.Le_Conte_Sparrow
training/124.Le_Conte_Sparrow/Le_Conte_Sparrow_0055_117036,123,124.Le_Conte_Sparrow
training/124.Le_Conte_Sparrow/Le_Conte_Sparrow_0056_795178,123,124.Le_Conte_Sparrow
training/124.Le_Conte_Sparrow/Le_Conte_Sparrow_0058_795181,123,124.Le_Conte_Sparrow
training/124.Le_Conte_Sparrow/Le_Conte_Sparrow_0068_795180,123,124.Le_Conte_Sparrow
training/124.Le_Conte_Sparrow/Le_Conte_Sparrow_0075_795234,123,124.Le_Conte_Sparrow
training/124.Le_Conte_Sparrow/Le_Conte_Sparrow_0081_795215,123,124.Le_Conte_Sparrow
training/124.Le_Conte_Sparrow/Le_Conte_Sparrow_0089_795154,123,124.Le_Conte_Sparrow
training/125.Lincoln_Sparrow/Lincoln_Sparrow_0040_117721,124,125.Lincoln_Sparrow
training/125.Lincoln_Sparrow/Lincoln_Sparrow_0046_117405,124,125.Lincoln_Sparrow
training/125.Lincoln_Sparrow/Lincoln_Sparrow_0050_117744,124,125.Lincoln_Sparrow
training/125.Lincoln_Sparrow/Lincoln_Sparrow_0059_117271,124,125.Lincoln_Sparrow
training/125.Lincoln_Sparrow/Lincoln_Sparrow_0070_117342,124,125.Lincoln_Sparrow
training/125.Lincoln_Sparrow/Lincoln_Sparrow_0072_117951,124,125.Lincoln_Sparrow
training/125.Lincoln_Sparrow/Lincoln_Sparrow_0079_117919,124,125.Lincoln_Sparrow
training/125.Lincoln_Sparrow/Lincoln_Sparrow_0088_117634,124,125.Lincoln_Sparrow
training/125.Lincoln_Sparrow/Lincoln_Sparrow_0090_117857,124,125.Lincoln_Sparrow
training/125.Lincoln_Sparrow/Lincoln_Sparrow_0128_117851,124,125.Lincoln_Sparrow
training/126.Nelson_Sharp_tailed_Sparrow/Nelson_Sharp_Tailed_Sparrow_0002_796908,125,126.Nelson_Sharp_tailed_Sparrow
training/126.Nelson_Sharp_tailed_Sparrow/Nelson_Sharp_Tailed_Sparrow_0017_796910,125,126.Nelson_Sharp_tailed_Sparrow
training/126.Nelson_Sharp_tailed_Sparrow/Nelson_Sharp_Tailed_Sparrow_0018_118011,125,126.Nelson_Sharp_tailed_Sparrow
training/126.Nelson_Sharp_tailed_Sparrow/Nelson_Sharp_Tailed_Sparrow_0019_118066,125,126.Nelson_Sharp_tailed_Sparrow
training/126.Nelson_Sharp_tailed_Sparrow/Nelson_Sharp_Tailed_Sparrow_0022_796905,125,126.Nelson_Sharp_tailed_Sparrow
training/126.Nelson_Sharp_tailed_Sparrow/Nelson_Sharp_Tailed_Sparrow_0023_796899,125,126.Nelson_Sharp_tailed_Sparrow
training/126.Nelson_Sharp_tailed_Sparrow/Nelson_Sharp_Tailed_Sparrow_0038_796920,125,126.Nelson_Sharp_tailed_Sparrow
training/126.Nelson_Sharp_tailed_Sparrow/Nelson_Sharp_Tailed_Sparrow_0042_796911,125,126.Nelson_Sharp_tailed_Sparrow
training/126.Nelson_Sharp_tailed_Sparrow/Nelson_Sharp_Tailed_Sparrow_0051_796902,125,126.Nelson_Sharp_tailed_Sparrow
training/126.Nelson_Sharp_tailed_Sparrow/Nelson_Sharp_Tailed_Sparrow_0062_796919,125,126.Nelson_Sharp_tailed_Sparrow
training/127.Savannah_Sparrow/Savannah_Sparrow_0014_120072,126,127.Savannah_Sparrow
training/127.Savannah_Sparrow/Savannah_Sparrow_0021_118886,126,127.Savannah_Sparrow
training/127.Savannah_Sparrow/Savannah_Sparrow_0049_119596,126,127.Savannah_Sparrow
training/127.Savannah_Sparrow/Savannah_Sparrow_0054_120057,126,127.Savannah_Sparrow
training/127.Savannah_Sparrow/Savannah_Sparrow_0068_119972,126,127.Savannah_Sparrow
training/127.Savannah_Sparrow/Savannah_Sparrow_0094_119040,126,127.Savannah_Sparrow
training/127.Savannah_Sparrow/Savannah_Sparrow_0107_119671,126,127.Savannah_Sparrow
training/127.Savannah_Sparrow/Savannah_Sparrow_0116_118108,126,127.Savannah_Sparrow
training/127.Savannah_Sparrow/Savannah_Sparrow_0118_118603,126,127.Savannah_Sparrow
training/127.Savannah_Sparrow/Savannah_Sparrow_0124_118820,126,127.Savannah_Sparrow
training/128.Seaside_Sparrow/Seaside_Sparrow_0001_120720,127,128.Seaside_Sparrow
training/128.Seaside_Sparrow/Seaside_Sparrow_0012_120732,127,128.Seaside_Sparrow
training/128.Seaside_Sparrow/Seaside_Sparrow_0015_796500,127,128.Seaside_Sparrow
training/128.Seaside_Sparrow/Seaside_Sparrow_0028_120766,127,128.Seaside_Sparrow
training/128.Seaside_Sparrow/Seaside_Sparrow_0039_796530,127,128.Seaside_Sparrow
training/128.Seaside_Sparrow/Seaside_Sparrow_0042_796528,127,128.Seaside_Sparrow
training/128.Seaside_Sparrow/Seaside_Sparrow_0046_120768,127,128.Seaside_Sparrow
training/128.Seaside_Sparrow/Seaside_Sparrow_0051_796522,127,128.Seaside_Sparrow
training/128.Seaside_Sparrow/Seaside_Sparrow_0064_120813,127,128.Seaside_Sparrow
training/128.Seaside_Sparrow/Seaside_Sparrow_0066_120791,127,128.Seaside_Sparrow
training/129.Song_Sparrow/Song_Sparrow_0007_121133,128,129.Song_Sparrow
training/129.Song_Sparrow/Song_Sparrow_0010_121331,128,129.Song_Sparrow
training/129.Song_Sparrow/Song_Sparrow_0013_121056,128,129.Song_Sparrow
training/129.Song_Sparrow/Song_Sparrow_0042_121314,128,129.Song_Sparrow
training/129.Song_Sparrow/Song_Sparrow_0055_121158,128,129.Song_Sparrow
training/129.Song_Sparrow/Song_Sparrow_0086_121999,128,129.Song_Sparrow
training/129.Song_Sparrow/Song_Sparrow_0088_121615,128,129.Song_Sparrow
training/129.Song_Sparrow/Song_Sparrow_0110_120872,128,129.Song_Sparrow
training/129.Song_Sparrow/Song_Sparrow_0121_121203,128,129.Song_Sparrow
training/129.Song_Sparrow/Song_Sparrow_0125_122435,128,129.Song_Sparrow
training/130.Tree_Sparrow/Tree_Sparrow_0018_123574,129,130.Tree_Sparrow
training/130.Tree_Sparrow/Tree_Sparrow_0022_123496,129,130.Tree_Sparrow
training/130.Tree_Sparrow/Tree_Sparrow_0034_123799,129,130.Tree_Sparrow
training/130.Tree_Sparrow/Tree_Sparrow_0035_123211,129,130.Tree_Sparrow
training/130.Tree_Sparrow/Tree_Sparrow_0052_123869,129,130.Tree_Sparrow
training/130.Tree_Sparrow/Tree_Sparrow_0057_123665,129,130.Tree_Sparrow
training/130.Tree_Sparrow/Tree_Sparrow_0081_124348,129,130.Tree_Sparrow
training/130.Tree_Sparrow/Tree_Sparrow_0101_124104,129,130.Tree_Sparrow
training/130.Tree_Sparrow/Tree_Sparrow_0119_124114,129,130.Tree_Sparrow
training/130.Tree_Sparrow/Tree_Sparrow_0121_124296,129,130.Tree_Sparrow
training/131.Vesper_Sparrow/Vesper_Sparrow_0005_125440,130,131.Vesper_Sparrow
training/131.Vesper_Sparrow/Vesper_Sparrow_0013_109937,130,131.Vesper_Sparrow
training/131.Vesper_Sparrow/Vesper_Sparrow_0019_125558,130,131.Vesper_Sparrow
training/131.Vesper_Sparrow/Vesper_Sparrow_0041_125458,130,131.Vesper_Sparrow
training/131.Vesper_Sparrow/Vesper_Sparrow_0066_125619,130,131.Vesper_Sparrow
training/131.Vesper_Sparrow/Vesper_Sparrow_0070_125555,130,131.Vesper_Sparrow
training/131.Vesper_Sparrow/Vesper_Sparrow_0076_125737,130,131.Vesper_Sparrow
training/131.Vesper_Sparrow/Vesper_Sparrow_0084_125532,130,131.Vesper_Sparrow
training/131.Vesper_Sparrow/Vesper_Sparrow_0090_125690,130,131.Vesper_Sparrow
training/131.Vesper_Sparrow/Vesper_Sparrow_0094_125602,130,131.Vesper_Sparrow
training/132.White_crowned_Sparrow/White_Crowned_Sparrow_0010_127651,131,132.White_crowned_Sparrow
training/132.White_crowned_Sparrow/White_Crowned_Sparrow_0029_127503,131,132.White_crowned_Sparrow
training/132.White_crowned_Sparrow/White_Crowned_Sparrow_0057_127927,131,132.White_crowned_Sparrow
training/132.White_crowned_Sparrow/White_Crowned_Sparrow_0061_126315,131,132.White_crowned_Sparrow
training/132.White_crowned_Sparrow/White_Crowned_Sparrow_0078_127603,131,132.White_crowned_Sparrow
training/132.White_crowned_Sparrow/White_Crowned_Sparrow_0101_127058,131,132.White_crowned_Sparrow
training/132.White_crowned_Sparrow/White_Crowned_Sparrow_0105_126818,131,132.White_crowned_Sparrow
training/132.White_crowned_Sparrow/White_Crowned_Sparrow_0114_127027,131,132.White_crowned_Sparrow
training/132.White_crowned_Sparrow/White_Crowned_Sparrow_0115_126027,131,132.White_crowned_Sparrow
training/132.White_crowned_Sparrow/White_Crowned_Sparrow_0119_126932,131,132.White_crowned_Sparrow
training/133.White_throated_Sparrow/White_Throated_Sparrow_0015_129138,132,133.White_throated_Sparrow
training/133.White_throated_Sparrow/White_Throated_Sparrow_0028_129118,132,133.White_throated_Sparrow
training/133.White_throated_Sparrow/White_Throated_Sparrow_0034_129054,132,133.White_throated_Sparrow
training/133.White_throated_Sparrow/White_Throated_Sparrow_0042_128899,132,133.White_throated_Sparrow
training/133.White_throated_Sparrow/White_Throated_Sparrow_0097_128967,132,133.White_throated_Sparrow
training/133.White_throated_Sparrow/White_Throated_Sparrow_0113_128936,132,133.White_throated_Sparrow
training/133.White_throated_Sparrow/White_Throated_Sparrow_0118_129084,132,133.White_throated_Sparrow
training/133.White_throated_Sparrow/White_Throated_Sparrow_0119_128827,132,133.White_throated_Sparrow
training/133.White_throated_Sparrow/White_Throated_Sparrow_0123_129009,132,133.White_throated_Sparrow
training/133.White_throated_Sparrow/White_Throated_Sparrow_0128_128956,132,133.White_throated_Sparrow
training/134.Cape_Glossy_Starling/Cape_Glossy_Starling_0017_129337,133,134.Cape_Glossy_Starling
training/134.Cape_Glossy_Starling/Cape_Glossy_Starling_0024_129384,133,134.Cape_Glossy_Starling
training/134.Cape_Glossy_Starling/Cape_Glossy_Starling_0034_129455,133,134.Cape_Glossy_Starling
training/134.Cape_Glossy_Starling/Cape_Glossy_Starling_0039_129469,133,134.Cape_Glossy_Starling
training/134.Cape_Glossy_Starling/Cape_Glossy_Starling_0042_129385,133,134.Cape_Glossy_Starling
training/134.Cape_Glossy_Starling/Cape_Glossy_Starling_0054_129440,133,134.Cape_Glossy_Starling
training/134.Cape_Glossy_Starling/Cape_Glossy_Starling_0067_129380,133,134.Cape_Glossy_Starling
training/134.Cape_Glossy_Starling/Cape_Glossy_Starling_0080_129362,133,134.Cape_Glossy_Starling
training/134.Cape_Glossy_Starling/Cape_Glossy_Starling_0088_129437,133,134.Cape_Glossy_Starling
training/134.Cape_Glossy_Starling/Cape_Glossy_Starling_0091_129470,133,134.Cape_Glossy_Starling
training/135.Bank_Swallow/Bank_Swallow_0003_129623,134,135.Bank_Swallow
training/135.Bank_Swallow/Bank_Swallow_0015_129853,134,135.Bank_Swallow
training/135.Bank_Swallow/Bank_Swallow_0024_129779,134,135.Bank_Swallow
training/135.Bank_Swallow/Bank_Swallow_0044_129687,134,135.Bank_Swallow
training/135.Bank_Swallow/Bank_Swallow_0048_129546,134,135.Bank_Swallow
training/135.Bank_Swallow/Bank_Swallow_0053_129501,134,135.Bank_Swallow
training/135.Bank_Swallow/Bank_Swallow_0054_129743,134,135.Bank_Swallow
training/135.Bank_Swallow/Bank_Swallow_0064_129816,134,135.Bank_Swallow
training/135.Bank_Swallow/Bank_Swallow_0066_129559,134,135.Bank_Swallow
training/135.Bank_Swallow/Bank_Swallow_0068_129806,134,135.Bank_Swallow
training/136.Barn_Swallow/Barn_Swallow_0005_130591,135,136.Barn_Swallow
training/136.Barn_Swallow/Barn_Swallow_0016_130678,135,136.Barn_Swallow
training/136.Barn_Swallow/Barn_Swallow_0017_132951,135,136.Barn_Swallow
training/136.Barn_Swallow/Barn_Swallow_0021_130367,135,136.Barn_Swallow
training/136.Barn_Swallow/Barn_Swallow_0026_132386,135,136.Barn_Swallow
training/136.Barn_Swallow/Barn_Swallow_0045_130244,135,136.Barn_Swallow
training/136.Barn_Swallow/Barn_Swallow_0056_132916,135,136.Barn_Swallow
training/136.Barn_Swallow/Barn_Swallow_0064_132688,135,136.Barn_Swallow
training/136.Barn_Swallow/Barn_Swallow_0069_130368,135,136.Barn_Swallow
training/136.Barn_Swallow/Barn_Swallow_0084_130800,135,136.Barn_Swallow
training/137.Cliff_Swallow/Cliff_Swallow_0023_134314,136,137.Cliff_Swallow
training/137.Cliff_Swallow/Cliff_Swallow_0028_132365,136,137.Cliff_Swallow
training/137.Cliff_Swallow/Cliff_Swallow_0044_133927,136,137.Cliff_Swallow
training/137.Cliff_Swallow/Cliff_Swallow_0054_133287,136,137.Cliff_Swallow
training/137.Cliff_Swallow/Cliff_Swallow_0058_133060,136,137.Cliff_Swallow
training/137.Cliff_Swallow/Cliff_Swallow_0062_134383,136,137.Cliff_Swallow
training/137.Cliff_Swallow/Cliff_Swallow_0069_133521,136,137.Cliff_Swallow
training/137.Cliff_Swallow/Cliff_Swallow_0071_133742,136,137.Cliff_Swallow
training/137.Cliff_Swallow/Cliff_Swallow_0088_134188,136,137.Cliff_Swallow
training/137.Cliff_Swallow/Cliff_Swallow_0108_133902,136,137.Cliff_Swallow
training/138.Tree_Swallow/Tree_Swallow_0004_135411,137,138.Tree_Swallow
training/138.Tree_Swallow/Tree_Swallow_0013_135923,137,138.Tree_Swallow
training/138.Tree_Swallow/Tree_Swallow_0049_134740,137,138.Tree_Swallow
training/138.Tree_Swallow/Tree_Swallow_0060_134961,137,138.Tree_Swallow
training/138.Tree_Swallow/Tree_Swallow_0062_137426,137,138.Tree_Swallow
training/138.Tree_Swallow/Tree_Swallow_0064_136322,137,138.Tree_Swallow
training/138.Tree_Swallow/Tree_Swallow_0067_136244,137,138.Tree_Swallow
training/138.Tree_Swallow/Tree_Swallow_0071_136749,137,138.Tree_Swallow
training/138.Tree_Swallow/Tree_Swallow_0105_134648,137,138.Tree_Swallow
training/138.Tree_Swallow/Tree_Swallow_0114_136265,137,138.Tree_Swallow
training/139.Scarlet_Tanager/Scarlet_Tanager_0018_138294,138,139.Scarlet_Tanager
training/139.Scarlet_Tanager/Scarlet_Tanager_0024_137712,138,139.Scarlet_Tanager
training/139.Scarlet_Tanager/Scarlet_Tanager_0033_137603,138,139.Scarlet_Tanager
training/139.Scarlet_Tanager/Scarlet_Tanager_0040_137885,138,139.Scarlet_Tanager
training/139.Scarlet_Tanager/Scarlet_Tanager_0042_138287,138,139.Scarlet_Tanager
training/139.Scarlet_Tanager/Scarlet_Tanager_0058_137710,138,139.Scarlet_Tanager
training/139.Scarlet_Tanager/Scarlet_Tanager_0075_137602,138,139.Scarlet_Tanager
training/139.Scarlet_Tanager/Scarlet_Tanager_0089_138281,138,139.Scarlet_Tanager
training/139.Scarlet_Tanager/Scarlet_Tanager_0093_138250,138,139.Scarlet_Tanager
training/139.Scarlet_Tanager/Scarlet_Tanager_0128_138711,138,139.Scarlet_Tanager
training/140.Summer_Tanager/Summer_Tanager_0013_140828,139,140.Summer_Tanager
training/140.Summer_Tanager/Summer_Tanager_0035_139561,139,140.Summer_Tanager
training/140.Summer_Tanager/Summer_Tanager_0037_140330,139,140.Summer_Tanager
training/140.Summer_Tanager/Summer_Tanager_0063_139743,139,140.Summer_Tanager
training/140.Summer_Tanager/Summer_Tanager_0068_139875,139,140.Summer_Tanager
training/140.Summer_Tanager/Summer_Tanager_0099_139310,139,140.Summer_Tanager
training/140.Summer_Tanager/Summer_Tanager_0111_139605,139,140.Summer_Tanager
training/140.Summer_Tanager/Summer_Tanager_0119_140617,139,140.Summer_Tanager
training/140.Summer_Tanager/Summer_Tanager_0120_140060,139,140.Summer_Tanager
training/140.Summer_Tanager/Summer_Tanager_0125_139399,139,140.Summer_Tanager
training/141.Artic_Tern/Artic_Tern_0021_143477,140,141.Artic_Tern
training/141.Artic_Tern/Artic_Tern_0046_140986,140,141.Artic_Tern
training/141.Artic_Tern/Artic_Tern_0050_140887,140,141.Artic_Tern
training/141.Artic_Tern/Artic_Tern_0052_143244,140,141.Artic_Tern
training/141.Artic_Tern/Artic_Tern_0055_141524,140,141.Artic_Tern
training/141.Artic_Tern/Artic_Tern_0056_141858,140,141.Artic_Tern
training/141.Artic_Tern/Artic_Tern_0090_143583,140,141.Artic_Tern
training/141.Artic_Tern/Artic_Tern_0105_141098,140,141.Artic_Tern
training/141.Artic_Tern/Artic_Tern_0116_143613,140,141.Artic_Tern
training/141.Artic_Tern/Artic_Tern_0124_142121,140,141.Artic_Tern
training/142.Black_Tern/Black_Tern_0004_143881,141,142.Black_Tern
training/142.Black_Tern/Black_Tern_0010_144341,141,142.Black_Tern
training/142.Black_Tern/Black_Tern_0046_144229,141,142.Black_Tern
training/142.Black_Tern/Black_Tern_0057_143884,141,142.Black_Tern
training/142.Black_Tern/Black_Tern_0066_144541,141,142.Black_Tern
training/142.Black_Tern/Black_Tern_0083_144083,141,142.Black_Tern
training/142.Black_Tern/Black_Tern_0089_144174,141,142.Black_Tern
training/142.Black_Tern/Black_Tern_0090_143880,141,142.Black_Tern
training/142.Black_Tern/Black_Tern_0099_144242,141,142.Black_Tern
training/142.Black_Tern/Black_Tern_0103_143956,141,142.Black_Tern
training/143.Caspian_Tern/Caspian_Tern_0013_145553,142,143.Caspian_Tern
training/143.Caspian_Tern/Caspian_Tern_0015_145664,142,143.Caspian_Tern
training/143.Caspian_Tern/Caspian_Tern_0029_147589,142,143.Caspian_Tern
training/143.Caspian_Tern/Caspian_Tern_0034_147643,142,143.Caspian_Tern
training/143.Caspian_Tern/Caspian_Tern_0045_145554,142,143.Caspian_Tern
training/143.Caspian_Tern/Caspian_Tern_0051_145930,142,143.Caspian_Tern
training/143.Caspian_Tern/Caspian_Tern_0055_146014,142,143.Caspian_Tern
training/143.Caspian_Tern/Caspian_Tern_0059_145582,142,143.Caspian_Tern
training/143.Caspian_Tern/Caspian_Tern_0066_147680,142,143.Caspian_Tern
training/143.Caspian_Tern/Caspian_Tern_0109_145948,142,143.Caspian_Tern
training/144.Common_Tern/Common_Tern_0029_148035,143,144.Common_Tern
training/144.Common_Tern/Common_Tern_0049_149159,143,144.Common_Tern
training/144.Common_Tern/Common_Tern_0053_148472,143,144.Common_Tern
training/144.Common_Tern/Common_Tern_0064_148761,143,144.Common_Tern
training/144.Common_Tern/Common_Tern_0067_149540,143,144.Common_Tern
training/144.Common_Tern/Common_Tern_0070_150292,143,144.Common_Tern
training/144.Common_Tern/Common_Tern_0076_148391,143,144.Common_Tern
training/144.Common_Tern/Common_Tern_0098_148785,143,144.Common_Tern
training/144.Common_Tern/Common_Tern_0113_147949,143,144.Common_Tern
training/144.Common_Tern/Common_Tern_0117_148944,143,144.Common_Tern
training/145.Elegant_Tern/Elegant_Tern_0026_150869,144,145.Elegant_Tern
training/145.Elegant_Tern/Elegant_Tern_0028_151019,144,145.Elegant_Tern
training/145.Elegant_Tern/Elegant_Tern_0034_45914,144,145.Elegant_Tern
training/145.Elegant_Tern/Elegant_Tern_0046_150905,144,145.Elegant_Tern
training/145.Elegant_Tern/Elegant_Tern_0063_150873,144,145.Elegant_Tern
training/145.Elegant_Tern/Elegant_Tern_0068_150526,144,145.Elegant_Tern
training/145.Elegant_Tern/Elegant_Tern_0070_147548,144,145.Elegant_Tern
training/145.Elegant_Tern/Elegant_Tern_0073_150925,144,145.Elegant_Tern
training/145.Elegant_Tern/Elegant_Tern_0076_150519,144,145.Elegant_Tern
training/145.Elegant_Tern/Elegant_Tern_0078_151196,144,145.Elegant_Tern
training/146.Forsters_Tern/Forsters_Tern_0007_152110,145,146.Forsters_Tern
training/146.Forsters_Tern/Forsters_Tern_0035_151757,145,146.Forsters_Tern
training/146.Forsters_Tern/Forsters_Tern_0053_152175,145,146.Forsters_Tern
training/146.Forsters_Tern/Forsters_Tern_0060_152190,145,146.Forsters_Tern
training/146.Forsters_Tern/Forsters_Tern_0062_151780,145,146.Forsters_Tern
training/146.Forsters_Tern/Forsters_Tern_0068_152078,145,146.Forsters_Tern
training/146.Forsters_Tern/Forsters_Tern_0080_152521,145,146.Forsters_Tern
training/146.Forsters_Tern/Forsters_Tern_0088_151893,145,146.Forsters_Tern
training/146.Forsters_Tern/Forsters_Tern_0125_151399,145,146.Forsters_Tern
training/146.Forsters_Tern/Forsters_Tern_0127_150418,145,146.Forsters_Tern
training/147.Least_Tern/Least_Tern_0012_153871,146,147.Least_Tern
training/147.Least_Tern/Least_Tern_0033_153796,146,147.Least_Tern
training/147.Least_Tern/Least_Tern_0036_153658,146,147.Least_Tern
training/147.Least_Tern/Least_Tern_0052_154021,146,147.Least_Tern
training/147.Least_Tern/Least_Tern_0060_153190,146,147.Least_Tern
training/147.Least_Tern/Least_Tern_0088_152941,146,147.Least_Tern
training/147.Least_Tern/Least_Tern_0109_154127,146,147.Least_Tern
training/147.Least_Tern/Least_Tern_0112_153074,146,147.Least_Tern
training/147.Least_Tern/Least_Tern_0114_153840,146,147.Least_Tern
training/147.Least_Tern/Least_Tern_0119_153950,146,147.Least_Tern
training/148.Green_tailed_Towhee/Green_Tailed_Towhee_0018_154825,147,148.Green_tailed_Towhee
training/148.Green_tailed_Towhee/Green_Tailed_Towhee_0025_797401,147,148.Green_tailed_Towhee
training/148.Green_tailed_Towhee/Green_Tailed_Towhee_0027_154823,147,148.Green_tailed_Towhee
training/148.Green_tailed_Towhee/Green_Tailed_Towhee_0042_154801,147,148.Green_tailed_Towhee
training/148.Green_tailed_Towhee/Green_Tailed_Towhee_0054_154938,147,148.Green_tailed_Towhee
training/148.Green_tailed_Towhee/Green_Tailed_Towhee_0060_154820,147,148.Green_tailed_Towhee
training/148.Green_tailed_Towhee/Green_Tailed_Towhee_0068_154783,147,148.Green_tailed_Towhee
training/148.Green_tailed_Towhee/Green_Tailed_Towhee_0070_154844,147,148.Green_tailed_Towhee
training/148.Green_tailed_Towhee/Green_Tailed_Towhee_0077_797443,147,148.Green_tailed_Towhee
training/148.Green_tailed_Towhee/Green_Tailed_Towhee_0090_797434,147,148.Green_tailed_Towhee
training/149.Brown_Thrasher/Brown_Thrasher_0001_155380,148,149.Brown_Thrasher
training/149.Brown_Thrasher/Brown_Thrasher_0010_155231,148,149.Brown_Thrasher
training/149.Brown_Thrasher/Brown_Thrasher_0013_155329,148,149.Brown_Thrasher
training/149.Brown_Thrasher/Brown_Thrasher_0030_155152,148,149.Brown_Thrasher
training/149.Brown_Thrasher/Brown_Thrasher_0045_155182,148,149.Brown_Thrasher
training/149.Brown_Thrasher/Brown_Thrasher_0051_155344,148,149.Brown_Thrasher
training/149.Brown_Thrasher/Brown_Thrasher_0079_155394,148,149.Brown_Thrasher
training/149.Brown_Thrasher/Brown_Thrasher_0100_155129,148,149.Brown_Thrasher
training/149.Brown_Thrasher/Brown_Thrasher_0119_155170,148,149.Brown_Thrasher
training/149.Brown_Thrasher/Brown_Thrasher_0126_155199,148,149.Brown_Thrasher
training/150.Sage_Thrasher/Sage_Thrasher_0014_155541,149,150.Sage_Thrasher
training/150.Sage_Thrasher/Sage_Thrasher_0033_155511,149,150.Sage_Thrasher
training/150.Sage_Thrasher/Sage_Thrasher_0052_155605,149,150.Sage_Thrasher
training/150.Sage_Thrasher/Sage_Thrasher_0066_155666,149,150.Sage_Thrasher
training/150.Sage_Thrasher/Sage_Thrasher_0069_155544,149,150.Sage_Thrasher
training/150.Sage_Thrasher/Sage_Thrasher_0076_796445,149,150.Sage_Thrasher
training/150.Sage_Thrasher/Sage_Thrasher_0079_155718,149,150.Sage_Thrasher
training/150.Sage_Thrasher/Sage_Thrasher_0083_796450,149,150.Sage_Thrasher
training/150.Sage_Thrasher/Sage_Thrasher_0092_155482,149,150.Sage_Thrasher
training/150.Sage_Thrasher/Sage_Thrasher_0095_796446,149,150.Sage_Thrasher
training/151.Black_capped_Vireo/Black_Capped_Vireo_0002_797466,150,151.Black_capped_Vireo
training/151.Black_capped_Vireo/Black_Capped_Vireo_0004_797476,150,151.Black_capped_Vireo
training/151.Black_capped_Vireo/Black_Capped_Vireo_0007_797481,150,151.Black_capped_Vireo
training/151.Black_capped_Vireo/Black_Capped_Vireo_0012_797473,150,151.Black_capped_Vireo
training/151.Black_capped_Vireo/Black_Capped_Vireo_0014_797462,150,151.Black_capped_Vireo
training/151.Black_capped_Vireo/Black_Capped_Vireo_0024_155905,150,151.Black_capped_Vireo
training/151.Black_capped_Vireo/Black_Capped_Vireo_0028_155799,150,151.Black_capped_Vireo
training/151.Black_capped_Vireo/Black_Capped_Vireo_0029_797469,150,151.Black_capped_Vireo
training/151.Black_capped_Vireo/Black_Capped_Vireo_0030_155861,150,151.Black_capped_Vireo
training/151.Black_capped_Vireo/Black_Capped_Vireo_0039_797451,150,151.Black_capped_Vireo
training/152.Blue_headed_Vireo/Blue_Headed_Vireo_0026_156245,151,152.Blue_headed_Vireo
training/152.Blue_headed_Vireo/Blue_Headed_Vireo_0062_156109,151,152.Blue_headed_Vireo
training/152.Blue_headed_Vireo/Blue_Headed_Vireo_0065_156260,151,152.Blue_headed_Vireo
training/152.Blue_headed_Vireo/Blue_Headed_Vireo_0082_155965,151,152.Blue_headed_Vireo
training/152.Blue_headed_Vireo/Blue_Headed_Vireo_0089_156062,151,152.Blue_headed_Vireo
training/152.Blue_headed_Vireo/Blue_Headed_Vireo_0096_155969,151,152.Blue_headed_Vireo
training/152.Blue_headed_Vireo/Blue_Headed_Vireo_0101_156203,151,152.Blue_headed_Vireo
training/152.Blue_headed_Vireo/Blue_Headed_Vireo_0110_155952,151,152.Blue_headed_Vireo
training/152.Blue_headed_Vireo/Blue_Headed_Vireo_0119_156259,151,152.Blue_headed_Vireo
training/152.Blue_headed_Vireo/Blue_Headed_Vireo_0121_156233,151,152.Blue_headed_Vireo
training/153.Philadelphia_Vireo/Philadelphia_Vireo_0007_156617,152,153.Philadelphia_Vireo
training/153.Philadelphia_Vireo/Philadelphia_Vireo_0012_794785,152,153.Philadelphia_Vireo
training/153.Philadelphia_Vireo/Philadelphia_Vireo_0013_794772,152,153.Philadelphia_Vireo
training/153.Philadelphia_Vireo/Philadelphia_Vireo_0015_794778,152,153.Philadelphia_Vireo
training/153.Philadelphia_Vireo/Philadelphia_Vireo_0030_156533,152,153.Philadelphia_Vireo
training/153.Philadelphia_Vireo/Philadelphia_Vireo_0042_156528,152,153.Philadelphia_Vireo
training/153.Philadelphia_Vireo/Philadelphia_Vireo_0047_156521,152,153.Philadelphia_Vireo
training/153.Philadelphia_Vireo/Philadelphia_Vireo_0049_794756,152,153.Philadelphia_Vireo
training/153.Philadelphia_Vireo/Philadelphia_Vireo_0061_156613,152,153.Philadelphia_Vireo
training/153.Philadelphia_Vireo/Philadelphia_Vireo_0085_794757,152,153.Philadelphia_Vireo
training/154.Red_eyed_Vireo/Red_Eyed_Vireo_0002_156470,153,154.Red_eyed_Vireo
training/154.Red_eyed_Vireo/Red_Eyed_Vireo_0003_157226,153,154.Red_eyed_Vireo
training/154.Red_eyed_Vireo/Red_Eyed_Vireo_0006_157025,153,154.Red_eyed_Vireo
training/154.Red_eyed_Vireo/Red_Eyed_Vireo_0034_157219,153,154.Red_eyed_Vireo
training/154.Red_eyed_Vireo/Red_Eyed_Vireo_0038_156963,153,154.Red_eyed_Vireo
training/154.Red_eyed_Vireo/Red_Eyed_Vireo_0055_157096,153,154.Red_eyed_Vireo
training/154.Red_eyed_Vireo/Red_Eyed_Vireo_0056_156968,153,154.Red_eyed_Vireo
training/154.Red_eyed_Vireo/Red_Eyed_Vireo_0073_156944,153,154.Red_eyed_Vireo
training/154.Red_eyed_Vireo/Red_Eyed_Vireo_0077_157005,153,154.Red_eyed_Vireo
training/154.Red_eyed_Vireo/Red_Eyed_Vireo_0112_156742,153,154.Red_eyed_Vireo
training/155.Warbling_Vireo/Warbling_Vireo_0007_158717,154,155.Warbling_Vireo
training/155.Warbling_Vireo/Warbling_Vireo_0014_158412,154,155.Warbling_Vireo
training/155.Warbling_Vireo/Warbling_Vireo_0016_158681,154,155.Warbling_Vireo
training/155.Warbling_Vireo/Warbling_Vireo_0029_158679,154,155.Warbling_Vireo
training/155.Warbling_Vireo/Warbling_Vireo_0030_158488,154,155.Warbling_Vireo
training/155.Warbling_Vireo/Warbling_Vireo_0045_158399,154,155.Warbling_Vireo
training/155.Warbling_Vireo/Warbling_Vireo_0107_158453,154,155.Warbling_Vireo
training/155.Warbling_Vireo/Warbling_Vireo_0118_158285,154,155.Warbling_Vireo
training/155.Warbling_Vireo/Warbling_Vireo_0119_158819,154,155.Warbling_Vireo
training/155.Warbling_Vireo/Warbling_Vireo_0132_158420,154,155.Warbling_Vireo
training/156.White_eyed_Vireo/White_Eyed_Vireo_0015_159081,155,156.White_eyed_Vireo
training/156.White_eyed_Vireo/White_Eyed_Vireo_0030_159265,155,156.White_eyed_Vireo
training/156.White_eyed_Vireo/White_Eyed_Vireo_0042_159012,155,156.White_eyed_Vireo
training/156.White_eyed_Vireo/White_Eyed_Vireo_0050_158829,155,156.White_eyed_Vireo
training/156.White_eyed_Vireo/White_Eyed_Vireo_0066_159477,155,156.White_eyed_Vireo
training/156.White_eyed_Vireo/White_Eyed_Vireo_0102_159420,155,156.White_eyed_Vireo
training/156.White_eyed_Vireo/White_Eyed_Vireo_0110_158947,155,156.White_eyed_Vireo
training/156.White_eyed_Vireo/White_Eyed_Vireo_0125_159078,155,156.White_eyed_Vireo
training/156.White_eyed_Vireo/White_Eyed_Vireo_0128_158993,155,156.White_eyed_Vireo
training/156.White_eyed_Vireo/White_Eyed_Vireo_0136_156418,155,156.White_eyed_Vireo
training/157.Yellow_throated_Vireo/Yellow_Throated_Vireo_0009_794976,156,157.Yellow_throated_Vireo
training/157.Yellow_throated_Vireo/Yellow_Throated_Vireo_0026_159686,156,157.Yellow_throated_Vireo
training/157.Yellow_throated_Vireo/Yellow_Throated_Vireo_0028_795008,156,157.Yellow_throated_Vireo
training/157.Yellow_throated_Vireo/Yellow_Throated_Vireo_0032_159632,156,157.Yellow_throated_Vireo
training/157.Yellow_throated_Vireo/Yellow_Throated_Vireo_0035_794991,156,157.Yellow_throated_Vireo
training/157.Yellow_throated_Vireo/Yellow_Throated_Vireo_0040_159624,156,157.Yellow_throated_Vireo
training/157.Yellow_throated_Vireo/Yellow_Throated_Vireo_0046_159668,156,157.Yellow_throated_Vireo
training/157.Yellow_throated_Vireo/Yellow_Throated_Vireo_0054_159635,156,157.Yellow_throated_Vireo
training/157.Yellow_throated_Vireo/Yellow_Throated_Vireo_0066_795007,156,157.Yellow_throated_Vireo
training/157.Yellow_throated_Vireo/Yellow_Throated_Vireo_0079_159576,156,157.Yellow_throated_Vireo
training/158.Bay_breasted_Warbler/Bay_Breasted_Warbler_0012_797171,157,158.Bay_breasted_Warbler
training/158.Bay_breasted_Warbler/Bay_Breasted_Warbler_0045_797135,157,158.Bay_breasted_Warbler
training/158.Bay_breasted_Warbler/Bay_Breasted_Warbler_0049_797129,157,158.Bay_breasted_Warbler
training/158.Bay_breasted_Warbler/Bay_Breasted_Warbler_0052_797125,157,158.Bay_breasted_Warbler
training/158.Bay_breasted_Warbler/Bay_Breasted_Warbler_0078_797163,157,158.Bay_breasted_Warbler
training/158.Bay_breasted_Warbler/Bay_Breasted_Warbler_0093_159764,157,158.Bay_breasted_Warbler
training/158.Bay_breasted_Warbler/Bay_Breasted_Warbler_0095_797113,157,158.Bay_breasted_Warbler
training/158.Bay_breasted_Warbler/Bay_Breasted_Warbler_0099_159753,157,158.Bay_breasted_Warbler
training/158.Bay_breasted_Warbler/Bay_Breasted_Warbler_0105_797143,157,158.Bay_breasted_Warbler
training/158.Bay_breasted_Warbler/Bay_Breasted_Warbler_0112_159839,157,158.Bay_breasted_Warbler
training/159.Black_and_white_Warbler/Black_And_White_Warbler_0007_160758,158,159.Black_and_white_Warbler
training/159.Black_and_white_Warbler/Black_And_White_Warbler_0018_160438,158,159.Black_and_white_Warbler
training/159.Black_and_white_Warbler/Black_And_White_Warbler_0028_160371,158,159.Black_and_white_Warbler
training/159.Black_and_white_Warbler/Black_And_White_Warbler_0041_160639,158,159.Black_and_white_Warbler
training/159.Black_and_white_Warbler/Black_And_White_Warbler_0046_160202,158,159.Black_and_white_Warbler
training/159.Black_and_white_Warbler/Black_And_White_Warbler_0051_160603,158,159.Black_and_white_Warbler
training/159.Black_and_white_Warbler/Black_And_White_Warbler_0053_160010,158,159.Black_and_white_Warbler
training/159.Black_and_white_Warbler/Black_And_White_Warbler_0057_160037,158,159.Black_and_white_Warbler
training/159.Black_and_white_Warbler/Black_And_White_Warbler_0102_160073,158,159.Black_and_white_Warbler
training/159.Black_and_white_Warbler/Black_And_White_Warbler_0117_160369,158,159.Black_and_white_Warbler
training/160.Black_throated_Blue_Warbler/Black_Throated_Blue_Warbler_0002_161533,159,160.Black_throated_Blue_Warbler
training/160.Black_throated_Blue_Warbler/Black_Throated_Blue_Warbler_0016_161216,159,160.Black_throated_Blue_Warbler
training/160.Black_throated_Blue_Warbler/Black_Throated_Blue_Warbler_0017_161220,159,160.Black_throated_Blue_Warbler
training/160.Black_throated_Blue_Warbler/Black_Throated_Blue_Warbler_0036_161517,159,160.Black_throated_Blue_Warbler
training/160.Black_throated_Blue_Warbler/Black_Throated_Blue_Warbler_0042_161512,159,160.Black_throated_Blue_Warbler
training/160.Black_throated_Blue_Warbler/Black_Throated_Blue_Warbler_0043_161438,159,160.Black_throated_Blue_Warbler
training/160.Black_throated_Blue_Warbler/Black_Throated_Blue_Warbler_0050_161154,159,160.Black_throated_Blue_Warbler
training/160.Black_throated_Blue_Warbler/Black_Throated_Blue_Warbler_0053_161684,159,160.Black_throated_Blue_Warbler
training/160.Black_throated_Blue_Warbler/Black_Throated_Blue_Warbler_0090_161507,159,160.Black_throated_Blue_Warbler
training/160.Black_throated_Blue_Warbler/Black_Throated_Blue_Warbler_0121_161418,159,160.Black_throated_Blue_Warbler
training/161.Blue_winged_Warbler/Blue_Winged_Warbler_0012_162086,160,161.Blue_winged_Warbler
training/161.Blue_winged_Warbler/Blue_Winged_Warbler_0018_161871,160,161.Blue_winged_Warbler
training/161.Blue_winged_Warbler/Blue_Winged_Warbler_0023_161774,160,161.Blue_winged_Warbler
training/161.Blue_winged_Warbler/Blue_Winged_Warbler_0027_161795,160,161.Blue_winged_Warbler
training/161.Blue_winged_Warbler/Blue_Winged_Warbler_0043_161804,160,161.Blue_winged_Warbler
training/161.Blue_winged_Warbler/Blue_Winged_Warbler_0044_161760,160,161.Blue_winged_Warbler
training/161.Blue_winged_Warbler/Blue_Winged_Warbler_0071_161900,160,161.Blue_winged_Warbler
training/161.Blue_winged_Warbler/Blue_Winged_Warbler_0075_161844,160,161.Blue_winged_Warbler
training/161.Blue_winged_Warbler/Blue_Winged_Warbler_0077_162021,160,161.Blue_winged_Warbler
training/161.Blue_winged_Warbler/Blue_Winged_Warbler_0091_162051,160,161.Blue_winged_Warbler
training/162.Canada_Warbler/Canada_Warbler_0004_162224,161,162.Canada_Warbler
training/162.Canada_Warbler/Canada_Warbler_0016_162411,161,162.Canada_Warbler
training/162.Canada_Warbler/Canada_Warbler_0039_162330,161,162.Canada_Warbler
training/162.Canada_Warbler/Canada_Warbler_0040_162352,161,162.Canada_Warbler
training/162.Canada_Warbler/Canada_Warbler_0047_162439,161,162.Canada_Warbler
training/162.Canada_Warbler/Canada_Warbler_0048_162326,161,162.Canada_Warbler
training/162.Canada_Warbler/Canada_Warbler_0064_162417,161,162.Canada_Warbler
training/162.Canada_Warbler/Canada_Warbler_0075_162428,161,162.Canada_Warbler
training/162.Canada_Warbler/Canada_Warbler_0077_162437,161,162.Canada_Warbler
training/162.Canada_Warbler/Canada_Warbler_0085_162385,161,162.Canada_Warbler
training/163.Cape_May_Warbler/Cape_May_Warbler_0005_163197,162,163.Cape_May_Warbler
training/163.Cape_May_Warbler/Cape_May_Warbler_0013_163052,162,163.Cape_May_Warbler
training/163.Cape_May_Warbler/Cape_May_Warbler_0020_162629,162,163.Cape_May_Warbler
training/163.Cape_May_Warbler/Cape_May_Warbler_0022_162912,162,163.Cape_May_Warbler
training/163.Cape_May_Warbler/Cape_May_Warbler_0023_163133,162,163.Cape_May_Warbler
training/163.Cape_May_Warbler/Cape_May_Warbler_0040_163036,162,163.Cape_May_Warbler
training/163.Cape_May_Warbler/Cape_May_Warbler_0043_163172,162,163.Cape_May_Warbler
training/163.Cape_May_Warbler/Cape_May_Warbler_0058_162948,162,163.Cape_May_Warbler
training/163.Cape_May_Warbler/Cape_May_Warbler_0073_162993,162,163.Cape_May_Warbler
training/163.Cape_May_Warbler/Cape_May_Warbler_0128_162971,162,163.Cape_May_Warbler
training/164.Cerulean_Warbler/Cerulean_Warbler_0020_163353,163,164.Cerulean_Warbler
training/164.Cerulean_Warbler/Cerulean_Warbler_0033_797176,163,164.Cerulean_Warbler
training/164.Cerulean_Warbler/Cerulean_Warbler_0035_163269,163,164.Cerulean_Warbler
training/164.Cerulean_Warbler/Cerulean_Warbler_0045_797217,163,164.Cerulean_Warbler
training/164.Cerulean_Warbler/Cerulean_Warbler_0060_797209,163,164.Cerulean_Warbler
training/164.Cerulean_Warbler/Cerulean_Warbler_0071_163201,163,164.Cerulean_Warbler
training/164.Cerulean_Warbler/Cerulean_Warbler_0076_163294,163,164.Cerulean_Warbler
training/164.Cerulean_Warbler/Cerulean_Warbler_0078_163271,163,164.Cerulean_Warbler
training/164.Cerulean_Warbler/Cerulean_Warbler_0086_797214,163,164.Cerulean_Warbler
training/164.Cerulean_Warbler/Cerulean_Warbler_0087_163451,163,164.Cerulean_Warbler
training/165.Chestnut_sided_Warbler/Chestnut_Sided_Warbler_0013_163749,164,165.Chestnut_sided_Warbler
training/165.Chestnut_sided_Warbler/Chestnut_Sided_Warbler_0016_164060,164,165.Chestnut_sided_Warbler
training/165.Chestnut_sided_Warbler/Chestnut_Sided_Warbler_0023_164308,164,165.Chestnut_sided_Warbler
training/165.Chestnut_sided_Warbler/Chestnut_Sided_Warbler_0043_164114,164,165.Chestnut_sided_Warbler
training/165.Chestnut_sided_Warbler/Chestnut_Sided_Warbler_0044_163975,164,165.Chestnut_sided_Warbler
training/165.Chestnut_sided_Warbler/Chestnut_Sided_Warbler_0071_163784,164,165.Chestnut_sided_Warbler
training/165.Chestnut_sided_Warbler/Chestnut_Sided_Warbler_0094_164152,164,165.Chestnut_sided_Warbler
training/165.Chestnut_sided_Warbler/Chestnut_Sided_Warbler_0097_163750,164,165.Chestnut_sided_Warbler
training/165.Chestnut_sided_Warbler/Chestnut_Sided_Warbler_0098_164352,164,165.Chestnut_sided_Warbler
training/165.Chestnut_sided_Warbler/Chestnut_Sided_Warbler_0105_163996,164,165.Chestnut_sided_Warbler
training/166.Golden_winged_Warbler/Golden_Winged_Warbler_0004_164470,165,166.Golden_winged_Warbler
training/166.Golden_winged_Warbler/Golden_Winged_Warbler_0014_164464,165,166.Golden_winged_Warbler
training/166.Golden_winged_Warbler/Golden_Winged_Warbler_0016_794841,165,166.Golden_winged_Warbler
training/166.Golden_winged_Warbler/Golden_Winged_Warbler_0030_164462,165,166.Golden_winged_Warbler
training/166.Golden_winged_Warbler/Golden_Winged_Warbler_0054_794847,165,166.Golden_winged_Warbler
training/166.Golden_winged_Warbler/Golden_Winged_Warbler_0056_794845,165,166.Golden_winged_Warbler
training/166.Golden_winged_Warbler/Golden_Winged_Warbler_0059_794855,165,166.Golden_winged_Warbler
training/166.Golden_winged_Warbler/Golden_Winged_Warbler_0069_164456,165,166.Golden_winged_Warbler
training/166.Golden_winged_Warbler/Golden_Winged_Warbler_0079_794820,165,166.Golden_winged_Warbler
training/166.Golden_winged_Warbler/Golden_Winged_Warbler_0092_164465,165,166.Golden_winged_Warbler
training/167.Hooded_Warbler/Hooded_Warbler_0001_164704,166,167.Hooded_Warbler
training/167.Hooded_Warbler/Hooded_Warbler_0012_164891,166,167.Hooded_Warbler
training/167.Hooded_Warbler/Hooded_Warbler_0016_164837,166,167.Hooded_Warbler
training/167.Hooded_Warbler/Hooded_Warbler_0070_164930,166,167.Hooded_Warbler
training/167.Hooded_Warbler/Hooded_Warbler_0084_164944,166,167.Hooded_Warbler
training/167.Hooded_Warbler/Hooded_Warbler_0087_164833,166,167.Hooded_Warbler
training/167.Hooded_Warbler/Hooded_Warbler_0124_164923,166,167.Hooded_Warbler
training/167.Hooded_Warbler/Hooded_Warbler_0129_90165,166,167.Hooded_Warbler
training/167.Hooded_Warbler/Hooded_Warbler_0130_164826,166,167.Hooded_Warbler
training/167.Hooded_Warbler/Hooded_Warbler_0134_164708,166,167.Hooded_Warbler
training/168.Kentucky_Warbler/Kentucky_Warbler_0008_165369,167,168.Kentucky_Warbler
training/168.Kentucky_Warbler/Kentucky_Warbler_0020_795903,167,168.Kentucky_Warbler
training/168.Kentucky_Warbler/Kentucky_Warbler_0027_795917,167,168.Kentucky_Warbler
training/168.Kentucky_Warbler/Kentucky_Warbler_0033_165271,167,168.Kentucky_Warbler
training/168.Kentucky_Warbler/Kentucky_Warbler_0035_795878,167,168.Kentucky_Warbler
training/168.Kentucky_Warbler/Kentucky_Warbler_0039_165324,167,168.Kentucky_Warbler
training/168.Kentucky_Warbler/Kentucky_Warbler_0051_795884,167,168.Kentucky_Warbler
training/168.Kentucky_Warbler/Kentucky_Warbler_0052_795874,167,168.Kentucky_Warbler
training/168.Kentucky_Warbler/Kentucky_Warbler_0055_165426,167,168.Kentucky_Warbler
training/168.Kentucky_Warbler/Kentucky_Warbler_0059_795905,167,168.Kentucky_Warbler
training/169.Magnolia_Warbler/Magnolia_Warbler_0004_165535,168,169.Magnolia_Warbler
training/169.Magnolia_Warbler/Magnolia_Warbler_0015_165817,168,169.Magnolia_Warbler
training/169.Magnolia_Warbler/Magnolia_Warbler_0040_165921,168,169.Magnolia_Warbler
training/169.Magnolia_Warbler/Magnolia_Warbler_0041_165709,168,169.Magnolia_Warbler
training/169.Magnolia_Warbler/Magnolia_Warbler_0076_165832,168,169.Magnolia_Warbler
training/169.Magnolia_Warbler/Magnolia_Warbler_0092_165807,168,169.Magnolia_Warbler
training/169.Magnolia_Warbler/Magnolia_Warbler_0097_165455,168,169.Magnolia_Warbler
training/169.Magnolia_Warbler/Magnolia_Warbler_0102_165884,168,169.Magnolia_Warbler
training/169.Magnolia_Warbler/Magnolia_Warbler_0104_165696,168,169.Magnolia_Warbler
training/169.Magnolia_Warbler/Magnolia_Warbler_0123_166389,168,169.Magnolia_Warbler
training/170.Mourning_Warbler/Mourning_Warbler_0002_166520,169,170.Mourning_Warbler
training/170.Mourning_Warbler/Mourning_Warbler_0015_166535,169,170.Mourning_Warbler
training/170.Mourning_Warbler/Mourning_Warbler_0034_795384,169,170.Mourning_Warbler
training/170.Mourning_Warbler/Mourning_Warbler_0042_166493,169,170.Mourning_Warbler
training/170.Mourning_Warbler/Mourning_Warbler_0064_166447,169,170.Mourning_Warbler
training/170.Mourning_Warbler/Mourning_Warbler_0069_166559,169,170.Mourning_Warbler
training/170.Mourning_Warbler/Mourning_Warbler_0072_795379,169,170.Mourning_Warbler
training/170.Mourning_Warbler/Mourning_Warbler_0073_166524,169,170.Mourning_Warbler
training/170.Mourning_Warbler/Mourning_Warbler_0078_795377,169,170.Mourning_Warbler
training/170.Mourning_Warbler/Mourning_Warbler_0079_166564,169,170.Mourning_Warbler
training/171.Myrtle_Warbler/Myrtle_Warbler_0037_166690,170,171.Myrtle_Warbler
training/171.Myrtle_Warbler/Myrtle_Warbler_0064_166679,170,171.Myrtle_Warbler
training/171.Myrtle_Warbler/Myrtle_Warbler_0065_166885,170,171.Myrtle_Warbler
training/171.Myrtle_Warbler/Myrtle_Warbler_0072_166702,170,171.Myrtle_Warbler
training/171.Myrtle_Warbler/Myrtle_Warbler_0073_166798,170,171.Myrtle_Warbler
training/171.Myrtle_Warbler/Myrtle_Warbler_0089_166896,170,171.Myrtle_Warbler
training/171.Myrtle_Warbler/Myrtle_Warbler_0098_166794,170,171.Myrtle_Warbler
training/171.Myrtle_Warbler/Myrtle_Warbler_0100_166871,170,171.Myrtle_Warbler
training/171.Myrtle_Warbler/Myrtle_Warbler_0103_166963,170,171.Myrtle_Warbler
training/171.Myrtle_Warbler/Myrtle_Warbler_0112_166754,170,171.Myrtle_Warbler
training/172.Nashville_Warbler/Nashville_Warbler_0032_167385,171,172.Nashville_Warbler
training/172.Nashville_Warbler/Nashville_Warbler_0035_167283,171,172.Nashville_Warbler
training/172.Nashville_Warbler/Nashville_Warbler_0048_167071,171,172.Nashville_Warbler
training/172.Nashville_Warbler/Nashville_Warbler_0068_167266,171,172.Nashville_Warbler
training/172.Nashville_Warbler/Nashville_Warbler_0098_167293,171,172.Nashville_Warbler
training/172.Nashville_Warbler/Nashville_Warbler_0102_167195,171,172.Nashville_Warbler
training/172.Nashville_Warbler/Nashville_Warbler_0108_167259,171,172.Nashville_Warbler
training/172.Nashville_Warbler/Nashville_Warbler_0110_167268,171,172.Nashville_Warbler
training/172.Nashville_Warbler/Nashville_Warbler_0118_167350,171,172.Nashville_Warbler
training/172.Nashville_Warbler/Nashville_Warbler_0128_166444,171,172.Nashville_Warbler
training/173.Orange_crowned_Warbler/Orange_Crowned_Warbler_0034_168185,172,173.Orange_crowned_Warbler
training/173.Orange_crowned_Warbler/Orange_Crowned_Warbler_0042_167614,172,173.Orange_crowned_Warbler
training/173.Orange_crowned_Warbler/Orange_Crowned_Warbler_0050_168166,172,173.Orange_crowned_Warbler
training/173.Orange_crowned_Warbler/Orange_Crowned_Warbler_0051_168002,172,173.Orange_crowned_Warbler
training/173.Orange_crowned_Warbler/Orange_Crowned_Warbler_0052_168013,172,173.Orange_crowned_Warbler
training/173.Orange_crowned_Warbler/Orange_Crowned_Warbler_0080_167960,172,173.Orange_crowned_Warbler
training/173.Orange_crowned_Warbler/Orange_Crowned_Warbler_0087_168439,172,173.Orange_crowned_Warbler
training/173.Orange_crowned_Warbler/Orange_Crowned_Warbler_0111_168040,172,173.Orange_crowned_Warbler
training/173.Orange_crowned_Warbler/Orange_Crowned_Warbler_0120_167587,172,173.Orange_crowned_Warbler
training/173.Orange_crowned_Warbler/Orange_Crowned_Warbler_0128_168012,172,173.Orange_crowned_Warbler
training/174.Palm_Warbler/Palm_Warbler_0004_168786,173,174.Palm_Warbler
training/174.Palm_Warbler/Palm_Warbler_0006_169429,173,174.Palm_Warbler
training/174.Palm_Warbler/Palm_Warbler_0010_169452,173,174.Palm_Warbler
training/174.Palm_Warbler/Palm_Warbler_0015_169626,173,174.Palm_Warbler
training/174.Palm_Warbler/Palm_Warbler_0040_169922,173,174.Palm_Warbler
training/174.Palm_Warbler/Palm_Warbler_0049_169885,173,174.Palm_Warbler
training/174.Palm_Warbler/Palm_Warbler_0083_170281,173,174.Palm_Warbler
training/174.Palm_Warbler/Palm_Warbler_0089_168968,173,174.Palm_Warbler
training/174.Palm_Warbler/Palm_Warbler_0118_170081,173,174.Palm_Warbler
training/174.Palm_Warbler/Palm_Warbler_0134_168943,173,174.Palm_Warbler
training/175.Pine_Warbler/Pine_Warbler_0003_171639,174,175.Pine_Warbler
training/175.Pine_Warbler/Pine_Warbler_0010_171239,174,175.Pine_Warbler
training/175.Pine_Warbler/Pine_Warbler_0021_171525,174,175.Pine_Warbler
training/175.Pine_Warbler/Pine_Warbler_0032_172080,174,175.Pine_Warbler
training/175.Pine_Warbler/Pine_Warbler_0033_171657,174,175.Pine_Warbler
training/175.Pine_Warbler/Pine_Warbler_0056_172064,174,175.Pine_Warbler
training/175.Pine_Warbler/Pine_Warbler_0078_171374,174,175.Pine_Warbler
training/175.Pine_Warbler/Pine_Warbler_0088_170980,174,175.Pine_Warbler
training/175.Pine_Warbler/Pine_Warbler_0102_171147,174,175.Pine_Warbler
training/175.Pine_Warbler/Pine_Warbler_0129_171035,174,175.Pine_Warbler
training/176.Prairie_Warbler/Prairie_Warbler_0020_173359,175,176.Prairie_Warbler
training/176.Prairie_Warbler/Prairie_Warbler_0031_172818,175,176.Prairie_Warbler
training/176.Prairie_Warbler/Prairie_Warbler_0040_173056,175,176.Prairie_Warbler
training/176.Prairie_Warbler/Prairie_Warbler_0047_173210,175,176.Prairie_Warbler
training/176.Prairie_Warbler/Prairie_Warbler_0086_172534,175,176.Prairie_Warbler
training/176.Prairie_Warbler/Prairie_Warbler_0105_172982,175,176.Prairie_Warbler
training/176.Prairie_Warbler/Prairie_Warbler_0106_173071,175,176.Prairie_Warbler
training/176.Prairie_Warbler/Prairie_Warbler_0115_172689,175,176.Prairie_Warbler
training/176.Prairie_Warbler/Prairie_Warbler_0120_173097,175,176.Prairie_Warbler
training/176.Prairie_Warbler/Prairie_Warbler_0123_172603,175,176.Prairie_Warbler
training/177.Prothonotary_Warbler/Prothonotary_Warbler_0038_173867,176,177.Prothonotary_Warbler
training/177.Prothonotary_Warbler/Prothonotary_Warbler_0045_173536,176,177.Prothonotary_Warbler
training/177.Prothonotary_Warbler/Prothonotary_Warbler_0058_173440,176,177.Prothonotary_Warbler
training/177.Prothonotary_Warbler/Prothonotary_Warbler_0064_174106,176,177.Prothonotary_Warbler
training/177.Prothonotary_Warbler/Prothonotary_Warbler_0073_174607,176,177.Prothonotary_Warbler
training/177.Prothonotary_Warbler/Prothonotary_Warbler_0076_174118,176,177.Prothonotary_Warbler
training/177.Prothonotary_Warbler/Prothonotary_Warbler_0083_173929,176,177.Prothonotary_Warbler
training/177.Prothonotary_Warbler/Prothonotary_Warbler_0096_174372,176,177.Prothonotary_Warbler
training/177.Prothonotary_Warbler/Prothonotary_Warbler_0097_174554,176,177.Prothonotary_Warbler
training/177.Prothonotary_Warbler/Prothonotary_Warbler_0110_173857,176,177.Prothonotary_Warbler
training/178.Swainson_Warbler/Swainson_Warbler_0004_794874,177,178.Swainson_Warbler
training/178.Swainson_Warbler/Swainson_Warbler_0018_174715,177,178.Swainson_Warbler
training/178.Swainson_Warbler/Swainson_Warbler_0020_794863,177,178.Swainson_Warbler
training/178.Swainson_Warbler/Swainson_Warbler_0021_794898,177,178.Swainson_Warbler
training/178.Swainson_Warbler/Swainson_Warbler_0022_794868,177,178.Swainson_Warbler
training/178.Swainson_Warbler/Swainson_Warbler_0025_794881,177,178.Swainson_Warbler
training/178.Swainson_Warbler/Swainson_Warbler_0036_174699,177,178.Swainson_Warbler
training/178.Swainson_Warbler/Swainson_Warbler_0037_174691,177,178.Swainson_Warbler
training/178.Swainson_Warbler/Swainson_Warbler_0045_794876,177,178.Swainson_Warbler
training/178.Swainson_Warbler/Swainson_Warbler_0054_174689,177,178.Swainson_Warbler
training/179.Tennessee_Warbler/Tennessee_Warbler_0004_174997,178,179.Tennessee_Warbler
training/179.Tennessee_Warbler/Tennessee_Warbler_0023_174977,178,179.Tennessee_Warbler
training/179.Tennessee_Warbler/Tennessee_Warbler_0024_174980,178,179.Tennessee_Warbler
training/179.Tennessee_Warbler/Tennessee_Warbler_0026_175118,178,179.Tennessee_Warbler
training/179.Tennessee_Warbler/Tennessee_Warbler_0031_174802,178,179.Tennessee_Warbler
training/179.Tennessee_Warbler/Tennessee_Warbler_0034_174854,178,179.Tennessee_Warbler
training/179.Tennessee_Warbler/Tennessee_Warbler_0060_174840,178,179.Tennessee_Warbler
training/179.Tennessee_Warbler/Tennessee_Warbler_0061_174775,178,179.Tennessee_Warbler
training/179.Tennessee_Warbler/Tennessee_Warbler_0095_174903,178,179.Tennessee_Warbler
training/179.Tennessee_Warbler/Tennessee_Warbler_0100_175168,178,179.Tennessee_Warbler
training/180.Wilson_Warbler/Wilson_Warbler_0033_175259,179,180.Wilson_Warbler
training/180.Wilson_Warbler/Wilson_Warbler_0041_175464,179,180.Wilson_Warbler
training/180.Wilson_Warbler/Wilson_Warbler_0045_175623,179,180.Wilson_Warbler
training/180.Wilson_Warbler/Wilson_Warbler_0059_175249,179,180.Wilson_Warbler
training/180.Wilson_Warbler/Wilson_Warbler_0069_175181,179,180.Wilson_Warbler
training/180.Wilson_Warbler/Wilson_Warbler_0076_175780,179,180.Wilson_Warbler
training/180.Wilson_Warbler/Wilson_Warbler_0117_175262,179,180.Wilson_Warbler
training/180.Wilson_Warbler/Wilson_Warbler_0129_175256,179,180.Wilson_Warbler
training/180.Wilson_Warbler/Wilson_Warbler_0132_175600,179,180.Wilson_Warbler
training/180.Wilson_Warbler/Wilson_Warbler_0136_175186,179,180.Wilson_Warbler
training/181.Worm_eating_Warbler/Worm_Eating_Warbler_0011_795566,180,181.Worm_eating_Warbler
training/181.Worm_eating_Warbler/Worm_Eating_Warbler_0013_795534,180,181.Worm_eating_Warbler
training/181.Worm_eating_Warbler/Worm_Eating_Warbler_0049_795561,180,181.Worm_eating_Warbler
training/181.Worm_eating_Warbler/Worm_Eating_Warbler_0054_176130,180,181.Worm_eating_Warbler
training/181.Worm_eating_Warbler/Worm_Eating_Warbler_0060_175969,180,181.Worm_eating_Warbler
training/181.Worm_eating_Warbler/Worm_Eating_Warbler_0065_795551,180,181.Worm_eating_Warbler
training/181.Worm_eating_Warbler/Worm_Eating_Warbler_0074_176093,180,181.Worm_eating_Warbler
training/181.Worm_eating_Warbler/Worm_Eating_Warbler_0078_795532,180,181.Worm_eating_Warbler
training/181.Worm_eating_Warbler/Worm_Eating_Warbler_0085_795540,180,181.Worm_eating_Warbler
training/181.Worm_eating_Warbler/Worm_Eating_Warbler_0094_795522,180,181.Worm_eating_Warbler
training/182.Yellow_Warbler/Yellow_Warbler_0021_176421,181,182.Yellow_Warbler
training/182.Yellow_Warbler/Yellow_Warbler_0028_176391,181,182.Yellow_Warbler
training/182.Yellow_Warbler/Yellow_Warbler_0034_176204,181,182.Yellow_Warbler
training/182.Yellow_Warbler/Yellow_Warbler_0044_176367,181,182.Yellow_Warbler
training/182.Yellow_Warbler/Yellow_Warbler_0046_176212,181,182.Yellow_Warbler
training/182.Yellow_Warbler/Yellow_Warbler_0083_176292,181,182.Yellow_Warbler
training/182.Yellow_Warbler/Yellow_Warbler_0096_176586,181,182.Yellow_Warbler
training/182.Yellow_Warbler/Yellow_Warbler_0104_176541,181,182.Yellow_Warbler
training/182.Yellow_Warbler/Yellow_Warbler_0119_176485,181,182.Yellow_Warbler
training/182.Yellow_Warbler/Yellow_Warbler_0121_176402,181,182.Yellow_Warbler
training/183.Northern_Waterthrush/Northern_Waterthrush_0013_177343,182,183.Northern_Waterthrush
training/183.Northern_Waterthrush/Northern_Waterthrush_0044_176961,182,183.Northern_Waterthrush
training/183.Northern_Waterthrush/Northern_Waterthrush_0050_177331,182,183.Northern_Waterthrush
training/183.Northern_Waterthrush/Northern_Waterthrush_0051_177120,182,183.Northern_Waterthrush
training/183.Northern_Waterthrush/Northern_Waterthrush_0055_177114,182,183.Northern_Waterthrush
training/183.Northern_Waterthrush/Northern_Waterthrush_0061_177172,182,183.Northern_Waterthrush
training/183.Northern_Waterthrush/Northern_Waterthrush_0066_177110,182,183.Northern_Waterthrush
training/183.Northern_Waterthrush/Northern_Waterthrush_0068_177273,182,183.Northern_Waterthrush
training/183.Northern_Waterthrush/Northern_Waterthrush_0084_177239,182,183.Northern_Waterthrush
training/183.Northern_Waterthrush/Northern_Waterthrush_0105_176970,182,183.Northern_Waterthrush
training/184.Louisiana_Waterthrush/Louisiana_Waterthrush_0003_177479,183,184.Louisiana_Waterthrush
training/184.Louisiana_Waterthrush/Louisiana_Waterthrush_0004_177455,183,184.Louisiana_Waterthrush
training/184.Louisiana_Waterthrush/Louisiana_Waterthrush_0015_177515,183,184.Louisiana_Waterthrush
training/184.Louisiana_Waterthrush/Louisiana_Waterthrush_0021_795250,183,184.Louisiana_Waterthrush
training/184.Louisiana_Waterthrush/Louisiana_Waterthrush_0025_177403,183,184.Louisiana_Waterthrush
training/184.Louisiana_Waterthrush/Louisiana_Waterthrush_0029_795262,183,184.Louisiana_Waterthrush
training/184.Louisiana_Waterthrush/Louisiana_Waterthrush_0031_177509,183,184.Louisiana_Waterthrush
training/184.Louisiana_Waterthrush/Louisiana_Waterthrush_0035_177457,183,184.Louisiana_Waterthrush
training/184.Louisiana_Waterthrush/Louisiana_Waterthrush_0056_795245,183,184.Louisiana_Waterthrush
training/184.Louisiana_Waterthrush/Louisiana_Waterthrush_0068_177462,183,184.Louisiana_Waterthrush
training/185.Bohemian_Waxwing/Bohemian_Waxwing_0006_796651,184,185.Bohemian_Waxwing
training/185.Bohemian_Waxwing/Bohemian_Waxwing_0015_177816,184,185.Bohemian_Waxwing
training/185.Bohemian_Waxwing/Bohemian_Waxwing_0028_796647,184,185.Bohemian_Waxwing
training/185.Bohemian_Waxwing/Bohemian_Waxwing_0039_177702,184,185.Bohemian_Waxwing
training/185.Bohemian_Waxwing/Bohemian_Waxwing_0042_177887,184,185.Bohemian_Waxwing
training/185.Bohemian_Waxwing/Bohemian_Waxwing_0046_177864,184,185.Bohemian_Waxwing
training/185.Bohemian_Waxwing/Bohemian_Waxwing_0048_177821,184,185.Bohemian_Waxwing
training/185.Bohemian_Waxwing/Bohemian_Waxwing_0092_796666,184,185.Bohemian_Waxwing
training/185.Bohemian_Waxwing/Bohemian_Waxwing_0096_177969,184,185.Bohemian_Waxwing
training/185.Bohemian_Waxwing/Bohemian_Waxwing_0097_177944,184,185.Bohemian_Waxwing
training/186.Cedar_Waxwing/Cedar_Waxwing_0003_178570,185,186.Cedar_Waxwing
training/186.Cedar_Waxwing/Cedar_Waxwing_0006_179394,185,186.Cedar_Waxwing
training/186.Cedar_Waxwing/Cedar_Waxwing_0016_178629,185,186.Cedar_Waxwing
training/186.Cedar_Waxwing/Cedar_Waxwing_0026_178878,185,186.Cedar_Waxwing
training/186.Cedar_Waxwing/Cedar_Waxwing_0029_179569,185,186.Cedar_Waxwing
training/186.Cedar_Waxwing/Cedar_Waxwing_0060_178190,185,186.Cedar_Waxwing
training/186.Cedar_Waxwing/Cedar_Waxwing_0062_178788,185,186.Cedar_Waxwing
training/186.Cedar_Waxwing/Cedar_Waxwing_0076_178732,185,186.Cedar_Waxwing
training/186.Cedar_Waxwing/Cedar_Waxwing_0098_178971,185,186.Cedar_Waxwing
training/186.Cedar_Waxwing/Cedar_Waxwing_0118_178779,185,186.Cedar_Waxwing
training/187.American_Three_toed_Woodpecker/American_Three_Toed_Woodpecker_0001_179912,186,187.American_Three_toed_Woodpecker
training/187.American_Three_toed_Woodpecker/American_Three_Toed_Woodpecker_0002_179885,186,187.American_Three_toed_Woodpecker
training/187.American_Three_toed_Woodpecker/American_Three_Toed_Woodpecker_0004_179908,186,187.American_Three_toed_Woodpecker
training/187.American_Three_toed_Woodpecker/American_Three_Toed_Woodpecker_0006_179838,186,187.American_Three_toed_Woodpecker
training/187.American_Three_toed_Woodpecker/American_Three_Toed_Woodpecker_0011_179847,186,187.American_Three_toed_Woodpecker
training/187.American_Three_toed_Woodpecker/American_Three_Toed_Woodpecker_0012_179905,186,187.American_Three_toed_Woodpecker
training/187.American_Three_toed_Woodpecker/American_Three_Toed_Woodpecker_0027_796147,186,187.American_Three_toed_Woodpecker
training/187.American_Three_toed_Woodpecker/American_Three_Toed_Woodpecker_0031_796172,186,187.American_Three_toed_Woodpecker
training/187.American_Three_toed_Woodpecker/American_Three_Toed_Woodpecker_0033_796169,186,187.American_Three_toed_Woodpecker
training/187.American_Three_toed_Woodpecker/American_Three_Toed_Woodpecker_0046_796153,186,187.American_Three_toed_Woodpecker
training/188.Pileated_Woodpecker/Pileated_Woodpecker_0004_180307,187,188.Pileated_Woodpecker
training/188.Pileated_Woodpecker/Pileated_Woodpecker_0008_180400,187,188.Pileated_Woodpecker
training/188.Pileated_Woodpecker/Pileated_Woodpecker_0030_180208,187,188.Pileated_Woodpecker
training/188.Pileated_Woodpecker/Pileated_Woodpecker_0032_180347,187,188.Pileated_Woodpecker
training/188.Pileated_Woodpecker/Pileated_Woodpecker_0034_180419,187,188.Pileated_Woodpecker
training/188.Pileated_Woodpecker/Pileated_Woodpecker_0072_180006,187,188.Pileated_Woodpecker
training/188.Pileated_Woodpecker/Pileated_Woodpecker_0078_180236,187,188.Pileated_Woodpecker
training/188.Pileated_Woodpecker/Pileated_Woodpecker_0089_179969,187,188.Pileated_Woodpecker
training/188.Pileated_Woodpecker/Pileated_Woodpecker_0110_180521,187,188.Pileated_Woodpecker
training/188.Pileated_Woodpecker/Pileated_Woodpecker_0112_180439,187,188.Pileated_Woodpecker
training/189.Red_bellied_Woodpecker/Red_Bellied_Woodpecker_0002_180879,188,189.Red_bellied_Woodpecker
training/189.Red_bellied_Woodpecker/Red_Bellied_Woodpecker_0010_180772,188,189.Red_bellied_Woodpecker
training/189.Red_bellied_Woodpecker/Red_Bellied_Woodpecker_0020_182335,188,189.Red_bellied_Woodpecker
training/189.Red_bellied_Woodpecker/Red_Bellied_Woodpecker_0021_182303,188,189.Red_bellied_Woodpecker
training/189.Red_bellied_Woodpecker/Red_Bellied_Woodpecker_0050_180751,188,189.Red_bellied_Woodpecker
training/189.Red_bellied_Woodpecker/Red_Bellied_Woodpecker_0069_181248,188,189.Red_bellied_Woodpecker
training/189.Red_bellied_Woodpecker/Red_Bellied_Woodpecker_0088_180941,188,189.Red_bellied_Woodpecker
training/189.Red_bellied_Woodpecker/Red_Bellied_Woodpecker_0104_181616,188,189.Red_bellied_Woodpecker
training/189.Red_bellied_Woodpecker/Red_Bellied_Woodpecker_0115_180775,188,189.Red_bellied_Woodpecker
training/189.Red_bellied_Woodpecker/Red_Bellied_Woodpecker_0125_180780,188,189.Red_bellied_Woodpecker
training/190.Red_cockaded_Woodpecker/Red_Cockaded_Woodpecker_0007_794755,189,190.Red_cockaded_Woodpecker
training/190.Red_cockaded_Woodpecker/Red_Cockaded_Woodpecker_0020_182683,189,190.Red_cockaded_Woodpecker
training/190.Red_cockaded_Woodpecker/Red_Cockaded_Woodpecker_0023_794701,189,190.Red_cockaded_Woodpecker
training/190.Red_cockaded_Woodpecker/Red_Cockaded_Woodpecker_0027_794713,189,190.Red_cockaded_Woodpecker
training/190.Red_cockaded_Woodpecker/Red_Cockaded_Woodpecker_0028_182395,189,190.Red_cockaded_Woodpecker
training/190.Red_cockaded_Woodpecker/Red_Cockaded_Woodpecker_0029_794724,189,190.Red_cockaded_Woodpecker
training/190.Red_cockaded_Woodpecker/Red_Cockaded_Woodpecker_0033_794721,189,190.Red_cockaded_Woodpecker
training/190.Red_cockaded_Woodpecker/Red_Cockaded_Woodpecker_0037_794733,189,190.Red_cockaded_Woodpecker
training/190.Red_cockaded_Woodpecker/Red_Cockaded_Woodpecker_0060_182377,189,190.Red_cockaded_Woodpecker
training/190.Red_cockaded_Woodpecker/Red_Cockaded_Woodpecker_0062_182371,189,190.Red_cockaded_Woodpecker
training/191.Red_headed_Woodpecker/Red_Headed_Woodpecker_0011_182803,190,191.Red_headed_Woodpecker
training/191.Red_headed_Woodpecker/Red_Headed_Woodpecker_0013_182721,190,191.Red_headed_Woodpecker
training/191.Red_headed_Woodpecker/Red_Headed_Woodpecker_0017_183777,190,191.Red_headed_Woodpecker
training/191.Red_headed_Woodpecker/Red_Headed_Woodpecker_0021_183454,190,191.Red_headed_Woodpecker
training/191.Red_headed_Woodpecker/Red_Headed_Woodpecker_0068_183662,190,191.Red_headed_Woodpecker
training/191.Red_headed_Woodpecker/Red_Headed_Woodpecker_0071_183132,190,191.Red_headed_Woodpecker
training/191.Red_headed_Woodpecker/Red_Headed_Woodpecker_0078_183427,190,191.Red_headed_Woodpecker
training/191.Red_headed_Woodpecker/Red_Headed_Woodpecker_0094_183401,190,191.Red_headed_Woodpecker
training/191.Red_headed_Woodpecker/Red_Headed_Woodpecker_0101_182538,190,191.Red_headed_Woodpecker
training/191.Red_headed_Woodpecker/Red_Headed_Woodpecker_0108_183403,190,191.Red_headed_Woodpecker
training/192.Downy_Woodpecker/Downy_Woodpecker_0030_184368,191,192.Downy_Woodpecker
training/192.Downy_Woodpecker/Downy_Woodpecker_0038_184418,191,192.Downy_Woodpecker
training/192.Downy_Woodpecker/Downy_Woodpecker_0044_184170,191,192.Downy_Woodpecker
training/192.Downy_Woodpecker/Downy_Woodpecker_0049_183920,191,192.Downy_Woodpecker
training/192.Downy_Woodpecker/Downy_Woodpecker_0075_184346,191,192.Downy_Woodpecker
training/192.Downy_Woodpecker/Downy_Woodpecker_0096_184532,191,192.Downy_Woodpecker
training/192.Downy_Woodpecker/Downy_Woodpecker_0102_184263,191,192.Downy_Woodpecker
training/192.Downy_Woodpecker/Downy_Woodpecker_0115_184096,191,192.Downy_Woodpecker
training/192.Downy_Woodpecker/Downy_Woodpecker_0123_184692,191,192.Downy_Woodpecker
training/192.Downy_Woodpecker/Downy_Woodpecker_0136_184534,191,192.Downy_Woodpecker
training/193.Bewick_Wren/Bewick_Wren_0003_185072,192,193.Bewick_Wren
training/193.Bewick_Wren/Bewick_Wren_0004_185202,192,193.Bewick_Wren
training/193.Bewick_Wren/Bewick_Wren_0034_185130,192,193.Bewick_Wren
training/193.Bewick_Wren/Bewick_Wren_0049_185339,192,193.Bewick_Wren
training/193.Bewick_Wren/Bewick_Wren_0062_185063,192,193.Bewick_Wren
training/193.Bewick_Wren/Bewick_Wren_0068_184895,192,193.Bewick_Wren
training/193.Bewick_Wren/Bewick_Wren_0081_185080,192,193.Bewick_Wren
training/193.Bewick_Wren/Bewick_Wren_0083_185190,192,193.Bewick_Wren
training/193.Bewick_Wren/Bewick_Wren_0084_184715,192,193.Bewick_Wren
training/193.Bewick_Wren/Bewick_Wren_0135_185251,192,193.Bewick_Wren
training/194.Cactus_Wren/Cactus_Wren_0008_186083,193,194.Cactus_Wren
training/194.Cactus_Wren/Cactus_Wren_0025_185696,193,194.Cactus_Wren
training/194.Cactus_Wren/Cactus_Wren_0030_185798,193,194.Cactus_Wren
training/194.Cactus_Wren/Cactus_Wren_0034_185817,193,194.Cactus_Wren
training/194.Cactus_Wren/Cactus_Wren_0041_185691,193,194.Cactus_Wren
training/194.Cactus_Wren/Cactus_Wren_0064_185826,193,194.Cactus_Wren
training/194.Cactus_Wren/Cactus_Wren_0066_186028,193,194.Cactus_Wren
training/194.Cactus_Wren/Cactus_Wren_0073_185670,193,194.Cactus_Wren
training/194.Cactus_Wren/Cactus_Wren_0078_185899,193,194.Cactus_Wren
training/194.Cactus_Wren/Cactus_Wren_0117_185591,193,194.Cactus_Wren
training/195.Carolina_Wren/Carolina_Wren_0029_186212,194,195.Carolina_Wren
training/195.Carolina_Wren/Carolina_Wren_0033_186848,194,195.Carolina_Wren
training/195.Carolina_Wren/Carolina_Wren_0035_186356,194,195.Carolina_Wren
training/195.Carolina_Wren/Carolina_Wren_0045_186165,194,195.Carolina_Wren
training/195.Carolina_Wren/Carolina_Wren_0049_186129,194,195.Carolina_Wren
training/195.Carolina_Wren/Carolina_Wren_0065_186517,194,195.Carolina_Wren
training/195.Carolina_Wren/Carolina_Wren_0091_186464,194,195.Carolina_Wren
training/195.Carolina_Wren/Carolina_Wren_0112_186562,194,195.Carolina_Wren
training/195.Carolina_Wren/Carolina_Wren_0141_186347,194,195.Carolina_Wren
training/195.Carolina_Wren/Carolina_Wren_0142_186443,194,195.Carolina_Wren
training/196.House_Wren/House_Wren_0001_188047,195,196.House_Wren
training/196.House_Wren/House_Wren_0011_187547,195,196.House_Wren
training/196.House_Wren/House_Wren_0035_187708,195,196.House_Wren
training/196.House_Wren/House_Wren_0046_187477,195,196.House_Wren
training/196.House_Wren/House_Wren_0063_188076,195,196.House_Wren
training/196.House_Wren/House_Wren_0116_187604,195,196.House_Wren
training/196.House_Wren/House_Wren_0117_187492,195,196.House_Wren
training/196.House_Wren/House_Wren_0119_187552,195,196.House_Wren
training/196.House_Wren/House_Wren_0122_187331,195,196.House_Wren
training/196.House_Wren/House_Wren_0133_187101,195,196.House_Wren
training/197.Marsh_Wren/Marsh_Wren_0012_188275,196,197.Marsh_Wren
training/197.Marsh_Wren/Marsh_Wren_0018_188363,196,197.Marsh_Wren
training/197.Marsh_Wren/Marsh_Wren_0019_188460,196,197.Marsh_Wren
training/197.Marsh_Wren/Marsh_Wren_0027_188376,196,197.Marsh_Wren
training/197.Marsh_Wren/Marsh_Wren_0038_188530,196,197.Marsh_Wren
training/197.Marsh_Wren/Marsh_Wren_0040_188252,196,197.Marsh_Wren
training/197.Marsh_Wren/Marsh_Wren_0062_188158,196,197.Marsh_Wren
training/197.Marsh_Wren/Marsh_Wren_0089_188318,196,197.Marsh_Wren
training/197.Marsh_Wren/Marsh_Wren_0095_188371,196,197.Marsh_Wren
training/197.Marsh_Wren/Marsh_Wren_0103_188483,196,197.Marsh_Wren
training/198.Rock_Wren/Rock_Wren_0003_189167,197,198.Rock_Wren
training/198.Rock_Wren/Rock_Wren_0019_188968,197,198.Rock_Wren
training/198.Rock_Wren/Rock_Wren_0021_189175,197,198.Rock_Wren
training/198.Rock_Wren/Rock_Wren_0063_189121,197,198.Rock_Wren
training/198.Rock_Wren/Rock_Wren_0069_188969,197,198.Rock_Wren
training/198.Rock_Wren/Rock_Wren_0080_189340,197,198.Rock_Wren
training/198.Rock_Wren/Rock_Wren_0086_188944,197,198.Rock_Wren
training/198.Rock_Wren/Rock_Wren_0113_189204,197,198.Rock_Wren
training/198.Rock_Wren/Rock_Wren_0114_189283,197,198.Rock_Wren
training/198.Rock_Wren/Rock_Wren_0125_188951,197,198.Rock_Wren
training/199.Winter_Wren/Winter_Wren_0007_190052,198,199.Winter_Wren
training/199.Winter_Wren/Winter_Wren_0033_189635,198,199.Winter_Wren
training/199.Winter_Wren/Winter_Wren_0065_189675,198,199.Winter_Wren
training/199.Winter_Wren/Winter_Wren_0072_189521,198,199.Winter_Wren
training/199.Winter_Wren/Winter_Wren_0077_190366,198,199.Winter_Wren
training/199.Winter_Wren/Winter_Wren_0081_190049,198,199.Winter_Wren
training/199.Winter_Wren/Winter_Wren_0087_190135,198,199.Winter_Wren
training/199.Winter_Wren/Winter_Wren_0116_189834,198,199.Winter_Wren
training/199.Winter_Wren/Winter_Wren_0119_189545,198,199.Winter_Wren
training/199.Winter_Wren/Winter_Wren_0131_190061,198,199.Winter_Wren
training/200.Common_Yellowthroat/Common_Yellowthroat_0009_190578,199,200.Common_Yellowthroat
training/200.Common_Yellowthroat/Common_Yellowthroat_0035_190567,199,200.Common_Yellowthroat
training/200.Common_Yellowthroat/Common_Yellowthroat_0069_190400,199,200.Common_Yellowthroat
training/200.Common_Yellowthroat/Common_Yellowthroat_0077_190990,199,200.Common_Yellowthroat
training/200.Common_Yellowthroat/Common_Yellowthroat_0081_190525,199,200.Common_Yellowthroat
training/200.Common_Yellowthroat/Common_Yellowthroat_0087_190414,199,200.Common_Yellowthroat
training/200.Common_Yellowthroat/Common_Yellowthroat_0092_190573,199,200.Common_Yellowthroat
training/200.Common_Yellowthroat/Common_Yellowthroat_0094_190690,199,200.Common_Yellowthroat
training/200.Common_Yellowthroat/Common_Yellowthroat_0104_190489,199,200.Common_Yellowthroat
training/200.Common_Yellowthroat/Common_Yellowthroat_0122_190570,199,200.Common_Yellowthroat
