image_id,label,class_name
training/001.Black_footed_Albatross/Black_Footed_Albatross_0017_796098,0,001.Black_footed_Albatross
training/001.Black_footed_Albatross/Black_Footed_Albatross_0032_796115,0,001.Black_footed_Albatross
training/001.Black_footed_Albatross/Black_Footed_Albatross_0047_796064,0,001.Black_footed_Albatross
training/001.Black_footed_Albatross/Black_Footed_Albatross_0063_796141,0,001.Black_footed_Albatross
training/001.Black_footed_Albatross/Black_Footed_Albatross_0071_796113,0,001.Black_footed_Albatross
training/001.Black_footed_Albatross/Black_Footed_Albatross_0074_59,0,001.Black_footed_Albatross
training/001.Black_footed_Albatross/Black_Footed_Albatross_0077_796114,0,001.Black_footed_Albatross
training/001.Black_footed_Albatross/Black_Footed_Albatross_0079_796122,0,001.Black_footed_Albatross
training/001.Black_footed_Albatross/Black_Footed_Albatross_0080_796096,0,001.Black_footed_Albatross
training/001.Black_footed_Albatross/Black_Footed_Albatross_0081_426,0,001.Black_footed_Albatross
training/002.Laysan_Albatross/Laysan_Albatross_0003_1033,1,002.Laysan_Albatross
training/002.Laysan_Albatross/Laysan_Albatross_0005_565,1,002.Laysan_Albatross
training/002.Laysan_Albatross/Laysan_Albatross_0018_492,1,002.Laysan_Albatross
training/002.Laysan_Albatross/Laysan_Albatross_0029_482,1,002.Laysan_Albatross
training/002.Laysan_Albatross/Laysan_Albatross_0040_472,1,002.Laysan_Albatross
training/002.Laysan_Albatross/Laysan_Albatross_0050_870,1,002.Laysan_Albatross
training/002.Laysan_Albatross/Laysan_Albatross_0051_1020,1,002.Laysan_Albatross
training/002.Laysan_Albatross/Laysan_Albatross_0056_500,1,002.Laysan_Albatross
training/002.Laysan_Albatross/Laysan_Albatross_0071_792,1,002.Laysan_Albatross
training/002.Laysan_Albatross/Laysan_Albatross_0081_800,1,002.Laysan_Albatross
training/003.Sooty_Albatross/Sooty_Albatross_0001_1071,2,003.Sooty_Albatross
training/003.Sooty_Albatross/Sooty_Albatross_0014_796373,2,003.Sooty_Albatross
training/003.Sooty_Albatross/Sooty_Albatross_0034_1154,2,003.Sooty_Albatross
training/003.Sooty_Albatross/Sooty_Albatross_0055_1160,2,003.Sooty_Albatross
training/003.Sooty_Albatross/Sooty_Albatross_0063_1101,2,003.Sooty_Albatross
training/003.Sooty_Albatross/Sooty_Albatross_0068_796353,2,003.Sooty_Albatross
training/003.Sooty_Albatross/Sooty_Albatross_0070_796346,2,003.Sooty_Albatross
training/003.Sooty_Albatross/Sooty_Albatross_0075_796352,2,003.Sooty_Albatross
training/003.Sooty_Albatross/Sooty_Albatross_0077_1080,2,003.Sooty_Albatross
training/003.Sooty_Albatross/Sooty_Albatross_0079_796389,2,003.Sooty_Albatross
training/004.Groove_billed_Ani/Groove_Billed_Ani_0015_1653,3,004.Groove_billed_Ani
training/004.Groove_billed_Ani/Groove_Billed_Ani_0019_1585,3,004.Groove_billed_Ani
training/004.Groove_billed_Ani/Groove_Billed_Ani_0023_1485,3,004.Groove_billed_Ani
training/004.Groove_billed_Ani/Groove_Billed_Ani_0033_1494,3,004.Groove_billed_Ani
training/004.Groove_billed_Ani/Groove_Billed_Ani_0051_1650,3,004.Groove_billed_Ani
training/004.Groove_billed_Ani/Groove_Billed_Ani_0065_1502,3,004.Groove_billed_Ani
training/004.Groove_billed_Ani/Groove_Billed_Ani_0071_1559,3,004.Groove_billed_Ani
training/004.Groove_billed_Ani/Groove_Billed_Ani_0072_1696,3,004.Groove_billed_Ani
training/004.Groove_billed_Ani/Groove_Billed_Ani_0076_1661,3,004.Groove_billed_Ani
training/004.Groove_billed_Ani/Groove_Billed_Ani_0085_1612,3,004.Groove_billed_Ani
training/005.Crested_Auklet/Crested_Auklet_0003_794962,4,005.Crested_Auklet
training/005.Crested_Auklet/Crested_Auklet_0005_794922,4,005.Crested_Auklet
training/005.Crested_Auklet/Crested_Auklet_0013_794914,4,005.Crested_Auklet
training/005.Crested_Auklet/Crested_Auklet_0032_794931,4,005.Crested_Auklet
training/005.Crested_Auklet/Crested_Auklet_0040_794912,4,005.Crested_Auklet
training/005.Crested_Auklet/Crested_Auklet_0052_794952,4,005.Crested_Auklet
training/005.Crested_Auklet/Crested_Auklet_0057_794932,4,005.Crested_Auklet
training/005.Crested_Auklet/Crested_Auklet_0062_794968,4,005.Crested_Auklet
training/005.Crested_Auklet/Crested_Auklet_0072_785260,4,005.Crested_Auklet
training/005.Crested_Auklet/Crested_Auklet_0076_785252,4,005.Crested_Auklet
training/006.Least_Auklet/Least_Auklet_0015_795065,5,006.Least_Auklet
training/006.Least_Auklet/Least_Auklet_0017_795084,5,006.Least_Auklet
training/006.Least_Auklet/Least_Auklet_0018_795077,5,006.Least_Auklet
training/006.Least_Auklet/Least_Auklet_0021_795127,5,006.Least_Auklet
training/006.Least_Auklet/Least_Auklet_0024_795120,5,006.Least_Auklet
training/006.Least_Auklet/Least_Auklet_0035_1888,5,006.Least_Auklet
training/006.Least_Auklet/Least_Auklet_0038_795132,5,006.Least_Auklet
training/006.Least_Auklet/Least_Auklet_0045_795069,5,006.Least_Auklet
training/006.Least_Auklet/Least_Auklet_0057_795126,5,006.Least_Auklet
training/006.Least_Auklet/Least_Auklet_0060_795095,5,006.Least_Auklet
training/007.Parakeet_Auklet/Parakeet_Auklet_0001_795972,6,007.Parakeet_Auklet
training/007.Parakeet_Auklet/Parakeet_Auklet_0004_795921,6,007.Parakeet_Auklet
training/007.Parakeet_Auklet/Parakeet_Auklet_0019_795987,6,007.Parakeet_Auklet
training/007.Parakeet_Auklet/Parakeet_Auklet_0028_795944,6,007.Parakeet_Auklet
training/007.Parakeet_Auklet/Parakeet_Auklet_0032_795986,6,007.Parakeet_Auklet
training/007.Parakeet_Auklet/Parakeet_Auklet_0043_795948,6,007.Parakeet_Auklet
training/007.Parakeet_Auklet/Parakeet_Auklet_0047_795956,6,007.Parakeet_Auklet
training/007.Parakeet_Auklet/Parakeet_Auklet_0048_795980,6,007.Parakeet_Auklet
training/007.Parakeet_Auklet/Parakeet_Auklet_0069_795936,6,007.Parakeet_Auklet
training/007.Parakeet_Auklet/Parakeet_Auklet_0078_2004,6,007.Parakeet_Auklet
training/008.Rhinoceros_Auklet/Rhinoceros_Auklet_0008_797531,7,008.Rhinoceros_Auklet
training/008.Rhinoceros_Auklet/Rhinoceros_Auklet_0011_797530,7,008.Rhinoceros_Auklet
training/008.Rhinoceros_Auklet/Rhinoceros_Auklet_0013_797537,7,008.Rhinoceros_Auklet
training/008.Rhinoceros_Auklet/Rhinoceros_Auklet_0015_2160,7,008.Rhinoceros_Auklet
training/008.Rhinoceros_Auklet/Rhinoceros_Auklet_0017_2155,7,008.Rhinoceros_Auklet
training/008.Rhinoceros_Auklet/Rhinoceros_Auklet_0019_797513,7,008.Rhinoceros_Auklet
training/008.Rhinoceros_Auklet/Rhinoceros_Auklet_0030_797509,7,008.Rhinoceros_Auklet
training/008.Rhinoceros_Auklet/Rhinoceros_Auklet_0031_797518,7,008.Rhinoceros_Auklet
training/008.Rhinoceros_Auklet/Rhinoceros_Auklet_0032_797516,7,008.Rhinoceros_Auklet
training/008.Rhinoceros_Auklet/Rhinoceros_Auklet_0043_2096,7,008.Rhinoceros_Auklet
training/009.Brewer_Blackbird/Brewer_Blackbird_0014_2679,8,009.Brewer_Blackbird
training/009.Brewer_Blackbird/Brewer_Blackbird_0030_2268,8,009.Brewer_Blackbird
training/009.Brewer_Blackbird/Brewer_Blackbird_0045_2303,8,009.Brewer_Blackbird
training/009.Brewer_Blackbird/Brewer_Blackbird_0074_2277,8,009.Brewer_Blackbird
training/009.Brewer_Blackbird/Brewer_Blackbird_0095_2610,8,009.Brewer_Blackbird
training/009.Brewer_Blackbird/Brewer_Blackbird_0097_2322,8,009.Brewer_Blackbird
training/009.Brewer_Blackbird/Brewer_Blackbird_0103_2273,8,009.Brewer_Blackbird
training/009.Brewer_Blackbird/Brewer_Blackbird_0116_2327,8,009.Brewer_Blackbird
training/009.Brewer_Blackbird/Brewer_Blackbird_0133_2324,8,009.Brewer_Blackbird
training/009.Brewer_Blackbird/Brewer_Blackbird_0140_2586,8,009.Brewer_Blackbird
training/010.Red_winged_Blackbird/Red_Winged_Blackbird_0001_3695,9,010.Red_winged_Blackbird
training/010.Red_winged_Blackbird/Red_Winged_Blackbird_0012_6015,9,010.Red_winged_Blackbird
training/010.Red_winged_Blackbird/Red_Winged_Blackbird_0014_3761,9,010.Red_winged_Blackbird
training/010.Red_winged_Blackbird/Red_Winged_Blackbird_0023_5257,9,010.Red_winged_Blackbird
training/010.Red_winged_Blackbird/Red_Winged_Blackbird_0046_4242,9,010.Red_winged_Blackbird
training/010.Red_winged_Blackbird/Red_Winged_Blackbird_0054_4625,9,010.Red_winged_Blackbird
training/010.Red_winged_Blackbird/Red_Winged_Blackbird_0055_4345,9,010.Red_winged_Blackbird
training/010.Red_winged_Blackbird/Red_Winged_Blackbird_0093_5948,9,010.Red_winged_Blackbird
training/010.Red_winged_Blackbird/Red_Winged_Blackbird_0096_5019,9,010.Red_winged_Blackbird
training/010.Red_winged_Blackbird/Red_Winged_Blackbird_0101_6244,9,010.Red_winged_Blackbird
training/011.Rusty_Blackbird/Rusty_Blackbird_0009_6853,10,011.Rusty_Blackbird
training/011.Rusty_Blackbird/Rusty_Blackbird_0011_7028,10,011.Rusty_Blackbird
training/011.Rusty_Blackbird/Rusty_Blackbird_0016_6684,10,011.Rusty_Blackbird
training/011.Rusty_Blackbird/Rusty_Blackbird_0017_6755,10,011.Rusty_Blackbird
training/011.Rusty_Blackbird/Rusty_Blackbird_0019_6704,10,011.Rusty_Blackbird
training/011.Rusty_Blackbird/Rusty_Blackbird_0031_6699,10,011.Rusty_Blackbird
training/011.Rusty_Blackbird/Rusty_Blackbird_0048_6632,10,011.Rusty_Blackbird
training/011.Rusty_Blackbird/Rusty_Blackbird_0085_6713,10,011.Rusty_Blackbird
training/011.Rusty_Blackbird/Rusty_Blackbird_0101_6880,10,011.Rusty_Blackbird
training/011.Rusty_Blackbird/Rusty_Blackbird_0114_6760,10,011.Rusty_Blackbird
training/012.Yellow_headed_Blackbird/Yellow_Headed_Blackbird_0026_8545,11,012.Yellow_headed_Blackbird
training/012.Yellow_headed_Blackbird/Yellow_Headed_Blackbird_0051_8387,11,012.Yellow_headed_Blackbird
training/012.Yellow_headed_Blackbird/Yellow_Headed_Blackbird_0057_8236,11,012.Yellow_headed_Blackbird
training/012.Yellow_headed_Blackbird/Yellow_Headed_Blackbird_0062_8310,11,012.Yellow_headed_Blackbird
training/012.Yellow_headed_Blackbird/Yellow_Headed_Blackbird_0070_8583,11,012.Yellow_headed_Blackbird
training/012.Yellow_headed_Blackbird/Yellow_Headed_Blackbird_0074_8452,11,012.Yellow_headed_Blackbird
training/012.Yellow_headed_Blackbird/Yellow_Headed_Blackbird_0077_8332,11,012.Yellow_headed_Blackbird
training/012.Yellow_headed_Blackbird/Yellow_Headed_Blackbird_0084_8435,11,012.Yellow_headed_Blackbird
training/012.Yellow_headed_Blackbird/Yellow_Headed_Blackbird_0086_8487,11,012.Yellow_headed_Blackbird
training/012.Yellow_headed_Blackbird/Yellow_Headed_Blackbird_0089_8326,11,012.Yellow_headed_Blackbird
training/013.Bobolink/Bobolink_0001_9261,12,013.Bobolink
training/013.Bobolink/Bobolink_0002_11085,12,013.Bobolink
training/013.Bobolink/Bobolink_0013_9367,12,013.Bobolink
training/013.Bobolink/Bobolink_0014_11055,12,013.Bobolink
training/013.Bobolink/Bobolink_0019_10552,12,013.Bobolink
training/013.Bobolink/Bobolink_0020_9194,12,013.Bobolink
training/013.Bobolink/Bobolink_0047_9204,12,013.Bobolink
training/013.Bobolink/Bobolink_0064_10092,12,013.Bobolink
training/013.Bobolink/Bobolink_0104_10273,12,013.Bobolink
training/013.Bobolink/Bobolink_0117_10215,12,013.Bobolink
training/014.Indigo_Bunting/Indigo_Bunting_0001_12469,13,014.Indigo_Bunting
training/014.Indigo_Bunting/Indigo_Bunting_0002_12163,13,014.Indigo_Bunting
training/014.Indigo_Bunting/Indigo_Bunting_0003_13049,13,014.Indigo_Bunting
training/014.Indigo_Bunting/Indigo_Bunting_0005_13832,13,014.Indigo_Bunting
training/014.Indigo_Bunting/Indigo_Bunting_0006_14317,13,014.Indigo_Bunting
training/014.Indigo_Bunting/Indigo_Bunting_0024_13523,13,014.Indigo_Bunting
training/014.Indigo_Bunting/Indigo_Bunting_0028_12335,13,014.Indigo_Bunting
training/014.Indigo_Bunting/Indigo_Bunting_0044_14389,13,014.Indigo_Bunting
training/014.Indigo_Bunting/Indigo_Bunting_0049_13641,13,014.Indigo_Bunting
training/014.Indigo_Bunting/Indigo_Bunting_0076_12950,13,014.Indigo_Bunting
training/015.Lazuli_Bunting/Lazuli_Bunting_0020_14837,14,015.Lazuli_Bunting
training/015.Lazuli_Bunting/Lazuli_Bunting_0034_14864,14,015.Lazuli_Bunting
training/015.Lazuli_Bunting/Lazuli_Bunting_0039_15081,14,015.Lazuli_Bunting
training/015.Lazuli_Bunting/Lazuli_Bunting_0046_14787,14,015.Lazuli_Bunting
training/015.Lazuli_Bunting/Lazuli_Bunting_0055_15043,14,015.Lazuli_Bunting
training/015.Lazuli_Bunting/Lazuli_Bunting_0067_14672,14,015.Lazuli_Bunting
training/015.Lazuli_Bunting/Lazuli_Bunting_0081_14709,14,015.Lazuli_Bunting
training/015.Lazuli_Bunting/Lazuli_Bunting_0087_15096,14,015.Lazuli_Bunting
training/015.Lazuli_Bunting/Lazuli_Bunting_0089_14598,14,015.Lazuli_Bunting
training/015.Lazuli_Bunting/Lazuli_Bunting_0102_14605,14,015.Lazuli_Bunting
training/016.Painted_Bunting/Painted_Bunting_0005_15202,15,016.Painted_Bunting
training/016.Painted_Bunting/Painted_Bunting_0039_15235,15,016.Painted_Bunting
training/016.Painted_Bunting/Painted_Bunting_0046_16535,15,016.Painted_Bunting
training/016.Painted_Bunting/Painted_Bunting_0056_16599,15,016.Painted_Bunting
training/016.Painted_Bunting/Painted_Bunting_0066_15241,15,016.Painted_Bunting
training/016.Painted_Bunting/Painted_Bunting_0071_15209,15,016.Painted_Bunting
training/016.Painted_Bunting/Painted_Bunting_0083_16587,15,016.Painted_Bunting
training/016.Painted_Bunting/Painted_Bunting_0086_16540,15,016.Painted_Bunting
training/016.Painted_Bunting/Painted_Bunting_0093_15212,15,016.Painted_Bunting
training/016.Painted_Bunting/Painted_Bunting_0096_15233,15,016.Painted_Bunting
training/017.Cardinal/Cardinal_0037_18092,16,017.Cardinal
training/017.Cardinal/Cardinal_0039_17597,16,017.Cardinal
training/017.Cardinal/Cardinal_0052_18334,16,017.Cardinal
training/017.Cardinal/Cardinal_0056_18352,16,017.Cardinal
training/017.Cardinal/Cardinal_0057_17128,16,017.Cardinal
training/017.Cardinal/Cardinal_0060_17139,16,017.Cardinal
training/017.Cardinal/Cardinal_0066_17803,16,017.Cardinal
training/017.Cardinal/Cardinal_0079_19044,16,017.Cardinal
training/017.Cardinal/Cardinal_0083_18042,16,017.Cardinal
training/017.Cardinal/Cardinal_0094_17165,16,017.Cardinal
training/018.Spotted_Catbird/Spotted_Catbird_0001_796797,17,018.Spotted_Catbird
training/018.Spotted_Catbird/Spotted_Catbird_0008_796789,17,018.Spotted_Catbird
training/018.Spotted_Catbird/Spotted_Catbird_0012_796802,17,018.Spotted_Catbird
training/018.Spotted_Catbird/Spotted_Catbird_0013_19428,17,018.Spotted_Catbird
training/018.Spotted_Catbird/Spotted_Catbird_0020_796794,17,018.Spotted_Catbird
training/018.Spotted_Catbird/Spotted_Catbird_0022_796821,17,018.Spotted_Catbird
training/018.Spotted_Catbird/Spotted_Catbird_0023_796793,17,018.Spotted_Catbird
training/018.Spotted_Catbird/Spotted_Catbird_0034_19437,17,018.Spotted_Catbird
training/018.Spotted_Catbird/Spotted_Catbird_0037_796810,17,018.Spotted_Catbird
training/018.Spotted_Catbird/Spotted_Catbird_0045_796814,17,018.Spotted_Catbird
training/019.Gray_Catbird/Gray_Catbird_0006_20867,18,019.Gray_Catbird
training/019.Gray_Catbird/Gray_Catbird_0023_20668,18,019.Gray_Catbird
training/019.Gray_Catbird/Gray_Catbird_0027_20968,18,019.Gray_Catbird
training/019.Gray_Catbird/Gray_Catbird_0048_20558,18,019.Gray_Catbird
training/019.Gray_Catbird/Gray_Catbird_0074_19601,18,019.Gray_Catbird
training/019.Gray_Catbird/Gray_Catbird_0090_21464,18,019.Gray_Catbird
training/019.Gray_Catbird/Gray_Catbird_0107_20513,18,019.Gray_Catbird
training/019.Gray_Catbird/Gray_Catbird_0111_19550,18,019.Gray_Catbird
training/019.Gray_Catbird/Gray_Catbird_0126_19446,18,019.Gray_Catbird
training/019.Gray_Catbird/Gray_Catbird_0131_19633,18,019.Gray_Catbird
training/020.Yellow_breasted_Chat/Yellow_Breasted_Chat_0012_21961,19,020.Yellow_breasted_Chat
training/020.Yellow_breasted_Chat/Yellow_Breasted_Chat_0014_21970,19,020.Yellow_breasted_Chat
training/020.Yellow_breasted_Chat/Yellow_Breasted_Chat_0026_21845,19,020.Yellow_breasted_Chat
training/020.Yellow_breasted_Chat/Yellow_Breasted_Chat_0033_21873,19,020.Yellow_breasted_Chat
training/020.Yellow_breasted_Chat/Yellow_Breasted_Chat_0058_21864,19,020.Yellow_breasted_Chat
training/020.Yellow_breasted_Chat/Yellow_Breasted_Chat_0062_21673,19,020.Yellow_breasted_Chat
training/020.Yellow_breasted_Chat/Yellow_Breasted_Chat_0071_22129,19,020.Yellow_breasted_Chat
training/020.Yellow_breasted_Chat/Yellow_Breasted_Chat_0089_21804,19,020.Yellow_breasted_Chat
training/020.Yellow_breasted_Chat/Yellow_Breasted_Chat_0101_21677,19,020.Yellow_breasted_Chat
training/020.Yellow_breasted_Chat/Yellow_Breasted_Chat_0103_21670,19,020.Yellow_breasted_Chat
training/021.Eastern_Towhee/Eastern_Towhee_0021_22152,20,021.Eastern_Towhee
training/021.Eastern_Towhee/Eastern_Towhee_0035_22223,20,021.Eastern_Towhee
training/021.Eastern_Towhee/Eastern_Towhee_0040_22341,20,021.Eastern_Towhee
training/021.Eastern_Towhee/Eastern_Towhee_0042_22155,20,021.Eastern_Towhee
training/021.Eastern_Towhee/Eastern_Towhee_0050_22257,20,021.Eastern_Towhee
training/021.Eastern_Towhee/Eastern_Towhee_0052_22558,20,021.Eastern_Towhee
training/021.Eastern_Towhee/Eastern_Towhee_0054_22147,20,021.Eastern_Towhee
training/021.Eastern_Towhee/Eastern_Towhee_0075_22588,20,021.Eastern_Towhee
training/021.Eastern_Towhee/Eastern_Towhee_0093_22621,20,021.Eastern_Towhee
training/021.Eastern_Towhee/Eastern_Towhee_0099_22566,20,021.Eastern_Towhee
training/022.Chuck_will_Widow/Chuck_Will_Widow_0002_796959,21,022.Chuck_will_Widow
training/022.Chuck_will_Widow/Chuck_Will_Widow_0004_796957,21,022.Chuck_will_Widow
training/022.Chuck_will_Widow/Chuck_Will_Widow_0005_796998,21,022.Chuck_will_Widow
training/022.Chuck_will_Widow/Chuck_Will_Widow_0006_796986,21,022.Chuck_will_Widow
training/022.Chuck_will_Widow/Chuck_Will_Widow_0016_796974,21,022.Chuck_will_Widow
training/022.Chuck_will_Widow/Chuck_Will_Widow_0026_796963,21,022.Chuck_will_Widow
training/022.Chuck_will_Widow/Chuck_Will_Widow_0043_797001,21,022.Chuck_will_Widow
training/022.Chuck_will_Widow/Chuck_Will_Widow_0046_796966,21,022.Chuck_will_Widow
training/022.Chuck_will_Widow/Chuck_Will_Widow_0050_22750,21,022.Chuck_will_Widow
training/022.Chuck_will_Widow/Chuck_Will_Widow_0056_796996,21,022.Chuck_will_Widow
training/023.Brandt_Cormorant/Brandt_Cormorant_0009_22890,22,023.Brandt_Cormorant
training/023.Brandt_Cormorant/Brandt_Cormorant_0014_23050,22,023.Brandt_Cormorant
training/023.Brandt_Cormorant/Brandt_Cormorant_0015_23198,22,023.Brandt_Cormorant
training/023.Brandt_Cormorant/Brandt_Cormorant_0021_23097,22,023.Brandt_Cormorant
training/023.Brandt_Cormorant/Brandt_Cormorant_0029_23043,22,023.Brandt_Cormorant
training/023.Brandt_Cormorant/Brandt_Cormorant_0032_22886,22,023.Brandt_Cormorant
training/023.Brandt_Cormorant/Brandt_Cormorant_0035_23000,22,023.Brandt_Cormorant
training/023.Brandt_Cormorant/Brandt_Cormorant_0045_22916,22,023.Brandt_Cormorant
training/023.Brandt_Cormorant/Brandt_Cormorant_0067_23352,22,023.Brandt_Cormorant
training/023.Brandt_Cormorant/Brandt_Cormorant_0082_22978,22,023.Brandt_Cormorant
training/024.Red_faced_Cormorant/Red_Faced_Cormorant_0002_796275,23,024.Red_faced_Cormorant
training/024.Red_faced_Cormorant/Red_Faced_Cormorant_0007_796280,23,024.Red_faced_Cormorant
training/024.Red_faced_Cormorant/Red_Faced_Cormorant_0042_796277,23,024.Red_faced_Cormorant
training/024.Red_faced_Cormorant/Red_Faced_Cormorant_0045_796324,23,024.Red_faced_Cormorant
training/024.Red_faced_Cormorant/Red_Faced_Cormorant_0046_23446,23,024.Red_faced_Cormorant
training/024.Red_faced_Cormorant/Red_Faced_Cormorant_0048_796296,23,024.Red_faced_Cormorant
training/024.Red_faced_Cormorant/Red_Faced_Cormorant_0052_796316,23,024.Red_faced_Cormorant
training/024.Red_faced_Cormorant/Red_Faced_Cormorant_0060_23416,23,024.Red_faced_Cormorant
training/024.Red_faced_Cormorant/Red_Faced_Cormorant_0061_796300,23,024.Red_faced_Cormorant
training/024.Red_faced_Cormorant/Red_Faced_Cormorant_0062_796336,23,024.Red_faced_Cormorant
training/025.Pelagic_Cormorant/Pelagic_Cormorant_0008_23602,24,025.Pelagic_Cormorant
training/025.Pelagic_Cormorant/Pelagic_Cormorant_0019_23546,24,025.Pelagic_Cormorant
training/025.Pelagic_Cormorant/Pelagic_Cormorant_0035_23849,24,025.Pelagic_Cormorant
training/025.Pelagic_Cormorant/Pelagic_Cormorant_0047_23718,24,025.Pelagic_Cormorant
training/025.Pelagic_Cormorant/Pelagic_Cormorant_0053_23760,24,025.Pelagic_Cormorant
training/025.Pelagic_Cormorant/Pelagic_Cormorant_0054_23812,24,025.Pelagic_Cormorant
training/025.Pelagic_Cormorant/Pelagic_Cormorant_0062_23623,24,025.Pelagic_Cormorant
training/025.Pelagic_Cormorant/Pelagic_Cormorant_0064_23641,24,025.Pelagic_Cormorant
training/025.Pelagic_Cormorant/Pelagic_Cormorant_0084_23836,24,025.Pelagic_Cormorant
training/025.Pelagic_Cormorant/Pelagic_Cormorant_0085_23821,24,025.Pelagic_Cormorant
training/026.Bronzed_Cowbird/Bronzed_Cowbird_0001_796219,25,026.Bronzed_Cowbird
training/026.Bronzed_Cowbird/Bronzed_Cowbird_0008_796250,25,026.Bronzed_Cowbird
training/026.Bronzed_Cowbird/Bronzed_Cowbird_0012_796247,25,026.Bronzed_Cowbird
training/026.Bronzed_Cowbird/Bronzed_Cowbird_0023_24058,25,026.Bronzed_Cowbird
training/026.Bronzed_Cowbird/Bronzed_Cowbird_0027_24022,25,026.Bronzed_Cowbird
training/026.Bronzed_Cowbird/Bronzed_Cowbird_0029_796256,25,026.Bronzed_Cowbird
training/026.Bronzed_Cowbird/Bronzed_Cowbird_0039_24026,25,026.Bronzed_Cowbird
training/026.Bronzed_Cowbird/Bronzed_Cowbird_0053_24170,25,026.Bronzed_Cowbird
training/026.Bronzed_Cowbird/Bronzed_Cowbird_0054_24159,25,026.Bronzed_Cowbird
training/026.Bronzed_Cowbird/Bronzed_Cowbird_0086_796259,25,026.Bronzed_Cowbird
training/027.Shiny_Cowbird/Shiny_Cowbird_0002_24380,26,027.Shiny_Cowbird
training/027.Shiny_Cowbird/Shiny_Cowbird_0010_24439,26,027.Shiny_Cowbird
training/027.Shiny_Cowbird/Shiny_Cowbird_0026_796847,26,027.Shiny_Cowbird
training/027.Shiny_Cowbird/Shiny_Cowbird_0034_796849,26,027.Shiny_Cowbird
training/027.Shiny_Cowbird/Shiny_Cowbird_0045_796856,26,027.Shiny_Cowbird
training/027.Shiny_Cowbird/Shiny_Cowbird_0047_24210,26,027.Shiny_Cowbird
training/027.Shiny_Cowbird/Shiny_Cowbird_0055_24331,26,027.Shiny_Cowbird
training/027.Shiny_Cowbird/Shiny_Cowbird_0063_24259,26,027.Shiny_Cowbird
training/027.Shiny_Cowbird/Shiny_Cowbird_0077_24273,26,027.Shiny_Cowbird
training/027.Shiny_Cowbird/Shiny_Cowbird_0086_24386,26,027.Shiny_Cowbird
training/028.Brown_Creeper/Brown_Creeper_0042_24578,27,028.Brown_Creeper
training/028.Brown_Creeper/Brown_Creeper_0043_24549,27,028.Brown_Creeper
training/028.Brown_Creeper/Brown_Creeper_0047_24984,27,028.Brown_Creeper
training/028.Brown_Creeper/Brown_Creeper_0048_24976,27,028.Brown_Creeper
training/028.Brown_Creeper/Brown_Creeper_0059_25010,27,028.Brown_Creeper
training/028.Brown_Creeper/Brown_Creeper_0100_24502,27,028.Brown_Creeper
training/028.Brown_Creeper/Brown_Creeper_0103_24632,27,028.Brown_Creeper
training/028.Brown_Creeper/Brown_Creeper_0113_24560,27,028.Brown_Creeper
training/028.Brown_Creeper/Brown_Creeper_0114_24649,27,028.Brown_Creeper
training/028.Brown_Creeper/Brown_Creeper_0118_24500,27,028.Brown_Creeper
training/029.American_Crow/American_Crow_0003_25130,28,029.American_Crow
training/029.American_Crow/American_Crow_0012_25305,28,029.American_Crow
training/029.American_Crow/American_Crow_0036_25313,28,029.American_Crow
training/029.American_Crow/American_Crow_0039_25061,28,029.American_Crow
training/029.American_Crow/American_Crow_0068_25198,28,029.American_Crow
training/029.American_Crow/American_Crow_0081_25837,28,029.American_Crow
training/029.American_Crow/American_Crow_0093_25694,28,029.American_Crow
training/029.American_Crow/American_Crow_0109_25123,28,029.American_Crow
training/029.American_Crow/American_Crow_0116_25199,28,029.American_Crow
training/029.American_Crow/American_Crow_0130_25163,28,029.American_Crow
training/030.Fish_Crow/Fish_Crow_0003_25970,29,030.Fish_Crow
training/030.Fish_Crow/Fish_Crow_0004_25936,29,030.Fish_Crow
training/030.Fish_Crow/Fish_Crow_0005_25912,29,030.Fish_Crow
training/030.Fish_Crow/Fish_Crow_0010_25836,29,030.Fish_Crow
training/030.Fish_Crow/Fish_Crow_0011_25866,29,030.Fish_Crow
training/030.Fish_Crow/Fish_Crow_0017_26127,29,030.Fish_Crow
training/030.Fish_Crow/Fish_Crow_0028_25968,29,030.Fish_Crow
training/030.Fish_Crow/Fish_Crow_0058_25999,29,030.Fish_Crow
training/030.Fish_Crow/Fish_Crow_0068_25859,29,030.Fish_Crow
training/030.Fish_Crow/Fish_Crow_0079_26030,29,030.Fish_Crow
training/031.Black_billed_Cuckoo/Black_Billed_Cuckoo_0019_795329,30,031.Black_billed_Cuckoo
training/031.Black_billed_Cuckoo/Black_Billed_Cuckoo_0047_26176,30,031.Black_billed_Cuckoo
training/031.Black_billed_Cuckoo/Black_Billed_Cuckoo_0055_26223,30,031.Black_billed_Cuckoo
training/031.Black_billed_Cuckoo/Black_Billed_Cuckoo_0058_795292,30,031.Black_billed_Cuckoo
training/031.Black_billed_Cuckoo/Black_Billed_Cuckoo_0061_795327,30,031.Black_billed_Cuckoo
training/031.Black_billed_Cuckoo/Black_Billed_Cuckoo_0074_795286,30,031.Black_billed_Cuckoo
training/031.Black_billed_Cuckoo/Black_Billed_Cuckoo_0077_26222,30,031.Black_billed_Cuckoo
training/031.Black_billed_Cuckoo/Black_Billed_Cuckoo_0079_26180,30,031.Black_billed_Cuckoo
training/031.Black_billed_Cuckoo/Black_Billed_Cuckoo_0088_26217,30,031.Black_billed_Cuckoo
training/031.Black_billed_Cuckoo/Black_Billed_Cuckoo_0096_26204,30,031.Black_billed_Cuckoo
training/032.Mangrove_Cuckoo/Mangrove_Cuckoo_0004_794614,31,032.Mangrove_Cuckoo
training/032.Mangrove_Cuckoo/Mangrove_Cuckoo_0014_26388,31,032.Mangrove_Cuckoo
training/032.Mangrove_Cuckoo/Mangrove_Cuckoo_0015_26380,31,032.Mangrove_Cuckoo
training/032.Mangrove_Cuckoo/Mangrove_Cuckoo_0025_26375,31,032.Mangrove_Cuckoo
training/032.Mangrove_Cuckoo/Mangrove_Cuckoo_0033_26359,31,032.Mangrove_Cuckoo
training/032.Mangrove_Cuckoo/Mangrove_Cuckoo_0039_26348,31,032.Mangrove_Cuckoo
training/032.Mangrove_Cuckoo/Mangrove_Cuckoo_0044_26393,31,032.Mangrove_Cuckoo
training/032.Mangrove_Cuckoo/Mangrove_Cuckoo_0045_794612,31,032.Mangrove_Cuckoo
training/032.Mangrove_Cuckoo/Mangrove_Cuckoo_0046_794616,31,032.Mangrove_Cuckoo
training/032.Mangrove_Cuckoo/Mangrove_Cuckoo_0052_794608,31,032.Mangrove_Cuckoo
training/033.Yellow_billed_Cuckoo/Yellow_Billed_Cuckoo_0002_26715,32,033.Yellow_billed_Cuckoo
training/033.Yellow_billed_Cuckoo/Yellow_Billed_Cuckoo_0010_26795,32,033.Yellow_billed_Cuckoo
training/033.Yellow_billed_Cuckoo/Yellow_Billed_Cuckoo_0019_26803,32,033.Yellow_billed_Cuckoo
training/033.Yellow_billed_Cuckoo/Yellow_Billed_Cuckoo_0022_26423,32,033.Yellow_billed_Cuckoo
training/033.Yellow_billed_Cuckoo/Yellow_Billed_Cuckoo_0028_26446,32,033.Yellow_billed_Cuckoo
training/033.Yellow_billed_Cuckoo/Yellow_Billed_Cuckoo_0049_26766,32,033.Yellow_billed_Cuckoo
training/033.Yellow_billed_Cuckoo/Yellow_Billed_Cuckoo_0050_26424,32,033.Yellow_billed_Cuckoo
training/033.Yellow_billed_Cuckoo/Yellow_Billed_Cuckoo_0084_26761,32,033.Yellow_billed_Cuckoo
training/033.Yellow_billed_Cuckoo/Yellow_Billed_Cuckoo_0092_26859,32,033.Yellow_billed_Cuckoo
training/033.Yellow_billed_Cuckoo/Yellow_Billed_Cuckoo_0093_26432,32,033.Yellow_billed_Cuckoo
training/034.Gray_crowned_Rosy_Finch/Gray_Crowned_Rosy_Finch_0006_797284,33,034.Gray_crowned_Rosy_Finch
training/034.Gray_crowned_Rosy_Finch/Gray_Crowned_Rosy_Finch_0013_27110,33,034.Gray_crowned_Rosy_Finch
training/034.Gray_crowned_Rosy_Finch/Gray_Crowned_Rosy_Finch_0015_797291,33,034.Gray_crowned_Rosy_Finch
training/034.Gray_crowned_Rosy_Finch/Gray_Crowned_Rosy_Finch_0025_797274,33,034.Gray_crowned_Rosy_Finch
training/034.Gray_crowned_Rosy_Finch/Gray_Crowned_Rosy_Finch_0038_797309,33,034.Gray_crowned_Rosy_Finch
training/034.Gray_crowned_Rosy_Finch/Gray_Crowned_Rosy_Finch_0042_27143,33,034.Gray_crowned_Rosy_Finch
training/034.Gray_crowned_Rosy_Finch/Gray_Crowned_Rosy_Finch_0044_26976,33,034.Gray_crowned_Rosy_Finch
training/034.Gray_crowned_Rosy_Finch/Gray_Crowned_Rosy_Finch_0052_27032,33,034.Gray_crowned_Rosy_Finch
training/034.Gray_crowned_Rosy_Finch/Gray_Crowned_Rosy_Finch_0055_27112,33,034.Gray_crowned_Rosy_Finch
training/034.Gray_crowned_Rosy_Finch/Gray_Crowned_Rosy_Finch_0075_27165,33,034.Gray_crowned_Rosy_Finch
training/035.Purple_Finch/Purple_Finch_0005_27512,34,035.Purple_Finch
training/035.Purple_Finch/Purple_Finch_0006_27950,34,035.Purple_Finch
training/035.Purple_Finch/Purple_Finch_0013_27506,34,035.Purple_Finch
training/035.Purple_Finch/Purple_Finch_0050_27702,34,035.Purple_Finch
training/035.Purple_Finch/Purple_Finch_0081_27913,34,035.Purple_Finch
training/035.Purple_Finch/Purple_Finch_0086_27637,34,035.Purple_Finch
training/035.Purple_Finch/Purple_Finch_0088_28076,34,035.Purple_Finch
training/035.Purple_Finch/Purple_Finch_0096_27688,34,035.Purple_Finch
training/035.Purple_Finch/Purple_Finch_0108_28143,34,035.Purple_Finch
training/035.Purple_Finch/Purple_Finch_0114_27837,34,035.Purple_Finch
training/036.Northern_Flicker/Northern_Flicker_0011_28466,35,036.Northern_Flicker
training/036.Northern_Flicker/Northern_Flicker_0035_28332,35,036.Northern_Flicker
training/036.Northern_Flicker/Northern_Flicker_0069_28924,35,036.Northern_Flicker
training/036.Northern_Flicker/Northern_Flicker_0077_28341,35,036.Northern_Flicker
training/036.Northern_Flicker/Northern_Flicker_0078_28338,35,036.Northern_Flicker
training/036.Northern_Flicker/Northern_Flicker_0085_28378,35,036.Northern_Flicker
training/036.Northern_Flicker/Northern_Flicker_0095_28938,35,036.Northern_Flicker
training/036.Northern_Flicker/Northern_Flicker_0107_28667,35,036.Northern_Flicker
training/036.Northern_Flicker/Northern_Flicker_0111_28402,35,036.Northern_Flicker
training/036.Northern_Flicker/Northern_Flicker_0138_28476,35,036.Northern_Flicker
training/037.Acadian_Flycatcher/Acadian_Flycatcher_0006_795595,36,037.Acadian_Flycatcher
training/037.Acadian_Flycatcher/Acadian_Flycatcher_0007_795600,36,037.Acadian_Flycatcher
training/037.Acadian_Flycatcher/Acadian_Flycatcher_0033_29195,36,037.Acadian_Flycatcher
training/037.Acadian_Flycatcher/Acadian_Flycatcher_0035_795618,36,037.Acadian_Flycatcher
training/037.Acadian_Flycatcher/Acadian_Flycatcher_0040_795629,36,037.Acadian_Flycatcher
training/037.Acadian_Flycatcher/Acadian_Flycatcher_0053_795620,36,037.Acadian_Flycatcher
training/037.Acadian_Flycatcher/Acadian_Flycatcher_0054_29113,36,037.Acadian_Flycatcher
training/037.Acadian_Flycatcher/Acadian_Flycatcher_0055_795609,36,037.Acadian_Flycatcher
training/037.Acadian_Flycatcher/Acadian_Flycatcher_0066_29190,36,037.Acadian_Flycatcher
training/037.Acadian_Flycatcher/Acadian_Flycatcher_0067_29197,36,037.Acadian_Flycatcher
training/038.Great_Crested_Flycatcher/Great_Crested_Flycatcher_0004_29701,37,038.Great_Crested_Flycatcher
training/038.Great_Crested_Flycatcher/Great_Crested_Flycatcher_0006_29362,37,038.Great_Crested_Flycatcher
training/038.Great_Crested_Flycatcher/Great_Crested_Flycatcher_0019_29801,37,038.Great_Crested_Flycatcher
training/038.Great_Crested_Flycatcher/Great_Crested_Flycatcher_0038_29533,37,038.Great_Crested_Flycatcher
training/038.Great_Crested_Flycatcher/Great_Crested_Flycatcher_0048_29586,37,038.Great_Crested_Flycatcher
training/038.Great_Crested_Flycatcher/Great_Crested_Flycatcher_0068_29416,37,038.Great_Crested_Flycatcher
training/038.Great_Crested_Flycatcher/Great_Crested_Flycatcher_0082_29445,37,038.Great_Crested_Flycatcher
training/038.Great_Crested_Flycatcher/Great_Crested_Flycatcher_0084_29716,37,038.Great_Crested_Flycatcher
training/038.Great_Crested_Flycatcher/Great_Crested_Flycatcher_0089_29592,37,038.Great_Crested_Flycatcher
training/038.Great_Crested_Flycatcher/Great_Crested_Flycatcher_0105_29456,37,038.Great_Crested_Flycatcher
training/039.Least_Flycatcher/Least_Flycatcher_0010_30149,38,039.Least_Flycatcher
training/039.Least_Flycatcher/Least_Flycatcher_0024_30230,38,039.Least_Flycatcher
training/039.Least_Flycatcher/Least_Flycatcher_0034_30151,38,039.Least_Flycatcher
training/039.Least_Flycatcher/Least_Flycatcher_0036_30213,38,039.Least_Flycatcher
training/039.Least_Flycatcher/Least_Flycatcher_0047_30393,38,039.Least_Flycatcher
training/039.Least_Flycatcher/Least_Flycatcher_0049_30361,38,039.Least_Flycatcher
training/039.Least_Flycatcher/Least_Flycatcher_0063_30190,38,039.Least_Flycatcher
training/039.Least_Flycatcher/Least_Flycatcher_0076_30117,38,039.Least_Flycatcher
training/039.Least_Flycatcher/Least_Flycatcher_0081_30380,38,039.Least_Flycatcher
training/039.Least_Flycatcher/Least_Flycatcher_0095_30277,38,039.Least_Flycatcher
training/040.Olive_sided_Flycatcher/Olive_Sided_Flycatcher_0005_30734,39,040.Olive_sided_Flycatcher
training/040.Olive_sided_Flycatcher/Olive_Sided_Flycatcher_0034_30672,39,040.Olive_sided_Flycatcher
training/040.Olive_sided_Flycatcher/Olive_Sided_Flycatcher_0037_30784,39,040.Olive_sided_Flycatcher
training/040.Olive_sided_Flycatcher/Olive_Sided_Flycatcher_0040_30620,39,040.Olive_sided_Flycatcher
training/040.Olive_sided_Flycatcher/Olive_Sided_Flycatcher_0054_30732,39,040.Olive_sided_Flycatcher
training/040.Olive_sided_Flycatcher/Olive_Sided_Flycatcher_0059_30536,39,040.Olive_sided_Flycatcher
training/040.Olive_sided_Flycatcher/Olive_Sided_Flycatcher_0061_30540,39,040.Olive_sided_Flycatcher
training/040.Olive_sided_Flycatcher/Olive_Sided_Flycatcher_0070_30490,39,040.Olive_sided_Flycatcher
training/040.Olive_sided_Flycatcher/Olive_Sided_Flycatcher_0071_30647,39,040.Olive_sided_Flycatcher
training/040.Olive_sided_Flycatcher/Olive_Sided_Flycatcher_0078_30752,39,040.Olive_sided_Flycatcher
training/041.Scissor_tailed_Flycatcher/Scissor_Tailed_Flycatcher_0016_42111,40,041.Scissor_tailed_Flycatcher
training/041.Scissor_tailed_Flycatcher/Scissor_Tailed_Flycatcher_0026_41774,40,041.Scissor_tailed_Flycatcher
training/041.Scissor_tailed_Flycatcher/Scissor_Tailed_Flycatcher_0035_42025,40,041.Scissor_tailed_Flycatcher
training/041.Scissor_tailed_Flycatcher/Scissor_Tailed_Flycatcher_0077_41688,40,041.Scissor_tailed_Flycatcher
training/041.Scissor_tailed_Flycatcher/Scissor_Tailed_Flycatcher_0085_41830,40,041.Scissor_tailed_Flycatcher
training/041.Scissor_tailed_Flycatcher/Scissor_Tailed_Flycatcher_0088_41700,40,041.Scissor_tailed_Flycatcher
training/041.Scissor_tailed_Flycatcher/Scissor_Tailed_Flycatcher_0092_41767,40,041.Scissor_tailed_Flycatcher
training/041.Scissor_tailed_Flycatcher/Scissor_Tailed_Flycatcher_0097_41701,40,041.Scissor_tailed_Flycatcher
training/041.Scissor_tailed_Flycatcher/Scissor_Tailed_Flycatcher_0119_41879,40,041.Scissor_tailed_Flycatcher
training/041.Scissor_tailed_Flycatcher/Scissor_Tailed_Flycatcher_0126_41905,40,041.Scissor_tailed_Flycatcher
training/042.Vermilion_Flycatcher/Vermilion_Flycatcher_0004_42395,41,042.Vermilion_Flycatcher
training/042.Vermilion_Flycatcher/Vermilion_Flycatcher_0005_42478,41,042.Vermilion_Flycatcher
training/042.Vermilion_Flycatcher/Vermilion_Flycatcher_0033_42522,41,042.Vermilion_Flycatcher
training/042.Vermilion_Flycatcher/Vermilion_Flycatcher_0034_42356,41,042.Vermilion_Flycatcher
training/042.Vermilion_Flycatcher/Vermilion_Flycatcher_0040_42398,41,042.Vermilion_Flycatcher
training/042.Vermilion_Flycatcher/Vermilion_Flycatcher_0042_42266,41,042.Vermilion_Flycatcher
training/042.Vermilion_Flycatcher/Vermilion_Flycatcher_0054_42210,41,042.Vermilion_Flycatcher
training/042.Vermilion_Flycatcher/Vermilion_Flycatcher_0060_42293,41,042.Vermilion_Flycatcher
training/042.Vermilion_Flycatcher/Vermilion_Flycatcher_0065_42467,41,042.Vermilion_Flycatcher
training/042.Vermilion_Flycatcher/Vermilion_Flycatcher_0067_42185,41,042.Vermilion_Flycatcher
training/043.Yellow_bellied_Flycatcher/Yellow_Bellied_Flycatcher_0009_795510,42,043.Yellow_bellied_Flycatcher
training/043.Yellow_bellied_Flycatcher/Yellow_Bellied_Flycatcher_0019_795512,42,043.Yellow_bellied_Flycatcher
training/043.Yellow_bellied_Flycatcher/Yellow_Bellied_Flycatcher_0035_795464,42,043.Yellow_bellied_Flycatcher
training/043.Yellow_bellied_Flycatcher/Yellow_Bellied_Flycatcher_0037_795500,42,043.Yellow_bellied_Flycatcher
training/043.Yellow_bellied_Flycatcher/Yellow_Bellied_Flycatcher_0041_42719,42,043.Yellow_bellied_Flycatcher
training/043.Yellow_bellied_Flycatcher/Yellow_Bellied_Flycatcher_0045_42575,42,043.Yellow_bellied_Flycatcher
training/043.Yellow_bellied_Flycatcher/Yellow_Bellied_Flycatcher_0047_795468,42,043.Yellow_bellied_Flycatcher
training/043.Yellow_bellied_Flycatcher/Yellow_Bellied_Flycatcher_0049_42593,42,043.Yellow_bellied_Flycatcher
training/043.Yellow_bellied_Flycatcher/Yellow_Bellied_Flycatcher_0057_795485,42,043.Yellow_bellied_Flycatcher
training/043.Yellow_bellied_Flycatcher/Yellow_Bellied_Flycatcher_0068_42701,42,043.Yellow_bellied_Flycatcher
training/044.Frigatebird/Frigatebird_0005_42828,43,044.Frigatebird
training/044.Frigatebird/Frigatebird_0006_43381,43,044.Frigatebird
training/044.Frigatebird/Frigatebird_0040_42860,43,044.Frigatebird
training/044.Frigatebird/Frigatebird_0045_42823,43,044.Frigatebird
training/044.Frigatebird/Frigatebird_0047_43039,43,044.Frigatebird
training/044.Frigatebird/Frigatebird_0049_43044,43,044.Frigatebird
training/044.Frigatebird/Frigatebird_0051_43043,43,044.Frigatebird
training/044.Frigatebird/Frigatebird_0057_43016,43,044.Frigatebird
training/044.Frigatebird/Frigatebird_0068_42795,43,044.Frigatebird
training/044.Frigatebird/Frigatebird_0095_42785,43,044.Frigatebird
training/045.Northern_Fulmar/Northern_Fulmar_0029_44049,44,045.Northern_Fulmar
training/045.Northern_Fulmar/Northern_Fulmar_0043_43685,44,045.Northern_Fulmar
training/045.Northern_Fulmar/Northern_Fulmar_0050_43839,44,045.Northern_Fulmar
training/045.Northern_Fulmar/Northern_Fulmar_0058_44114,44,045.Northern_Fulmar
training/045.Northern_Fulmar/Northern_Fulmar_0071_44146,44,045.Northern_Fulmar
training/045.Northern_Fulmar/Northern_Fulmar_0074_43955,44,045.Northern_Fulmar
training/045.Northern_Fulmar/Northern_Fulmar_0079_43599,44,045.Northern_Fulmar
training/045.Northern_Fulmar/Northern_Fulmar_0081_43912,44,045.Northern_Fulmar
training/045.Northern_Fulmar/Northern_Fulmar_0083_43618,44,045.Northern_Fulmar
training/045.Northern_Fulmar/Northern_Fulmar_0098_43578,44,045.Northern_Fulmar
training/046.Gadwall/Gadwall_0005_30924,45,046.Gadwall
training/046.Gadwall/Gadwall_0012_30920,45,046.Gadwall
training/046.Gadwall/Gadwall_0029_31637,45,046.Gadwall
training/046.Gadwall/Gadwall_0030_31855,45,046.Gadwall
training/046.Gadwall/Gadwall_0035_30985,45,046.Gadwall
training/046.Gadwall/Gadwall_0064_31504,45,046.Gadwall
training/046.Gadwall/Gadwall_0066_31557,45,046.Gadwall
training/046.Gadwall/Gadwall_0076_31639,45,046.Gadwall
training/046.Gadwall/Gadwall_0086_31346,45,046.Gadwall
training/046.Gadwall/Gadwall_0096_31560,45,046.Gadwall
training/047.American_Goldfinch/American_Goldfinch_0014_32154,46,047.American_Goldfinch
training/047.American_Goldfinch/American_Goldfinch_0041_31969,46,047.American_Goldfinch
training/047.American_Goldfinch/American_Goldfinch_0056_32169,46,047.American_Goldfinch
training/047.American_Goldfinch/American_Goldfinch_0086_31887,46,047.American_Goldfinch
training/047.American_Goldfinch/American_Goldfinch_0089_32152,46,047.American_Goldfinch
training/047.American_Goldfinch/American_Goldfinch_0104_32540,46,047.American_Goldfinch
training/047.American_Goldfinch/American_Goldfinch_0122_32186,46,047.American_Goldfinch
training/047.American_Goldfinch/American_Goldfinch_0128_32333,46,047.American_Goldfinch
training/047.American_Goldfinch/American_Goldfinch_0134_32409,46,047.American_Goldfinch
training/047.American_Goldfinch/American_Goldfinch_0135_32107,46,047.American_Goldfinch
training/048.European_Goldfinch/European_Goldfinch_0003_33066,47,048.European_Goldfinch
training/048.European_Goldfinch/European_Goldfinch_0004_33313,47,048.European_Goldfinch
training/048.European_Goldfinch/European_Goldfinch_0014_794672,47,048.European_Goldfinch
training/048.European_Goldfinch/European_Goldfinch_0030_33357,47,048.European_Goldfinch
training/048.European_Goldfinch/European_Goldfinch_0064_794670,47,048.European_Goldfinch
training/048.European_Goldfinch/European_Goldfinch_0068_33359,47,048.European_Goldfinch
training/048.European_Goldfinch/European_Goldfinch_0074_33348,47,048.European_Goldfinch
training/048.European_Goldfinch/European_Goldfinch_0088_794651,47,048.European_Goldfinch
training/048.European_Goldfinch/European_Goldfinch_0103_794664,47,048.European_Goldfinch
training/048.European_Goldfinch/European_Goldfinch_0107_794655,47,048.European_Goldfinch
training/049.Boat_tailed_Grackle/Boat_Tailed_Grackle_0011_34020,48,049.Boat_tailed_Grackle
training/049.Boat_tailed_Grackle/Boat_Tailed_Grackle_0017_33480,48,049.Boat_tailed_Grackle
training/049.Boat_tailed_Grackle/Boat_Tailed_Grackle_0040_33417,48,049.Boat_tailed_Grackle
training/049.Boat_tailed_Grackle/Boat_Tailed_Grackle_0050_33501,48,049.Boat_tailed_Grackle
training/049.Boat_tailed_Grackle/Boat_Tailed_Grackle_0063_33492,48,049.Boat_tailed_Grackle
training/049.Boat_tailed_Grackle/Boat_Tailed_Grackle_0068_33387,48,049.Boat_tailed_Grackle
training/049.Boat_tailed_Grackle/Boat_Tailed_Grackle_0082_33488,48,049.Boat_tailed_Grackle
training/049.Boat_tailed_Grackle/Boat_Tailed_Grackle_0085_33384,48,049.Boat_tailed_Grackle
training/049.Boat_tailed_Grackle/Boat_Tailed_Grackle_0097_33759,48,049.Boat_tailed_Grackle
training/049.Boat_tailed_Grackle/Boat_Tailed_Grackle_0126_33593,48,049.Boat_tailed_Grackle
training/050.Eared_Grebe/Eared_Grebe_0006_34347,49,050.Eared_Grebe
training/050.Eared_Grebe/Eared_Grebe_0010_34151,49,050.Eared_Grebe
training/050.Eared_Grebe/Eared_Grebe_0023_34309,49,050.Eared_Grebe
training/050.Eared_Grebe/Eared_Grebe_0025_34344,49,050.Eared_Grebe
training/050.Eared_Grebe/Eared_Grebe_0026_34383,49,050.Eared_Grebe
training/050.Eared_Grebe/Eared_Grebe_0045_34212,49,050.Eared_Grebe
training/050.Eared_Grebe/Eared_Grebe_0053_34084,49,050.Eared_Grebe
training/050.Eared_Grebe/Eared_Grebe_0056_34098,49,050.Eared_Grebe
training/050.Eared_Grebe/Eared_Grebe_0061_34407,49,050.Eared_Grebe
training/050.Eared_Grebe/Eared_Grebe_0073_34172,49,050.Eared_Grebe
training/051.Horned_Grebe/Horned_Grebe_0019_34811,50,051.Horned_Grebe
training/051.Horned_Grebe/Horned_Grebe_0031_34626,50,051.Horned_Grebe
training/051.Horned_Grebe/Horned_Grebe_0039_34848,50,051.Horned_Grebe
training/051.Horned_Grebe/Horned_Grebe_0066_34738,50,051.Horned_Grebe
training/051.Horned_Grebe/Horned_Grebe_0070_34514,50,051.Horned_Grebe
training/051.Horned_Grebe/Horned_Grebe_0078_34799,50,051.Horned_Grebe
training/051.Horned_Grebe/Horned_Grebe_0086_34749,50,051.Horned_Grebe
training/051.Horned_Grebe/Horned_Grebe_0088_35023,50,051.Horned_Grebe
training/051.Horned_Grebe/Horned_Grebe_0090_34640,50,051.Horned_Grebe
training/051.Horned_Grebe/Horned_Grebe_0112_34864,50,051.Horned_Grebe
training/052.Pied_billed_Grebe/Pied_Billed_Grebe_0005_35437,51,052.Pied_billed_Grebe
training/052.Pied_billed_Grebe/Pied_Billed_Grebe_0015_35289,51,052.Pied_billed_Grebe
training/052.Pied_billed_Grebe/Pied_Billed_Grebe_0058_35503,51,052.Pied_billed_Grebe
training/052.Pied_billed_Grebe/Pied_Billed_Grebe_0081_35409,51,052.Pied_billed_Grebe
training/052.Pied_billed_Grebe/Pied_Billed_Grebe_0082_35356,51,052.Pied_billed_Grebe
training/052.Pied_billed_Grebe/Pied_Billed_Grebe_0114_35493,51,052.Pied_billed_Grebe
training/052.Pied_billed_Grebe/Pied_Billed_Grebe_0115_35362,51,052.Pied_billed_Grebe
training/052.Pied_billed_Grebe/Pied_Billed_Grebe_0119_35377,51,052.Pied_billed_Grebe
training/052.Pied_billed_Grebe/Pied_Billed_Grebe_0120_35764,51,052.Pied_billed_Grebe
training/052.Pied_billed_Grebe/Pied_Billed_Grebe_0123_35469,51,052.Pied_billed_Grebe
training/053.Western_Grebe/Western_Grebe_0007_36074,52,053.Western_Grebe
training/053.Western_Grebe/Western_Grebe_0017_36218,52,053.Western_Grebe
training/053.Western_Grebe/Western_Grebe_0025_36251,52,053.Western_Grebe
training/053.Western_Grebe/Western_Grebe_0028_36196,52,053.Western_Grebe
training/053.Western_Grebe/Western_Grebe_0032_36439,52,053.Western_Grebe
training/053.Western_Grebe/Western_Grebe_0067_36610,52,053.Western_Grebe
training/053.Western_Grebe/Western_Grebe_0070_36162,52,053.Western_Grebe
training/053.Western_Grebe/Western_Grebe_0085_36224,52,053.Western_Grebe
training/053.Western_Grebe/Western_Grebe_0088_36428,52,053.Western_Grebe
training/053.Western_Grebe/Western_Grebe_0093_36193,52,053.Western_Grebe
training/054.Blue_Grosbeak/Blue_Grosbeak_0009_36992,53,054.Blue_Grosbeak
training/054.Blue_Grosbeak/Blue_Grosbeak_0031_37173,53,054.Blue_Grosbeak
training/054.Blue_Grosbeak/Blue_Grosbeak_0033_36980,53,054.Blue_Grosbeak
training/054.Blue_Grosbeak/Blue_Grosbeak_0037_36794,53,054.Blue_Grosbeak
training/054.Blue_Grosbeak/Blue_Grosbeak_0051_37065,53,054.Blue_Grosbeak
training/054.Blue_Grosbeak/Blue_Grosbeak_0066_36632,53,054.Blue_Grosbeak
training/054.Blue_Grosbeak/Blue_Grosbeak_0072_36774,53,054.Blue_Grosbeak
training/054.Blue_Grosbeak/Blue_Grosbeak_0086_36818,53,054.Blue_Grosbeak
training/054.Blue_Grosbeak/Blue_Grosbeak_0092_36711,53,054.Blue_Grosbeak
training/054.Blue_Grosbeak/Blue_Grosbeak_0101_36719,53,054.Blue_Grosbeak
training/055.Evening_Grosbeak/Evening_Grosbeak_0011_37913,54,055.Evening_Grosbeak
training/055.Evening_Grosbeak/Evening_Grosbeak_0027_37824,54,055.Evening_Grosbeak
training/055.Evening_Grosbeak/Evening_Grosbeak_0033_37707,54,055.Evening_Grosbeak
training/055.Evening_Grosbeak/Evening_Grosbeak_0041_37928,54,055.Evening_Grosbeak
training/055.Evening_Grosbeak/Evening_Grosbeak_0065_37296,54,055.Evening_Grosbeak
training/055.Evening_Grosbeak/Evening_Grosbeak_0072_37301,54,055.Evening_Grosbeak
training/055.Evening_Grosbeak/Evening_Grosbeak_0075_37302,54,055.Evening_Grosbeak
training/055.Evening_Grosbeak/Evening_Grosbeak_0093_37608,54,055.Evening_Grosbeak
training/055.Evening_Grosbeak/Evening_Grosbeak_0100_37863,54,055.Evening_Grosbeak
training/055.Evening_Grosbeak/Evening_Grosbeak_0104_37661,54,055.Evening_Grosbeak
training/056.Pine_Grosbeak/Pine_Grosbeak_0036_38968,55,056.Pine_Grosbeak
training/056.Pine_Grosbeak/Pine_Grosbeak_0038_38956,55,056.Pine_Grosbeak
training/056.Pine_Grosbeak/Pine_Grosbeak_0050_38475,55,056.Pine_Grosbeak
training/056.Pine_Grosbeak/Pine_Grosbeak_0054_38953,55,056.Pine_Grosbeak
training/056.Pine_Grosbeak/Pine_Grosbeak_0058_38431,55,056.Pine_Grosbeak
training/056.Pine_Grosbeak/Pine_Grosbeak_0068_38981,55,056.Pine_Grosbeak
training/056.Pine_Grosbeak/Pine_Grosbeak_0078_38242,55,056.Pine_Grosbeak
training/056.Pine_Grosbeak/Pine_Grosbeak_0100_38988,55,056.Pine_Grosbeak
training/056.Pine_Grosbeak/Pine_Grosbeak_0104_38362,55,056.Pine_Grosbeak
training/056.Pine_Grosbeak/Pine_Grosbeak_0114_38259,55,056.Pine_Grosbeak
training/057.Rose_breasted_Grosbeak/Rose_Breasted_Grosbeak_0001_39801,56,057.Rose_breasted_Grosbeak
training/057.Rose_breasted_Grosbeak/Rose_Breasted_Grosbeak_0011_39207,56,057.Rose_breasted_Grosbeak
training/057.Rose_breasted_Grosbeak/Rose_Breasted_Grosbeak_0012_39149,56,057.Rose_breasted_Grosbeak
training/057.Rose_breasted_Grosbeak/Rose_Breasted_Grosbeak_0047_39407,56,057.Rose_breasted_Grosbeak
training/057.Rose_breasted_Grosbeak/Rose_Breasted_Grosbeak_0050_39695,56,057.Rose_breasted_Grosbeak
training/057.Rose_breasted_Grosbeak/Rose_Breasted_Grosbeak_0062_39234,56,057.Rose_breasted_Grosbeak
training/057.Rose_breasted_Grosbeak/Rose_Breasted_Grosbeak_0077_39613,56,057.Rose_breasted_Grosbeak
training/057.Rose_breasted_Grosbeak/Rose_Breasted_Grosbeak_0084_39053,56,057.Rose_breasted_Grosbeak
training/057.Rose_breasted_Grosbeak/Rose_Breasted_Grosbeak_0086_39658,56,057.Rose_breasted_Grosbeak
training/057.Rose_breasted_Grosbeak/Rose_Breasted_Grosbeak_0095_39178,56,057.Rose_breasted_Grosbeak
training/058.Pigeon_Guillemot/Pigeon_Guillemot_0019_40515,57,058.Pigeon_Guillemot
training/058.Pigeon_Guillemot/Pigeon_Guillemot_0020_40088,57,058.Pigeon_Guillemot
training/058.Pigeon_Guillemot/Pigeon_Guillemot_0026_40126,57,058.Pigeon_Guillemot
training/058.Pigeon_Guillemot/Pigeon_Guillemot_0034_40074,57,058.Pigeon_Guillemot
training/058.Pigeon_Guillemot/Pigeon_Guillemot_0055_40171,57,058.Pigeon_Guillemot
training/058.Pigeon_Guillemot/Pigeon_Guillemot_0069_40278,57,058.Pigeon_Guillemot
training/058.Pigeon_Guillemot/Pigeon_Guillemot_0072_39905,57,058.Pigeon_Guillemot
training/058.Pigeon_Guillemot/Pigeon_Guillemot_0073_40209,57,058.Pigeon_Guillemot
training/058.Pigeon_Guillemot/Pigeon_Guillemot_0090_40090,57,058.Pigeon_Guillemot
training/058.Pigeon_Guillemot/Pigeon_Guillemot_0098_39902,57,058.Pigeon_Guillemot
training/059.California_Gull/California_Gull_0006_41079,58,059.California_Gull
training/059.California_Gull/California_Gull_0012_41272,58,059.California_Gull
training/059.California_Gull/California_Gull_0021_41471,58,059.California_Gull
training/059.California_Gull/California_Gull_0029_41506,58,059.California_Gull
training/059.California_Gull/California_Gull_0046_41209,58,059.California_Gull
training/059.California_Gull/California_Gull_0064_41562,58,059.California_Gull
training/059.California_Gull/California_Gull_0066_41188,58,059.California_Gull
training/059.California_Gull/California_Gull_0076_40788,58,059.California_Gull
training/059.California_Gull/California_Gull_0092_41300,58,059.California_Gull
training/059.California_Gull/California_Gull_0093_41111,58,059.California_Gull
training/060.Glaucous_winged_Gull/Glaucous_Winged_Gull_0005_44860,59,060.Glaucous_winged_Gull
training/060.Glaucous_winged_Gull/Glaucous_Winged_Gull_0014_44832,59,060.Glaucous_winged_Gull
training/060.Glaucous_winged_Gull/Glaucous_Winged_Gull_0028_44628,59,060.Glaucous_winged_Gull
training/060.Glaucous_winged_Gull/Glaucous_Winged_Gull_0049_45065,59,060.Glaucous_winged_Gull
training/060.Glaucous_winged_Gull/Glaucous_Winged_Gull_0057_44807,59,060.Glaucous_winged_Gull
training/060.Glaucous_winged_Gull/Glaucous_Winged_Gull_0060_44215,59,060.Glaucous_winged_Gull
training/060.Glaucous_winged_Gull/Glaucous_Winged_Gull_0086_44268,59,060.Glaucous_winged_Gull
training/060.Glaucous_winged_Gull/Glaucous_Winged_Gull_0087_44550,59,060.Glaucous_winged_Gull
training/060.Glaucous_winged_Gull/Glaucous_Winged_Gull_0110_44377,59,060.Glaucous_winged_Gull
training/060.Glaucous_winged_Gull/Glaucous_Winged_Gull_0134_44743,59,060.Glaucous_winged_Gull
training/061.Heermann_Gull/Heermann_Gull_0024_45486,60,061.Heermann_Gull
training/061.Heermann_Gull/Heermann_Gull_0044_45705,60,061.Heermann_Gull
training/061.Heermann_Gull/Heermann_Gull_0073_45714,60,061.Heermann_Gull
training/061.Heermann_Gull/Heermann_Gull_0079_45468,60,061.Heermann_Gull
training/061.Heermann_Gull/Heermann_Gull_0086_45304,60,061.Heermann_Gull
training/061.Heermann_Gull/Heermann_Gull_0102_45904,60,061.Heermann_Gull
training/061.Heermann_Gull/Heermann_Gull_0112_45748,60,061.Heermann_Gull
training/061.Heermann_Gull/Heermann_Gull_0115_45797,60,061.Heermann_Gull
training/061.Heermann_Gull/Heermann_Gull_0122_45627,60,061.Heermann_Gull
training/061.Heermann_Gull/Heermann_Gull_0139_45749,60,061.Heermann_Gull
training/062.Herring_Gull/Herring_Gull_0004_48046,61,062.Herring_Gull
training/062.Herring_Gull/Herring_Gull_0024_48309,61,062.Herring_Gull
training/062.Herring_Gull/Herring_Gull_0039_46420,61,062.Herring_Gull
training/062.Herring_Gull/Herring_Gull_0047_46218,61,062.Herring_Gull
training/062.Herring_Gull/Herring_Gull_0054_46164,61,062.Herring_Gull
training/062.Herring_Gull/Herring_Gull_0100_46677,61,062.Herring_Gull
training/062.Herring_Gull/Herring_Gull_0114_46956,61,062.Herring_Gull
training/062.Herring_Gull/Herring_Gull_0116_47222,61,062.Herring_Gull
training/062.Herring_Gull/Herring_Gull_0139_47006,61,062.Herring_Gull
training/062.Herring_Gull/Herring_Gull_0143_46461,61,062.Herring_Gull
training/063.Ivory_Gull/Ivory_Gull_0005_49021,62,063.Ivory_Gull
training/063.Ivory_Gull/Ivory_Gull_0020_49978,62,063.Ivory_Gull
training/063.Ivory_Gull/Ivory_Gull_0036_49754,62,063.Ivory_Gull
training/063.Ivory_Gull/Ivory_Gull_0037_49068,62,063.Ivory_Gull
training/063.Ivory_Gull/Ivory_Gull_0041_49172,62,063.Ivory_Gull
training/063.Ivory_Gull/Ivory_Gull_0045_49696,62,063.Ivory_Gull
training/063.Ivory_Gull/Ivory_Gull_0052_50013,62,063.Ivory_Gull
training/063.Ivory_Gull/Ivory_Gull_0074_49698,62,063.Ivory_Gull
training/063.Ivory_Gull/Ivory_Gull_0089_49699,62,063.Ivory_Gull
training/063.Ivory_Gull/Ivory_Gull_0107_49186,62,063.Ivory_Gull
training/064.Ring_billed_Gull/Ring_Billed_Gull_0001_51416,63,064.Ring_billed_Gull
training/064.Ring_billed_Gull/Ring_Billed_Gull_0003_51480,63,064.Ring_billed_Gull
training/064.Ring_billed_Gull/Ring_Billed_Gull_0020_50204,63,064.Ring_billed_Gull
training/064.Ring_billed_Gull/Ring_Billed_Gull_0055_51156,63,064.Ring_billed_Gull
training/064.Ring_billed_Gull/Ring_Billed_Gull_0063_51256,63,064.Ring_billed_Gull
training/064.Ring_billed_Gull/Ring_Billed_Gull_0092_51521,63,064.Ring_billed_Gull
training/064.Ring_billed_Gull/Ring_Billed_Gull_0098_51410,63,064.Ring_billed_Gull
training/064.Ring_billed_Gull/Ring_Billed_Gull_0100_52779,63,064.Ring_billed_Gull
training/064.Ring_billed_Gull/Ring_Billed_Gull_0108_51108,63,064.Ring_billed_Gull
training/064.Ring_billed_Gull/Ring_Billed_Gull_0125_51307,63,064.Ring_billed_Gull
training/065.Slaty_backed_Gull/Slaty_Backed_Gull_0021_796008,64,065.Slaty_backed_Gull
training/065.Slaty_backed_Gull/Slaty_Backed_Gull_0025_796047,64,065.Slaty_backed_Gull
training/065.Slaty_backed_Gull/Slaty_Backed_Gull_0031_796029,64,065.Slaty_backed_Gull
training/065.Slaty_backed_Gull/Slaty_Backed_Gull_0032_796046,64,065.Slaty_backed_Gull
training/065.Slaty_backed_Gull/Slaty_Backed_Gull_0038_796044,64,065.Slaty_backed_Gull
training/065.Slaty_backed_Gull/Slaty_Backed_Gull_0051_796031,64,065.Slaty_backed_Gull
training/065.Slaty_backed_Gull/Slaty_Backed_Gull_0056_796013,64,065.Slaty_backed_Gull
training/065.Slaty_backed_Gull/Slaty_Backed_Gull_0060_796052,64,065.Slaty_backed_Gull
training/065.Slaty_backed_Gull/Slaty_Backed_Gull_0071_796037,64,065.Slaty_backed_Gull
training/065.Slaty_backed_Gull/Slaty_Backed_Gull_0072_53314,64,065.Slaty_backed_Gull
training/066.Western_Gull/Western_Gull_0002_54825,65,066.Western_Gull
training/066.Western_Gull/Western_Gull_0004_55605,65,066.Western_Gull
training/066.Western_Gull/Western_Gull_0028_55680,65,066.Western_Gull
training/066.Western_Gull/Western_Gull_0030_54083,65,066.Western_Gull
training/066.Western_Gull/Western_Gull_0036_54329,65,066.Western_Gull
training/066.Western_Gull/Western_Gull_0042_53843,65,066.Western_Gull
training/066.Western_Gull/Western_Gull_0051_54320,65,066.Western_Gull
training/066.Western_Gull/Western_Gull_0062_53538,65,066.Western_Gull
training/066.Western_Gull/Western_Gull_0089_55306,65,066.Western_Gull
training/066.Western_Gull/Western_Gull_0122_40866,65,066.Western_Gull
training/067.Anna_Hummingbird/Anna_Hummingbird_0006_55871,66,067.Anna_Hummingbird
training/067.Anna_Hummingbird/Anna_Hummingbird_0017_56954,66,067.Anna_Hummingbird
training/067.Anna_Hummingbird/Anna_Hummingbird_0023_55841,66,067.Anna_Hummingbird
training/067.Anna_Hummingbird/Anna_Hummingbird_0028_55993,66,067.Anna_Hummingbird
training/067.Anna_Hummingbird/Anna_Hummingbird_0035_56493,66,067.Anna_Hummingbird
training/067.Anna_Hummingbird/Anna_Hummingbird_0069_56933,66,067.Anna_Hummingbird
training/067.Anna_Hummingbird/Anna_Hummingbird_0098_56388,66,067.Anna_Hummingbird
training/067.Anna_Hummingbird/Anna_Hummingbird_0112_56353,66,067.Anna_Hummingbird
training/067.Anna_Hummingbird/Anna_Hummingbird_0115_55766,66,067.Anna_Hummingbird
training/067.Anna_Hummingbird/Anna_Hummingbird_0128_57047,66,067.Anna_Hummingbird
training/068.Ruby_throated_Hummingbird/Ruby_Throated_Hummingbird_0001_58162,67,068.Ruby_throated_Hummingbird
training/068.Ruby_throated_Hummingbird/Ruby_Throated_Hummingbird_0010_58285,67,068.Ruby_throated_Hummingbird
training/068.Ruby_throated_Hummingbird/Ruby_Throated_Hummingbird_0030_57422,67,068.Ruby_throated_Hummingbird
training/068.Ruby_throated_Hummingbird/Ruby_Throated_Hummingbird_0055_57781,67,068.Ruby_throated_Hummingbird
training/068.Ruby_throated_Hummingbird/Ruby_Throated_Hummingbird_0084_58311,67,068.Ruby_throated_Hummingbird
training/068.Ruby_throated_Hummingbird/Ruby_Throated_Hummingbird_0095_57990,67,068.Ruby_throated_Hummingbird
training/068.Ruby_throated_Hummingbird/Ruby_Throated_Hummingbird_0106_57976,67,068.Ruby_throated_Hummingbird
training/068.Ruby_throated_Hummingbird/Ruby_Throated_Hummingbird_0107_57339,67,068.Ruby_throated_Hummingbird
training/068.Ruby_throated_Hummingbird/Ruby_Throated_Hummingbird_0110_57851,67,068.Ruby_throated_Hummingbird
training/068.Ruby_throated_Hummingbird/Ruby_Throated_Hummingbird_0111_58141,67,068.Ruby_throated_Hummingbird
training/069.Rufous_Hummingbird/Rufous_Hummingbird_0024_59636,68,069.Rufous_Hummingbird
training/069.Rufous_Hummingbird/Rufous_Hummingbird_0025_59461,68,069.Rufous_Hummingbird
training/069.Rufous_Hummingbird/Rufous_Hummingbird_0043_58652,68,069.Rufous_Hummingbird
training/069.Rufous_Hummingbird/Rufous_Hummingbird_0060_58986,68,069.Rufous_Hummingbird
training/069.Rufous_Hummingbird/Rufous_Hummingbird_0064_58509,68,069.Rufous_Hummingbird
training/069.Rufous_Hummingbird/Rufous_Hummingbird_0077_59452,68,069.Rufous_Hummingbird
training/069.Rufous_Hummingbird/Rufous_Hummingbird_0091_60551,68,069.Rufous_Hummingbird
training/069.Rufous_Hummingbird/Rufous_Hummingbird_0109_60021,68,069.Rufous_Hummingbird
training/069.Rufous_Hummingbird/Rufous_Hummingbird_0113_59444,68,069.Rufous_Hummingbird
training/069.Rufous_Hummingbird/Rufous_Hummingbird_0116_58568,68,069.Rufous_Hummingbird
training/070.Green_Violetear/Green_Violetear_0009_795647,69,070.Green_Violetear
training/070.Green_Violetear/Green_Violetear_0013_795684,69,070.Green_Violetear
training/070.Green_Violetear/Green_Violetear_0021_795632,69,070.Green_Violetear
training/070.Green_Violetear/Green_Violetear_0028_60800,69,070.Green_Violetear
training/070.Green_Violetear/Green_Violetear_0067_795674,69,070.Green_Violetear
training/070.Green_Violetear/Green_Violetear_0080_795716,69,070.Green_Violetear
training/070.Green_Violetear/Green_Violetear_0084_795641,69,070.Green_Violetear
training/070.Green_Violetear/Green_Violetear_0089_795698,69,070.Green_Violetear
training/070.Green_Violetear/Green_Violetear_0095_795646,69,070.Green_Violetear
training/070.Green_Violetear/Green_Violetear_0103_795644,69,070.Green_Violetear
training/071.Long_tailed_Jaeger/Long_Tailed_Jaeger_0005_797062,70,071.Long_tailed_Jaeger
training/071.Long_tailed_Jaeger/Long_Tailed_Jaeger_0006_797065,70,071.Long_tailed_Jaeger
training/071.Long_tailed_Jaeger/Long_Tailed_Jaeger_0012_797101,70,071.Long_tailed_Jaeger
training/071.Long_tailed_Jaeger/Long_Tailed_Jaeger_0013_60887,70,071.Long_tailed_Jaeger
training/071.Long_tailed_Jaeger/Long_Tailed_Jaeger_0032_61177,70,071.Long_tailed_Jaeger
training/071.Long_tailed_Jaeger/Long_Tailed_Jaeger_0037_797099,70,071.Long_tailed_Jaeger
training/071.Long_tailed_Jaeger/Long_Tailed_Jaeger_0041_60891,70,071.Long_tailed_Jaeger
training/071.Long_tailed_Jaeger/Long_Tailed_Jaeger_0060_60886,70,071.Long_tailed_Jaeger
training/071.Long_tailed_Jaeger/Long_Tailed_Jaeger_0061_61049,70,071.Long_tailed_Jaeger
training/071.Long_tailed_Jaeger/Long_Tailed_Jaeger_0070_797090,70,071.Long_tailed_Jaeger
training/072.Pomarine_Jaeger/Pomarine_Jaeger_0001_795772,71,072.Pomarine_Jaeger
training/072.Pomarine_Jaeger/Pomarine_Jaeger_0003_795778,71,072.Pomarine_Jaeger
training/072.Pomarine_Jaeger/Pomarine_Jaeger_0004_795796,71,072.Pomarine_Jaeger
training/072.Pomarine_Jaeger/Pomarine_Jaeger_0012_795773,71,072.Pomarine_Jaeger
training/072.Pomarine_Jaeger/Pomarine_Jaeger_0022_795747,71,072.Pomarine_Jaeger
training/072.Pomarine_Jaeger/Pomarine_Jaeger_0032_795789,71,072.Pomarine_Jaeger
training/072.Pomarine_Jaeger/Pomarine_Jaeger_0038_61446,71,072.Pomarine_Jaeger
training/072.Pomarine_Jaeger/Pomarine_Jaeger_0041_61305,71,072.Pomarine_Jaeger
training/072.Pomarine_Jaeger/Pomarine_Jaeger_0060_795756,71,072.Pomarine_Jaeger
training/072.Pomarine_Jaeger/Pomarine_Jaeger_0079_61370,71,072.Pomarine_Jaeger
training/073.Blue_Jay/Blue_Jay_0003_63408,72,073.Blue_Jay
training/073.Blue_Jay/Blue_Jay_0024_63167,72,073.Blue_Jay
training/073.Blue_Jay/Blue_Jay_0027_63133,72,073.Blue_Jay
training/073.Blue_Jay/Blue_Jay_0035_63560,72,073.Blue_Jay
training/073.Blue_Jay/Blue_Jay_0051_63339,72,073.Blue_Jay
training/073.Blue_Jay/Blue_Jay_0052_63148,72,073.Blue_Jay
training/073.Blue_Jay/Blue_Jay_0054_61656,72,073.Blue_Jay
training/073.Blue_Jay/Blue_Jay_0070_63684,72,073.Blue_Jay
training/073.Blue_Jay/Blue_Jay_0080_61617,72,073.Blue_Jay
training/073.Blue_Jay/Blue_Jay_0086_63394,72,073.Blue_Jay
training/074.Florida_Jay/Florida_Jay_0029_65114,73,074.Florida_Jay
training/074.Florida_Jay/Florida_Jay_0037_64515,73,074.Florida_Jay
training/074.Florida_Jay/Florida_Jay_0050_65099,73,074.Florida_Jay
training/074.Florida_Jay/Florida_Jay_0053_64966,73,074.Florida_Jay
training/074.Florida_Jay/Florida_Jay_0071_64993,73,074.Florida_Jay
training/074.Florida_Jay/Florida_Jay_0075_65093,73,074.Florida_Jay
training/074.Florida_Jay/Florida_Jay_0081_64859,73,074.Florida_Jay
training/074.Florida_Jay/Florida_Jay_0085_65129,73,074.Florida_Jay
training/074.Florida_Jay/Florida_Jay_0093_64675,73,074.Florida_Jay
training/074.Florida_Jay/Florida_Jay_0095_64707,73,074.Florida_Jay
training/075.Green_Jay/Green_Jay_0003_65767,74,075.Green_Jay
training/075.Green_Jay/Green_Jay_0039_66118,74,075.Green_Jay
training/075.Green_Jay/Green_Jay_0040_65863,74,075.Green_Jay
training/075.Green_Jay/Green_Jay_0043_65805,74,075.Green_Jay
training/075.Green_Jay/Green_Jay_0055_65807,74,075.Green_Jay
training/075.Green_Jay/Green_Jay_0066_65902,74,075.Green_Jay
training/075.Green_Jay/Green_Jay_0071_65799,74,075.Green_Jay
training/075.Green_Jay/Green_Jay_0075_65701,74,075.Green_Jay
training/075.Green_Jay/Green_Jay_0095_65881,74,075.Green_Jay
training/075.Green_Jay/Green_Jay_0114_65841,74,075.Green_Jay
training/076.Dark_eyed_Junco/Dark_Eyed_Junco_0061_66858,75,076.Dark_eyed_Junco
training/076.Dark_eyed_Junco/Dark_Eyed_Junco_0062_68198,75,076.Dark_eyed_Junco
training/076.Dark_eyed_Junco/Dark_Eyed_Junco_0071_67426,75,076.Dark_eyed_Junco
training/076.Dark_eyed_Junco/Dark_Eyed_Junco_0072_67810,75,076.Dark_eyed_Junco
training/076.Dark_eyed_Junco/Dark_Eyed_Junco_0084_66455,75,076.Dark_eyed_Junco
training/076.Dark_eyed_Junco/Dark_Eyed_Junco_0088_66722,75,076.Dark_eyed_Junco
training/076.Dark_eyed_Junco/Dark_Eyed_Junco_0099_67868,75,076.Dark_eyed_Junco
training/076.Dark_eyed_Junco/Dark_Eyed_Junco_0103_67700,75,076.Dark_eyed_Junco
training/076.Dark_eyed_Junco/Dark_Eyed_Junco_0109_66326,75,076.Dark_eyed_Junco
training/076.Dark_eyed_Junco/Dark_Eyed_Junco_0113_68470,75,076.Dark_eyed_Junco
training/077.Tropical_Kingbird/Tropical_Kingbird_0001_69958,76,077.Tropical_Kingbird
training/077.Tropical_Kingbird/Tropical_Kingbird_0004_69659,76,077.Tropical_Kingbird
training/077.Tropical_Kingbird/Tropical_Kingbird_0007_69361,76,077.Tropical_Kingbird
training/077.Tropical_Kingbird/Tropical_Kingbird_0018_69619,76,077.Tropical_Kingbird
training/077.Tropical_Kingbird/Tropical_Kingbird_0044_69815,76,077.Tropical_Kingbird
training/077.Tropical_Kingbird/Tropical_Kingbird_0060_69942,76,077.Tropical_Kingbird
training/077.Tropical_Kingbird/Tropical_Kingbird_0081_69656,76,077.Tropical_Kingbird
training/077.Tropical_Kingbird/Tropical_Kingbird_0087_69592,76,077.Tropical_Kingbird
training/077.Tropical_Kingbird/Tropical_Kingbird_0098_69642,76,077.Tropical_Kingbird
training/077.Tropical_Kingbird/Tropical_Kingbird_0122_69687,76,077.Tropical_Kingbird
training/078.Gray_Kingbird/Gray_Kingbird_0003_70305,77,078.Gray_Kingbird
training/078.Gray_Kingbird/Gray_Kingbird_0022_70155,77,078.Gray_Kingbird
training/078.Gray_Kingbird/Gray_Kingbird_0028_70303,77,078.Gray_Kingbird
training/078.Gray_Kingbird/Gray_Kingbird_0038_70118,77,078.Gray_Kingbird
training/078.Gray_Kingbird/Gray_Kingbird_0040_70313,77,078.Gray_Kingbird
training/078.Gray_Kingbird/Gray_Kingbird_0050_70056,77,078.Gray_Kingbird
training/078.Gray_Kingbird/Gray_Kingbird_0059_795030,77,078.Gray_Kingbird
training/078.Gray_Kingbird/Gray_Kingbird_0071_70100,77,078.Gray_Kingbird
training/078.Gray_Kingbird/Gray_Kingbird_0080_70077,77,078.Gray_Kingbird
training/078.Gray_Kingbird/Gray_Kingbird_0083_70162,77,078.Gray_Kingbird
training/079.Belted_Kingfisher/Belted_Kingfisher_0031_70506,78,079.Belted_Kingfisher
training/079.Belted_Kingfisher/Belted_Kingfisher_0035_70644,78,079.Belted_Kingfisher
training/079.Belted_Kingfisher/Belted_Kingfisher_0040_70432,78,079.Belted_Kingfisher
training/079.Belted_Kingfisher/Belted_Kingfisher_0041_70595,78,079.Belted_Kingfisher
training/079.Belted_Kingfisher/Belted_Kingfisher_0043_70492,78,079.Belted_Kingfisher
training/079.Belted_Kingfisher/Belted_Kingfisher_0044_70494,78,079.Belted_Kingfisher
training/079.Belted_Kingfisher/Belted_Kingfisher_0048_70532,78,079.Belted_Kingfisher
training/079.Belted_Kingfisher/Belted_Kingfisher_0080_70725,78,079.Belted_Kingfisher
training/079.Belted_Kingfisher/Belted_Kingfisher_0085_70503,78,079.Belted_Kingfisher
training/079.Belted_Kingfisher/Belted_Kingfisher_0111_70375,78,079.Belted_Kingfisher
training/080.Green_Kingfisher/Green_Kingfisher_0005_71352,79,080.Green_Kingfisher
training/080.Green_Kingfisher/Green_Kingfisher_0010_71191,79,080.Green_Kingfisher
training/080.Green_Kingfisher/Green_Kingfisher_0011_71183,79,080.Green_Kingfisher
training/080.Green_Kingfisher/Green_Kingfisher_0018_71189,79,080.Green_Kingfisher
training/080.Green_Kingfisher/Green_Kingfisher_0020_71155,79,080.Green_Kingfisher
training/080.Green_Kingfisher/Green_Kingfisher_0059_71119,79,080.Green_Kingfisher
training/080.Green_Kingfisher/Green_Kingfisher_0062_70985,79,080.Green_Kingfisher
training/080.Green_Kingfisher/Green_Kingfisher_0069_71053,79,080.Green_Kingfisher
training/080.Green_Kingfisher/Green_Kingfisher_0097_71102,79,080.Green_Kingfisher
training/080.Green_Kingfisher/Green_Kingfisher_0099_70942,79,080.Green_Kingfisher
training/081.Pied_Kingfisher/Pied_Kingfisher_0017_72316,80,081.Pied_Kingfisher
training/081.Pied_Kingfisher/Pied_Kingfisher_0022_72247,80,081.Pied_Kingfisher
training/081.Pied_Kingfisher/Pied_Kingfisher_0029_72440,80,081.Pied_Kingfisher
training/081.Pied_Kingfisher/Pied_Kingfisher_0033_71883,80,081.Pied_Kingfisher
training/081.Pied_Kingfisher/Pied_Kingfisher_0062_72379,80,081.Pied_Kingfisher
training/081.Pied_Kingfisher/Pied_Kingfisher_0073_72508,80,081.Pied_Kingfisher
training/081.Pied_Kingfisher/Pied_Kingfisher_0080_72199,80,081.Pied_Kingfisher
training/081.Pied_Kingfisher/Pied_Kingfisher_0083_72430,80,081.Pied_Kingfisher
training/081.Pied_Kingfisher/Pied_Kingfisher_0109_72082,80,081.Pied_Kingfisher
training/081.Pied_Kingfisher/Pied_Kingfisher_0121_72378,80,081.Pied_Kingfisher
training/082.Ringed_Kingfisher/Ringed_Kingfisher_0008_72943,81,082.Ringed_Kingfisher
training/082.Ringed_Kingfisher/Ringed_Kingfisher_0011_72982,81,082.Ringed_Kingfisher
training/082.Ringed_Kingfisher/Ringed_Kingfisher_0014_72798,81,082.Ringed_Kingfisher
training/082.Ringed_Kingfisher/Ringed_Kingfisher_0021_72848,81,082.Ringed_Kingfisher
training/082.Ringed_Kingfisher/Ringed_Kingfisher_0024_73178,81,082.Ringed_Kingfisher
training/082.Ringed_Kingfisher/Ringed_Kingfisher_0027_72948,81,082.Ringed_Kingfisher
training/082.Ringed_Kingfisher/Ringed_Kingfisher_0029_73165,81,082.Ringed_Kingfisher
training/082.Ringed_Kingfisher/Ringed_Kingfisher_0039_71052,81,082.Ringed_Kingfisher
training/082.Ringed_Kingfisher/Ringed_Kingfisher_0041_72853,81,082.Ringed_Kingfisher
training/082.Ringed_Kingfisher/Ringed_Kingfisher_0044_72976,81,082.Ringed_Kingfisher
training/083.White_breasted_Kingfisher/White_Breasted_Kingfisher_0011_73267,82,083.White_breasted_Kingfisher
training/083.White_breasted_Kingfisher/White_Breasted_Kingfisher_0032_73248,82,083.White_breasted_Kingfisher
training/083.White_breasted_Kingfisher/White_Breasted_Kingfisher_0049_73420,82,083.White_breasted_Kingfisher
training/083.White_breasted_Kingfisher/White_Breasted_Kingfisher_0084_73247,82,083.White_breasted_Kingfisher
training/083.White_breasted_Kingfisher/White_Breasted_Kingfisher_0085_73363,82,083.White_breasted_Kingfisher
training/083.White_breasted_Kingfisher/White_Breasted_Kingfisher_0087_73264,82,083.White_breasted_Kingfisher
training/083.White_breasted_Kingfisher/White_Breasted_Kingfisher_0103_73316,82,083.White_breasted_Kingfisher
training/083.White_breasted_Kingfisher/White_Breasted_Kingfisher_0107_73265,82,083.White_breasted_Kingfisher
training/083.White_breasted_Kingfisher/White_Breasted_Kingfisher_0115_73252,82,083.White_breasted_Kingfisher
training/083.White_breasted_Kingfisher/White_Breasted_Kingfisher_0120_73439,82,083.White_breasted_Kingfisher
training/084.Red_legged_Kittiwake/Red_Legged_Kittiwake_0001_795394,83,084.Red_legged_Kittiwake
training/084.Red_legged_Kittiwake/Red_Legged_Kittiwake_0006_795436,83,084.Red_legged_Kittiwake
training/084.Red_legged_Kittiwake/Red_Legged_Kittiwake_0022_795418,83,084.Red_legged_Kittiwake
training/084.Red_legged_Kittiwake/Red_Legged_Kittiwake_0027_795454,83,084.Red_legged_Kittiwake
training/084.Red_legged_Kittiwake/Red_Legged_Kittiwake_0030_73818,83,084.Red_legged_Kittiwake
training/084.Red_legged_Kittiwake/Red_Legged_Kittiwake_0054_795396,83,084.Red_legged_Kittiwake
training/084.Red_legged_Kittiwake/Red_Legged_Kittiwake_0063_795453,83,084.Red_legged_Kittiwake
training/084.Red_legged_Kittiwake/Red_Legged_Kittiwake_0064_795422,83,084.Red_legged_Kittiwake
training/084.Red_legged_Kittiwake/Red_Legged_Kittiwake_0066_795419,83,084.Red_legged_Kittiwake
training/084.Red_legged_Kittiwake/Red_Legged_Kittiwake_0071_73800,83,084.Red_legged_Kittiwake
training/085.Horned_Lark/Horned_Lark_0009_74646,84,085.Horned_Lark
training/085.Horned_Lark/Horned_Lark_0010_75291,84,085.Horned_Lark
training/085.Horned_Lark/Horned_Lark_0066_74796,84,085.Horned_Lark
training/085.Horned_Lark/Horned_Lark_0069_74093,84,085.Horned_Lark
training/085.Horned_Lark/Horned_Lark_0076_73931,84,085.Horned_Lark
training/085.Horned_Lark/Horned_Lark_0089_74386,84,085.Horned_Lark
training/085.Horned_Lark/Horned_Lark_0095_74640,84,085.Horned_Lark
training/085.Horned_Lark/Horned_Lark_0127_74414,84,085.Horned_Lark
training/085.Horned_Lark/Horned_Lark_0130_74001,84,085.Horned_Lark
training/085.Horned_Lark/Horned_Lark_0134_74689,84,085.Horned_Lark
training/086.Pacific_Loon/Pacific_Loon_0006_75386,85,086.Pacific_Loon
training/086.Pacific_Loon/Pacific_Loon_0011_75726,85,086.Pacific_Loon
training/086.Pacific_Loon/Pacific_Loon_0012_75736,85,086.Pacific_Loon
training/086.Pacific_Loon/Pacific_Loon_0014_75468,85,086.Pacific_Loon
training/086.Pacific_Loon/Pacific_Loon_0015_75443,85,086.Pacific_Loon
training/086.Pacific_Loon/Pacific_Loon_0038_75526,85,086.Pacific_Loon
training/086.Pacific_Loon/Pacific_Loon_0046_75439,85,086.Pacific_Loon
training/086.Pacific_Loon/Pacific_Loon_0063_75865,85,086.Pacific_Loon
training/086.Pacific_Loon/Pacific_Loon_0066_75547,85,086.Pacific_Loon
training/086.Pacific_Loon/Pacific_Loon_0067_75423,85,086.Pacific_Loon
training/087.Mallard/Mallard_0005_76026,86,087.Mallard
training/087.Mallard/Mallard_0022_77166,86,087.Mallard
training/087.Mallard/Mallard_0026_76725,86,087.Mallard
training/087.Mallard/Mallard_0061_76378,86,087.Mallard
training/087.Mallard/Mallard_0069_76926,86,087.Mallard
training/087.Mallard/Mallard_0082_75954,86,087.Mallard
training/087.Mallard/Mallard_0086_76567,86,087.Mallard
training/087.Mallard/Mallard_0098_77490,86,087.Mallard
training/087.Mallard/Mallard_0111_76722,86,087.Mallard
training/087.Mallard/Mallard_0121_77434,86,087.Mallard
training/088.Western_Meadowlark/Western_Meadowlark_0021_78841,87,088.Western_Meadowlark
training/088.Western_Meadowlark/Western_Meadowlark_0038_77785,87,088.Western_Meadowlark
training/088.Western_Meadowlark/Western_Meadowlark_0040_77823,87,088.Western_Meadowlark
training/088.Western_Meadowlark/Western_Meadowlark_0052_77781,87,088.Western_Meadowlark
training/088.Western_Meadowlark/Western_Meadowlark_0053_77774,87,088.Western_Meadowlark
training/088.Western_Meadowlark/Western_Meadowlark_0058_78247,87,088.Western_Meadowlark
training/088.Western_Meadowlark/Western_Meadowlark_0077_77814,87,088.Western_Meadowlark
training/088.Western_Meadowlark/Western_Meadowlark_0095_78568,87,088.Western_Meadowlark
training/088.Western_Meadowlark/Western_Meadowlark_0098_78382,87,088.Western_Meadowlark
training/088.Western_Meadowlark/Western_Meadowlark_0118_78820,87,088.Western_Meadowlark
training/089.Hooded_Merganser/Hooded_Merganser_0014_796739,88,089.Hooded_Merganser
training/089.Hooded_Merganser/Hooded_Merganser_0015_79132,88,089.Hooded_Merganser
training/089.Hooded_Merganser/Hooded_Merganser_0036_796771,88,089.Hooded_Merganser
training/089.Hooded_Merganser/Hooded_Merganser_0053_796728,88,089.Hooded_Merganser
training/089.Hooded_Merganser/Hooded_Merganser_0058_796770,88,089.Hooded_Merganser
training/089.Hooded_Merganser/Hooded_Merganser_0059_79016,88,089.Hooded_Merganser
training/089.Hooded_Merganser/Hooded_Merganser_0083_796773,88,089.Hooded_Merganser
training/089.Hooded_Merganser/Hooded_Merganser_0085_79146,88,089.Hooded_Merganser
training/089.Hooded_Merganser/Hooded_Merganser_0089_796740,88,089.Hooded_Merganser
training/089.Hooded_Merganser/Hooded_Merganser_0090_796774,88,089.Hooded_Merganser
training/090.Red_breasted_Merganser/Red_Breasted_Merganser_0002_79447,89,090.Red_breasted_Merganser
training/090.Red_breasted_Merganser/Red_Breasted_Merganser_0006_79216,89,090.Red_breasted_Merganser
training/090.Red_breasted_Merganser/Red_Breasted_Merganser_0013_79301,89,090.Red_breasted_Merganser
training/090.Red_breasted_Merganser/Red_Breasted_Merganser_0022_79274,89,090.Red_breasted_Merganser
training/090.Red_breasted_Merganser/Red_Breasted_Merganser_0023_79477,89,090.Red_breasted_Merganser
training/090.Red_breasted_Merganser/Red_Breasted_Merganser_0033_79353,89,090.Red_breasted_Merganser
training/090.Red_breasted_Merganser/Red_Breasted_Merganser_0044_79321,89,090.Red_breasted_Merganser
training/090.Red_breasted_Merganser/Red_Breasted_Merganser_0047_79486,89,090.Red_breasted_Merganser
training/090.Red_breasted_Merganser/Red_Breasted_Merganser_0048_79323,89,090.Red_breasted_Merganser
training/090.Red_breasted_Merganser/Red_Breasted_Merganser_0075_79169,89,090.Red_breasted_Merganser
training/091.Mockingbird/Mockingbird_0004_81991,90,091.Mockingbird
training/091.Mockingbird/Mockingbird_0019_81296,90,091.Mockingbird
training/091.Mockingbird/Mockingbird_0024_79623,90,091.Mockingbird
training/091.Mockingbird/Mockingbird_0038_81299,90,091.Mockingbird
training/091.Mockingbird/Mockingbird_0048_80441,90,091.Mockingbird
training/091.Mockingbird/Mockingbird_0049_80336,90,091.Mockingbird
training/091.Mockingbird/Mockingbird_0056_81986,90,091.Mockingbird
training/091.Mockingbird/Mockingbird_0072_80789,90,091.Mockingbird
training/091.Mockingbird/Mockingbird_0085_81417,90,091.Mockingbird
training/091.Mockingbird/Mockingbird_0103_79659,90,091.Mockingbird
training/092.Nighthawk/Nighthawk_0004_84011,91,092.Nighthawk
training/092.Nighthawk/Nighthawk_0012_84333,91,092.Nighthawk
training/092.Nighthawk/Nighthawk_0018_83639,91,092.Nighthawk
training/092.Nighthawk/Nighthawk_0035_84077,91,092.Nighthawk
training/092.Nighthawk/Nighthawk_0043_84039,91,092.Nighthawk
training/092.Nighthawk/Nighthawk_0045_82807,91,092.Nighthawk
training/092.Nighthawk/Nighthawk_0068_82368,91,092.Nighthawk
training/092.Nighthawk/Nighthawk_0076_82686,91,092.Nighthawk
training/092.Nighthawk/Nighthawk_0083_83647,91,092.Nighthawk
training/092.Nighthawk/Nighthawk_0090_82579,91,092.Nighthawk
training/093.Clark_Nutcracker/Clark_Nutcracker_0017_84777,92,093.Clark_Nutcracker
training/093.Clark_Nutcracker/Clark_Nutcracker_0026_84945,92,093.Clark_Nutcracker
training/093.Clark_Nutcracker/Clark_Nutcracker_0060_84862,92,093.Clark_Nutcracker
training/093.Clark_Nutcracker/Clark_Nutcracker_0062_85464,92,093.Clark_Nutcracker
training/093.Clark_Nutcracker/Clark_Nutcracker_0066_85390,92,093.Clark_Nutcracker
training/093.Clark_Nutcracker/Clark_Nutcracker_0084_85149,92,093.Clark_Nutcracker
training/093.Clark_Nutcracker/Clark_Nutcracker_0087_84898,92,093.Clark_Nutcracker
training/093.Clark_Nutcracker/Clark_Nutcracker_0098_85105,92,093.Clark_Nutcracker
training/093.Clark_Nutcracker/Clark_Nutcracker_0101_85656,92,093.Clark_Nutcracker
training/093.Clark_Nutcracker/Clark_Nutcracker_0112_85350,92,093.Clark_Nutcracker
training/094.White_breasted_Nuthatch/White_Breasted_Nuthatch_0025_85803,93,094.White_breasted_Nuthatch
training/094.White_breasted_Nuthatch/White_Breasted_Nuthatch_0036_86596,93,094.White_breasted_Nuthatch
training/094.White_breasted_Nuthatch/White_Breasted_Nuthatch_0047_85819,93,094.White_breasted_Nuthatch
training/094.White_breasted_Nuthatch/White_Breasted_Nuthatch_0054_86551,93,094.White_breasted_Nuthatch
training/094.White_breasted_Nuthatch/White_Breasted_Nuthatch_0055_86075,93,094.White_breasted_Nuthatch
training/094.White_breasted_Nuthatch/White_Breasted_Nuthatch_0066_86159,93,094.White_breasted_Nuthatch
training/094.White_breasted_Nuthatch/White_Breasted_Nuthatch_0077_86462,93,094.White_breasted_Nuthatch
training/094.White_breasted_Nuthatch/White_Breasted_Nuthatch_0095_86425,93,094.White_breasted_Nuthatch
training/094.White_breasted_Nuthatch/White_Breasted_Nuthatch_0106_85955,93,094.White_breasted_Nuthatch
training/094.White_breasted_Nuthatch/White_Breasted_Nuthatch_0114_86554,93,094.White_breasted_Nuthatch
training/095.Baltimore_Oriole/Baltimore_Oriole_0007_88038,94,095.Baltimore_Oriole
training/095.Baltimore_Oriole/Baltimore_Oriole_0020_87066,94,095.Baltimore_Oriole
training/095.Baltimore_Oriole/Baltimore_Oriole_0021_87089,94,095.Baltimore_Oriole
training/095.Baltimore_Oriole/Baltimore_Oriole_0027_87561,94,095.Baltimore_Oriole
training/095.Baltimore_Oriole/Baltimore_Oriole_0033_88347,94,095.Baltimore_Oriole
training/095.Baltimore_Oriole/Baltimore_Oriole_0039_88027,94,095.Baltimore_Oriole
training/095.Baltimore_Oriole/Baltimore_Oriole_0045_88178,94,095.Baltimore_Oriole
training/095.Baltimore_Oriole/Baltimore_Oriole_0084_89684,94,095.Baltimore_Oriole
training/095.Baltimore_Oriole/Baltimore_Oriole_0128_87796,94,095.Baltimore_Oriole
training/095.Baltimore_Oriole/Baltimore_Oriole_0131_87542,94,095.Baltimore_Oriole
training/096.Hooded_Oriole/Hooded_Oriole_0038_90575,95,096.Hooded_Oriole
training/096.Hooded_Oriole/Hooded_Oriole_0067_90416,95,096.Hooded_Oriole
training/096.Hooded_Oriole/Hooded_Oriole_0070_90221,95,096.Hooded_Oriole
training/096.Hooded_Oriole/Hooded_Oriole_0079_89978,95,096.Hooded_Oriole
training/096.Hooded_Oriole/Hooded_Oriole_0104_90264,95,096.Hooded_Oriole
training/096.Hooded_Oriole/Hooded_Oriole_0106_90899,95,096.Hooded_Oriole
training/096.Hooded_Oriole/Hooded_Oriole_0115_90442,95,096.Hooded_Oriole
training/096.Hooded_Oriole/Hooded_Oriole_0124_90350,95,096.Hooded_Oriole
training/096.Hooded_Oriole/Hooded_Oriole_0125_90382,95,096.Hooded_Oriole
training/096.Hooded_Oriole/Hooded_Oriole_0126_90319,95,096.Hooded_Oriole
training/097.Orchard_Oriole/Orchard_Oriole_0024_91755,96,097.Orchard_Oriole
training/097.Orchard_Oriole/Orchard_Oriole_0033_91532,96,097.Orchard_Oriole
training/097.Orchard_Oriole/Orchard_Oriole_0035_92003,96,097.Orchard_Oriole
training/097.Orchard_Oriole/Orchard_Oriole_0044_91360,96,097.Orchard_Oriole
training/097.Orchard_Oriole/Orchard_Oriole_0048_91393,96,097.Orchard_Oriole
training/097.Orchard_Oriole/Orchard_Oriole_0059_92046,96,097.Orchard_Oriole
training/097.Orchard_Oriole/Orchard_Oriole_0061_91941,96,097.Orchard_Oriole
training/097.Orchard_Oriole/Orchard_Oriole_0082_91654,96,097.Orchard_Oriole
training/097.Orchard_Oriole/Orchard_Oriole_0092_92128,96,097.Orchard_Oriole
training/097.Orchard_Oriole/Orchard_Oriole_0098_91401,96,097.Orchard_Oriole
training/098.Scott_Oriole/Scott_Oriole_0003_92247,97,098.Scott_Oriole
training/098.Scott_Oriole/Scott_Oriole_0012_795837,97,098.Scott_Oriole
training/098.Scott_Oriole/Scott_Oriole_0019_795815,97,098.Scott_Oriole
training/098.Scott_Oriole/Scott_Oriole_0025_92207,97,098.Scott_Oriole
training/098.Scott_Oriole/Scott_Oriole_0031_90270,97,098.Scott_Oriole
training/098.Scott_Oriole/Scott_Oriole_0045_92237,97,098.Scott_Oriole
training/098.Scott_Oriole/Scott_Oriole_0068_795804,97,098.Scott_Oriole
training/098.Scott_Oriole/Scott_Oriole_0075_795817,97,098.Scott_Oriole
training/098.Scott_Oriole/Scott_Oriole_0083_795821,97,098.Scott_Oriole
training/098.Scott_Oriole/Scott_Oriole_0085_92206,97,098.Scott_Oriole
training/099.Ovenbird/Ovenbird_0024_92583,98,099.Ovenbird
training/099.Ovenbird/Ovenbird_0032_93199,98,099.Ovenbird
training/099.Ovenbird/Ovenbird_0045_92973,98,099.Ovenbird
training/099.Ovenbird/Ovenbird_0059_92470,98,099.Ovenbird
training/099.Ovenbird/Ovenbird_0064_93208,98,099.Ovenbird
training/099.Ovenbird/Ovenbird_0077_92590,98,099.Ovenbird
training/099.Ovenbird/Ovenbird_0102_93172,98,099.Ovenbird
training/099.Ovenbird/Ovenbird_0128_93366,98,099.Ovenbird
training/099.Ovenbird/Ovenbird_0135_93168,98,099.Ovenbird
training/099.Ovenbird/Ovenbird_0137_92639,98,099.Ovenbird
training/100.Brown_Pelican/Brown_Pelican_0007_94078,99,100.Brown_Pelican
training/100.Brown_Pelican/Brown_Pelican_0020_95422,99,100.Brown_Pelican
training/100.Brown_Pelican/Brown_Pelican_0025_95218,99,100.Brown_Pelican
training/100.Brown_Pelican/Brown_Pelican_0036_93843,99,100.Brown_Pelican
training/100.Brown_Pelican/Brown_Pelican_0068_94430,99,100.Brown_Pelican
training/100.Brown_Pelican/Brown_Pelican_0086_93757,99,100.Brown_Pelican
training/100.Brown_Pelican/Brown_Pelican_0111_93872,99,100.Brown_Pelican
training/100.Brown_Pelican/Brown_Pelican_0123_94368,99,100.Brown_Pelican
training/100.Brown_Pelican/Brown_Pelican_0125_93461,99,100.Brown_Pelican
training/100.Brown_Pelican/Brown_Pelican_0129_94074,99,100.Brown_Pelican
training/101.White_Pelican/White_Pelican_0013_96901,100,101.White_Pelican
training/101.White_Pelican/White_Pelican_0024_96554,100,101.White_Pelican
training/101.White_Pelican/White_Pelican_0028_95950,100,101.White_Pelican
training/101.White_Pelican/White_Pelican_0032_96920,100,101.White_Pelican
training/101.White_Pelican/White_Pelican_0037_95570,100,101.White_Pelican
training/101.White_Pelican/White_Pelican_0047_97190,100,101.White_Pelican
training/101.White_Pelican/White_Pelican_0050_97913,100,101.White_Pelican
training/101.White_Pelican/White_Pelican_0056_97071,100,101.White_Pelican
training/101.White_Pelican/White_Pelican_0067_95573,100,101.White_Pelican
training/101.White_Pelican/White_Pelican_0071_96061,100,101.White_Pelican
training/102.Western_Wood_Pewee/Western_Wood_Pewee_0008_795043,101,102.Western_Wood_Pewee
training/102.Western_Wood_Pewee/Western_Wood_Pewee_0015_98184,101,102.Western_Wood_Pewee
training/102.Western_Wood_Pewee/Western_Wood_Pewee_0026_98191,101,102.Western_Wood_Pewee
training/102.Western_Wood_Pewee/Western_Wood_Pewee_0030_98272,101,102.Western_Wood_Pewee
training/102.Western_Wood_Pewee/Western_Wood_Pewee_0041_795048,101,102.Western_Wood_Pewee
training/102.Western_Wood_Pewee/Western_Wood_Pewee_0049_98263,101,102.Western_Wood_Pewee
training/102.Western_Wood_Pewee/Western_Wood_Pewee_0054_97982,101,102.Western_Wood_Pewee
training/102.Western_Wood_Pewee/Western_Wood_Pewee_0072_98035,101,102.Western_Wood_Pewee
training/102.Western_Wood_Pewee/Western_Wood_Pewee_0076_98002,101,102.Western_Wood_Pewee
training/102.Western_Wood_Pewee/Western_Wood_Pewee_0079_795047,101,102.Western_Wood_Pewee
training/103.Sayornis/Sayornis_0003_98618,102,103.Sayornis
training/103.Sayornis/Sayornis_0011_98610,102,103.Sayornis
training/103.Sayornis/Sayornis_0025_98620,102,103.Sayornis
training/103.Sayornis/Sayornis_0036_98323,102,103.Sayornis
training/103.Sayornis/Sayornis_0098_98419,102,103.Sayornis
training/103.Sayornis/Sayornis_0099_98593,102,103.Sayornis
training/103.Sayornis/Sayornis_0114_98976,102,103.Sayornis
training/103.Sayornis/Sayornis_0129_98924,102,103.Sayornis
training/103.Sayornis/Sayornis_0130_98678,102,103.Sayornis
training/103.Sayornis/Sayornis_0133_99129,102,103.Sayornis
training/104.American_Pipit/American_Pipit_0006_99857,103,104.American_Pipit
training/104.American_Pipit/American_Pipit_0011_99630,103,104.American_Pipit
training/104.American_Pipit/American_Pipit_0021_100378,103,104.American_Pipit
training/104.American_Pipit/American_Pipit_0027_100189,103,104.American_Pipit
training/104.American_Pipit/American_Pipit_0031_99607,103,104.American_Pipit
training/104.American_Pipit/American_Pipit_0067_100237,103,104.American_Pipit
training/104.American_Pipit/American_Pipit_0074_100154,103,104.American_Pipit
training/104.American_Pipit/American_Pipit_0085_100246,103,104.American_Pipit
training/104.American_Pipit/American_Pipit_0113_99939,103,104.American_Pipit
training/104.American_Pipit/American_Pipit_0116_100015,103,104.American_Pipit
training/105.Whip_poor_Will/Whip_Poor_Will_0011_796416,104,105.Whip_poor_Will
training/105.Whip_poor_Will/Whip_Poor_Will_0013_796439,104,105.Whip_poor_Will
training/105.Whip_poor_Will/Whip_Poor_Will_0026_100456,104,105.Whip_poor_Will
training/105.Whip_poor_Will/Whip_Poor_Will_0031_100397,104,105.Whip_poor_Will
training/105.Whip_poor_Will/Whip_Poor_Will_0035_796430,104,105.Whip_poor_Will
training/105.Whip_poor_Will/Whip_Poor_Will_0040_100482,104,105.Whip_poor_Will
training/105.Whip_poor_Will/Whip_Poor_Will_0043_796442,104,105.Whip_poor_Will
training/105.Whip_poor_Will/Whip_Poor_Will_0044_796407,104,105.Whip_poor_Will
training/105.Whip_poor_Will/Whip_Poor_Will_0048_796417,104,105.Whip_poor_Will
training/105.Whip_poor_Will/Whip_Poor_Will_0049_83621,104,105.Whip_poor_Will
training/106.Horned_Puffin/Horned_Puffin_0004_100733,105,106.Horned_Puffin
training/106.Horned_Puffin/Horned_Puffin_0006_100989,105,106.Horned_Puffin
training/106.Horned_Puffin/Horned_Puffin_0022_100766,105,106.Horned_Puffin
training/106.Horned_Puffin/Horned_Puffin_0030_100725,105,106.Horned_Puffin
training/106.Horned_Puffin/Horned_Puffin_0042_100760,105,106.Horned_Puffin
training/106.Horned_Puffin/Horned_Puffin_0055_100882,105,106.Horned_Puffin
training/106.Horned_Puffin/Horned_Puffin_0062_100693,105,106.Horned_Puffin
training/106.Horned_Puffin/Horned_Puffin_0066_100877,105,106.Horned_Puffin
training/106.Horned_Puffin/Horned_Puffin_0067_100737,105,106.Horned_Puffin
training/106.Horned_Puffin/Horned_Puffin_0082_100876,105,106.Horned_Puffin
training/107.Common_Raven/Common_Raven_0001_101213,106,107.Common_Raven
training/107.Common_Raven/Common_Raven_0010_101390,106,107.Common_Raven
training/107.Common_Raven/Common_Raven_0029_102039,106,107.Common_Raven
training/107.Common_Raven/Common_Raven_0035_101466,106,107.Common_Raven
training/107.Common_Raven/Common_Raven_0062_101448,106,107.Common_Raven
training/107.Common_Raven/Common_Raven_0069_101825,106,107.Common_Raven
training/107.Common_Raven/Common_Raven_0095_101831,106,107.Common_Raven
training/107.Common_Raven/Common_Raven_0099_102534,106,107.Common_Raven
training/107.Common_Raven/Common_Raven_0116_101350,106,107.Common_Raven
training/107.Common_Raven/Common_Raven_0119_101595,106,107.Common_Raven
training/108.White_necked_Raven/White_Necked_Raven_0001_797384,107,108.White_necked_Raven
training/108.White_necked_Raven/White_Necked_Raven_0007_102676,107,108.White_necked_Raven
training/108.White_necked_Raven/White_Necked_Raven_0014_102687,107,108.White_necked_Raven
training/108.White_necked_Raven/White_Necked_Raven_0018_102746,107,108.White_necked_Raven
training/108.White_necked_Raven/White_Necked_Raven_0026_797357,107,108.White_necked_Raven
training/108.White_necked_Raven/White_Necked_Raven_0030_102701,107,108.White_necked_Raven
training/108.White_necked_Raven/White_Necked_Raven_0044_797348,107,108.White_necked_Raven
training/108.White_necked_Raven/White_Necked_Raven_0050_797374,107,108.White_necked_Raven
training/108.White_necked_Raven/White_Necked_Raven_0051_797383,107,108.White_necked_Raven
training/108.White_necked_Raven/White_Necked_Raven_0067_102630,107,108.White_necked_Raven
training/109.American_Redstart/American_Redstart_0013_103677,108,109.American_Redstart
training/109.American_Redstart/American_Redstart_0045_102823,108,109.American_Redstart
training/109.American_Redstart/American_Redstart_0049_103176,108,109.American_Redstart
training/109.American_Redstart/American_Redstart_0054_103543,108,109.American_Redstart
training/109.American_Redstart/American_Redstart_0056_103241,108,109.American_Redstart
training/109.American_Redstart/American_Redstart_0096_102853,108,109.American_Redstart
training/109.American_Redstart/American_Redstart_0108_103686,108,109.American_Redstart
training/109.American_Redstart/American_Redstart_0111_102945,108,109.American_Redstart
training/109.American_Redstart/American_Redstart_0118_103033,108,109.American_Redstart
training/109.American_Redstart/American_Redstart_0138_102869,108,109.American_Redstart
training/110.Geococcyx/Geococcyx_0009_104372,109,110.Geococcyx
training/110.Geococcyx/Geococcyx_0022_104157,109,110.Geococcyx
training/110.Geococcyx/Geococcyx_0036_104173,109,110.Geococcyx
training/110.Geococcyx/Geococcyx_0038_104266,109,110.Geococcyx
training/110.Geococcyx/Geococcyx_0047_104259,109,110.Geococcyx
training/110.Geococcyx/Geococcyx_0078_104468,109,110.Geococcyx
training/110.Geococcyx/Geococcyx_0105_104239,109,110.Geococcyx
training/110.Geococcyx/Geococcyx_0106_104216,109,110.Geococcyx
training/110.Geococcyx/Geococcyx_0110_104163,109,110.Geococcyx
training/110.Geococcyx/Geococcyx_0112_104548,109,110.Geococcyx
training/111.Loggerhead_Shrike/Loggerhead_Shrike_0007_106101,110,111.Loggerhead_Shrike
training/111.Loggerhead_Shrike/Loggerhead_Shrike_0018_26407,110,111.Loggerhead_Shrike
training/111.Loggerhead_Shrike/Loggerhead_Shrike_0019_106132,110,111.Loggerhead_Shrike
training/111.Loggerhead_Shrike/Loggerhead_Shrike_0032_106521,110,111.Loggerhead_Shrike
training/111.Loggerhead_Shrike/Loggerhead_Shrike_0046_104998,110,111.Loggerhead_Shrike
training/111.Loggerhead_Shrike/Loggerhead_Shrike_0048_106215,110,111.Loggerhead_Shrike
training/111.Loggerhead_Shrike/Loggerhead_Shrike_0071_105040,110,111.Loggerhead_Shrike
training/111.Loggerhead_Shrike/Loggerhead_Shrike_0073_106097,110,111.Loggerhead_Shrike
training/111.Loggerhead_Shrike/Loggerhead_Shrike_0116_105286,110,111.Loggerhead_Shrike
training/111.Loggerhead_Shrike/Loggerhead_Shrike_0127_105742,110,111.Loggerhead_Shrike
training/112.Great_Grey_Shrike/Great_Grey_Shrike_0004_797041,111,112.Great_Grey_Shrike
training/112.Great_Grey_Shrike/Great_Grey_Shrike_0017_797028,111,112.Great_Grey_Shrike
training/112.Great_Grey_Shrike/Great_Grey_Shrike_0020_797052,111,112.Great_Grey_Shrike
training/112.Great_Grey_Shrike/Great_Grey_Shrike_0022_797057,111,112.Great_Grey_Shrike
training/112.Great_Grey_Shrike/Great_Grey_Shrike_0045_797047,111,112.Great_Grey_Shrike
training/112.Great_Grey_Shrike/Great_Grey_Shrike_0049_797025,111,112.Great_Grey_Shrike
training/112.Great_Grey_Shrike/Great_Grey_Shrike_0054_106768,111,112.Great_Grey_Shrike
training/112.Great_Grey_Shrike/Great_Grey_Shrike_0057_106681,111,112.Great_Grey_Shrike
training/112.Great_Grey_Shrike/Great_Grey_Shrike_0064_106778,111,112.Great_Grey_Shrike
training/112.Great_Grey_Shrike/Great_Grey_Shrike_0083_797051,111,112.Great_Grey_Shrike
training/113.Baird_Sparrow/Baird_Sparrow_0002_794551,112,113.Baird_Sparrow
training/113.Baird_Sparrow/Baird_Sparrow_0008_106929,112,113.Baird_Sparrow
training/113.Baird_Sparrow/Baird_Sparrow_0009_106882,112,113.Baird_Sparrow
training/113.Baird_Sparrow/Baird_Sparrow_0010_794575,112,113.Baird_Sparrow
training/113.Baird_Sparrow/Baird_Sparrow_0025_794564,112,113.Baird_Sparrow
training/113.Baird_Sparrow/Baird_Sparrow_0029_794583,112,113.Baird_Sparrow
training/113.Baird_Sparrow/Baird_Sparrow_0032_794553,112,113.Baird_Sparrow
training/113.Baird_Sparrow/Baird_Sparrow_0034_794589,112,113.Baird_Sparrow
training/113.Baird_Sparrow/Baird_Sparrow_0046_794588,112,113.Baird_Sparrow
training/113.Baird_Sparrow/Baird_Sparrow_0047_787318,112,113.Baird_Sparrow
training/114.Black_throated_Sparrow/Black_Throated_Sparrow_0001_107233,113,114.Black_throated_Sparrow
training/114.Black_throated_Sparrow/Black_Throated_Sparrow_0019_107192,113,114.Black_throated_Sparrow
training/114.Black_throated_Sparrow/Black_Throated_Sparrow_0020_106971,113,114.Black_throated_Sparrow
training/114.Black_throated_Sparrow/Black_Throated_Sparrow_0023_107104,113,114.Black_throated_Sparrow
training/114.Black_throated_Sparrow/Black_Throated_Sparrow_0026_107198,113,114.Black_throated_Sparrow
training/114.Black_throated_Sparrow/Black_Throated_Sparrow_0055_107213,113,114.Black_throated_Sparrow
training/114.Black_throated_Sparrow/Black_Throated_Sparrow_0066_106974,113,114.Black_throated_Sparrow
training/114.Black_throated_Sparrow/Black_Throated_Sparrow_0069_107116,113,114.Black_throated_Sparrow
training/114.Black_throated_Sparrow/Black_Throated_Sparrow_0081_107111,113,114.Black_throated_Sparrow
training/114.Black_throated_Sparrow/Black_Throated_Sparrow_0086_106970,113,114.Black_throated_Sparrow
training/115.Brewer_Sparrow/Brewer_Sparrow_0001_796718,114,115.Brewer_Sparrow
training/115.Brewer_Sparrow/Brewer_Sparrow_0008_796703,114,115.Brewer_Sparrow
training/115.Brewer_Sparrow/Brewer_Sparrow_0012_107411,114,115.Brewer_Sparrow
training/115.Brewer_Sparrow/Brewer_Sparrow_0019_107452,114,115.Brewer_Sparrow
training/115.Brewer_Sparrow/Brewer_Sparrow_0022_107440,114,115.Brewer_Sparrow
training/115.Brewer_Sparrow/Brewer_Sparrow_0026_107432,114,115.Brewer_Sparrow
training/115.Brewer_Sparrow/Brewer_Sparrow_0028_107467,114,115.Brewer_Sparrow
training/115.Brewer_Sparrow/Brewer_Sparrow_0058_796701,114,115.Brewer_Sparrow
training/115.Brewer_Sparrow/Brewer_Sparrow_0063_796714,114,115.Brewer_Sparrow
training/115.Brewer_Sparrow/Brewer_Sparrow_0074_107408,114,115.Brewer_Sparrow
training/116.Chipping_Sparrow/Chipping_Sparrow_0005_108931,115,116.Chipping_Sparrow
training/116.Chipping_Sparrow/Chipping_Sparrow_0008_107810,115,116.Chipping_Sparrow
training/116.Chipping_Sparrow/Chipping_Sparrow_0010_109760,115,116.Chipping_Sparrow
training/116.Chipping_Sparrow/Chipping_Sparrow_0011_108081,115,116.Chipping_Sparrow
training/116.Chipping_Sparrow/Chipping_Sparrow_0012_108576,115,116.Chipping_Sparrow
training/116.Chipping_Sparrow/Chipping_Sparrow_0030_109741,115,116.Chipping_Sparrow
training/116.Chipping_Sparrow/Chipping_Sparrow_0032_108882,115,116.Chipping_Sparrow
training/116.Chipping_Sparrow/Chipping_Sparrow_0064_108204,115,116.Chipping_Sparrow
training/116.Chipping_Sparrow/Chipping_Sparrow_0071_108735,115,116.Chipping_Sparrow
training/116.Chipping_Sparrow/Chipping_Sparrow_0098_108644,115,116.Chipping_Sparrow
training/117.Clay_colored_Sparrow/Clay_Colored_Sparrow_0003_110672,116,117.Clay_colored_Sparrow
training/117.Clay_colored_Sparrow/Clay_Colored_Sparrow_0018_797246,116,117.Clay_colored_Sparrow
training/117.Clay_colored_Sparrow/Clay_Colored_Sparrow_0026_110774,116,117.Clay_colored_Sparrow
training/117.Clay_colored_Sparrow/Clay_Colored_Sparrow_0036_110924,116,117.Clay_colored_Sparrow
training/117.Clay_colored_Sparrow/Clay_Colored_Sparrow_0043_110685,116,117.Clay_colored_Sparrow
training/117.Clay_colored_Sparrow/Clay_Colored_Sparrow_0078_110912,116,117.Clay_colored_Sparrow
training/117.Clay_colored_Sparrow/Clay_Colored_Sparrow_0081_110682,116,117.Clay_colored_Sparrow
training/117.Clay_colored_Sparrow/Clay_Colored_Sparrow_0087_110946,116,117.Clay_colored_Sparrow
training/117.Clay_colored_Sparrow/Clay_Colored_Sparrow_0099_110561,116,117.Clay_colored_Sparrow
training/117.Clay_colored_Sparrow/Clay_Colored_Sparrow_0104_110699,116,117.Clay_colored_Sparrow
training/118.House_Sparrow/House_Sparrow_0008_111204,117,118.House_Sparrow
training/118.House_Sparrow/House_Sparrow_0030_111387,117,118.House_Sparrow
training/118.House_Sparrow/House_Sparrow_0055_111393,117,118.House_Sparrow
training/118.House_Sparrow/House_Sparrow_0059_111164,117,118.House_Sparrow
training/118.House_Sparrow/House_Sparrow_0067_112913,117,118.House_Sparrow
training/118.House_Sparrow/House_Sparrow_0093_110990,117,118.House_Sparrow
training/118.House_Sparrow/House_Sparrow_0104_113105,117,118.House_Sparrow
training/118.House_Sparrow/House_Sparrow_0108_112963,117,118.House_Sparrow
training/118.House_Sparrow/House_Sparrow_0119_111471,117,118.House_Sparrow
training/118.House_Sparrow/House_Sparrow_0145_112703,117,118.House_Sparrow
training/119.Field_Sparrow/Field_Sparrow_0025_113683,118,119.Field_Sparrow
training/119.Field_Sparrow/Field_Sparrow_0029_113434,118,119.Field_Sparrow
training/119.Field_Sparrow/Field_Sparrow_0043_113607,118,119.Field_Sparrow
training/119.Field_Sparrow/Field_Sparrow_0066_114109,118,119.Field_Sparrow
training/119.Field_Sparrow/Field_Sparrow_0099_113872,118,119.Field_Sparrow
training/119.Field_Sparrow/Field_Sparrow_0102_113595,118,119.Field_Sparrow
training/119.Field_Sparrow/Field_Sparrow_0106_113350,118,119.Field_Sparrow
training/119.Field_Sparrow/Field_Sparrow_0110_113995,118,119.Field_Sparrow
training/119.Field_Sparrow/Field_Sparrow_0121_113455,118,119.Field_Sparrow
training/119.Field_Sparrow/Field_Sparrow_0127_114087,118,119.Field_Sparrow
training/120.Fox_Sparrow/Fox_Sparrow_0025_114555,119,120.Fox_Sparrow
training/120.Fox_Sparrow/Fox_Sparrow_0041_115218,119,120.Fox_Sparrow
training/120.Fox_Sparrow/Fox_Sparrow_0078_114582,119,120.Fox_Sparrow
training/120.Fox_Sparrow/Fox_Sparrow_0086_115484,119,120.Fox_Sparrow
training/120.Fox_Sparrow/Fox_Sparrow_0091_115550,119,120.Fox_Sparrow
training/120.Fox_Sparrow/Fox_Sparrow_0093_114757,119,120.Fox_Sparrow
training/120.Fox_Sparrow/Fox_Sparrow_0109_114859,119,120.Fox_Sparrow
training/120.Fox_Sparrow/Fox_Sparrow_0110_115172,119,120.Fox_Sparrow
training/120.Fox_Sparrow/Fox_Sparrow_0116_115311,119,120.Fox_Sparrow
training/120.Fox_Sparrow/Fox_Sparrow_0138_114586,119,120.Fox_Sparrow
training/121.Grasshopper_Sparrow/Grasshopper_Sparrow_0003_115676,120,121.Grasshopper_Sparrow
training/121.Grasshopper_Sparrow/Grasshopper_Sparrow_0017_115908,120,121.Grasshopper_Sparrow
training/121.Grasshopper_Sparrow/Grasshopper_Sparrow_0026_115915,120,121.Grasshopper_Sparrow
training/121.Grasshopper_Sparrow/Grasshopper_Sparrow_0040_115696,120,121.Grasshopper_Sparrow
training/121.Grasshopper_Sparrow/Grasshopper_Sparrow_0042_115638,120,121.Grasshopper_Sparrow
training/121.Grasshopper_Sparrow/Grasshopper_Sparrow_0050_116301,120,121.Grasshopper_Sparrow
training/121.Grasshopper_Sparrow/Grasshopper_Sparrow_0068_115799,120,121.Grasshopper_Sparrow
training/121.Grasshopper_Sparrow/Grasshopper_Sparrow_0072_115663,120,121.Grasshopper_Sparrow
training/121.Grasshopper_Sparrow/Grasshopper_Sparrow_0110_115644,120,121.Grasshopper_Sparrow
training/121.Grasshopper_Sparrow/Grasshopper_Sparrow_0114_116160,120,121.Grasshopper_Sparrow
training/122.Harris_Sparrow/Harris_Sparrow_0005_116694,121,122.Harris_Sparrow
training/122.Harris_Sparrow/Harris_Sparrow_0011_116597,121,122.Harris_Sparrow
training/122.Harris_Sparrow/Harris_Sparrow_0020_116379,121,122.Harris_Sparrow
training/122.Harris_Sparrow/Harris_Sparrow_0025_116648,121,122.Harris_Sparrow
training/122.Harris_Sparrow/Harris_Sparrow_0039_116409,121,122.Harris_Sparrow
training/122.Harris_Sparrow/Harris_Sparrow_0052_116544,121,122.Harris_Sparrow
training/122.Harris_Sparrow/Harris_Sparrow_0055_116512,121,122.Harris_Sparrow
training/122.Harris_Sparrow/Harris_Sparrow_0056_116532,121,122.Harris_Sparrow
training/122.Harris_Sparrow/Harris_Sparrow_0057_116374,121,122.Harris_Sparrow
training/122.Harris_Sparrow/Harris_Sparrow_0074_116539,121,122.Harris_Sparrow
training/123.Henslow_Sparrow/Henslow_Sparrow_0002_116930,122,123.Henslow_Sparrow
training/123.Henslow_Sparrow/Henslow_Sparrow_0009_796611,122,123.Henslow_Sparrow
training/123.Henslow_Sparrow/Henslow_Sparrow_0031_796594,122,123.Henslow_Sparrow
training/123.Henslow_Sparrow/Henslow_Sparrow_0042_796595,122,123.Henslow_Sparrow
training/123.Henslow_Sparrow/Henslow_Sparrow_0061_116751,122,123.Henslow_Sparrow
training/123.Henslow_Sparrow/Henslow_Sparrow_0064_796573,122,123.Henslow_Sparrow
training/123.Henslow_Sparrow/Henslow_Sparrow_0069_116832,122,123.Henslow_Sparrow
training/123.Henslow_Sparrow/Henslow_Sparrow_0070_796571,122,123.Henslow_Sparrow
training/123.Henslow_Sparrow/Henslow_Sparrow_0096_116758,122,123.Henslow_Sparrow
training/123.Henslow_Sparrow/Henslow_Sparrow_0107_796614,122,123.Henslow_Sparrow
training/124.Le_Conte_Sparrow/Le_Conte_Sparrow_0020_117035,123,124.Le_Conte_Sparrow
training/124.Le_Conte_Sparrow/Le_Conte_Sparrow_0021_117105,123,124.Le_Conte_Sparrow
training/124.Le_Conte_Sparrow/Le_Conte_Sparrow_0034_795150,123,124.Le_Conte_Sparrow
training/124.Le_Conte_Sparrow/Le_Conte_Sparrow_0043_795213,123,124.Le_Conte_Sparrow
training/124.Le_Conte_Sparrow/Le_Conte_Sparrow_0055_117036,123,124.Le_Conte_Sparrow
training/124.Le_Conte_Sparrow/Le_Conte_Sparrow_0060_795160,123,124.Le_Conte_Sparrow
training/124.Le_Conte_Sparrow/Le_Conte_Sparrow_0064_795235,123,124.Le_Conte_Sparrow
training/124.Le_Conte_Sparrow/Le_Conte_Sparrow_0068_795180,123,124.Le_Conte_Sparrow
training/124.Le_Conte_Sparrow/Le_Conte_Sparrow_0089_795154,123,124.Le_Conte_Sparrow
training/124.Le_Conte_Sparrow/Le_Conte_Sparrow_0099_795182,123,124.Le_Conte_Sparrow
training/125.Lincoln_Sparrow/Lincoln_Sparrow_0036_117280,124,125.Lincoln_Sparrow
training/125.Lincoln_Sparrow/Lincoln_Sparrow_0042_117507,124,125.Lincoln_Sparrow
training/125.Lincoln_Sparrow/Lincoln_Sparrow_0050_117744,124,125.Lincoln_Sparrow
training/125.Lincoln_Sparrow/Lincoln_Sparrow_0058_117503,124,125.Lincoln_Sparrow
training/125.Lincoln_Sparrow/Lincoln_Sparrow_0079_117919,124,125.Lincoln_Sparrow
training/125.Lincoln_Sparrow/Lincoln_Sparrow_0108_117773,124,125.Lincoln_Sparrow
training/125.Lincoln_Sparrow/Lincoln_Sparrow_0110_117264,124,125.Lincoln_Sparrow
training/125.Lincoln_Sparrow/Lincoln_Sparrow_0115_117216,124,125.Lincoln_Sparrow
training/125.Lincoln_Sparrow/Lincoln_Sparrow_0119_117270,124,125.Lincoln_Sparrow
training/125.Lincoln_Sparrow/Lincoln_Sparrow_0128_117851,124,125.Lincoln_Sparrow
training/126.Nelson_Sharp_tailed_Sparrow/Nelson_Sharp_Tailed_Sparrow_0004_796941,125,126.Nelson_Sharp_tailed_Sparrow
training/126.Nelson_Sharp_tailed_Sparrow/Nelson_Sharp_Tailed_Sparrow_0013_796942,125,126.Nelson_Sharp_tailed_Sparrow
training/126.Nelson_Sharp_tailed_Sparrow/Nelson_Sharp_Tailed_Sparrow_0017_796910,125,126.Nelson_Sharp_tailed_Sparrow
training/126.Nelson_Sharp_tailed_Sparrow/Nelson_Sharp_Tailed_Sparrow_0018_118011,125,126.Nelson_Sharp_tailed_Sparrow
training/126.Nelson_Sharp_tailed_Sparrow/Nelson_Sharp_Tailed_Sparrow_0030_118064,125,126.Nelson_Sharp_tailed_Sparrow
training/126.Nelson_Sharp_tailed_Sparrow/Nelson_Sharp_Tailed_Sparrow_0033_118024,125,126.Nelson_Sharp_tailed_Sparrow
training/126.Nelson_Sharp_tailed_Sparrow/Nelson_Sharp_Tailed_Sparrow_0042_796911,125,126.Nelson_Sharp_tailed_Sparrow
training/126.Nelson_Sharp_tailed_Sparrow/Nelson_Sharp_Tailed_Sparrow_0051_796902,125,126.Nelson_Sharp_tailed_Sparrow
training/126.Nelson_Sharp_tailed_Sparrow/Nelson_Sharp_Tailed_Sparrow_0067_796912,125,126.Nelson_Sharp_tailed_Sparrow
training/126.Nelson_Sharp_tailed_Sparrow/Nelson_Sharp_Tailed_Sparrow_0074_796901,125,126.Nelson_Sharp_tailed_Sparrow
training/127.Savannah_Sparrow/Savannah_Sparrow_0001_118956,126,127.Savannah_Sparrow
training/127.Savannah_Sparrow/Savannah_Sparrow_0009_120205,126,127.Savannah_Sparrow
training/127.Savannah_Sparrow/Savannah_Sparrow_0029_119621,126,127.Savannah_Sparrow
training/127.Savannah_Sparrow/Savannah_Sparrow_0047_119365,126,127.Savannah_Sparrow
training/127.Savannah_Sparrow/Savannah_Sparrow_0049_119596,126,127.Savannah_Sparrow
training/127.Savannah_Sparrow/Savannah_Sparrow_0080_118120,126,127.Savannah_Sparrow
training/127.Savannah_Sparrow/Savannah_Sparrow_0107_119671,126,127.Savannah_Sparrow
training/127.Savannah_Sparrow/Savannah_Sparrow_0109_119674,126,127.Savannah_Sparrow
training/127.Savannah_Sparrow/Savannah_Sparrow_0116_118108,126,127.Savannah_Sparrow
training/127.Savannah_Sparrow/Savannah_Sparrow_0124_118820,126,127.Savannah_Sparrow
training/128.Seaside_Sparrow/Seaside_Sparrow_0001_120720,127,128.Seaside_Sparrow
training/128.Seaside_Sparrow/Seaside_Sparrow_0002_796536,127,128.Seaside_Sparrow
training/128.Seaside_Sparrow/Seaside_Sparrow_0012_120732,127,128.Seaside_Sparrow
training/128.Seaside_Sparrow/Seaside_Sparrow_0024_120751,127,128.Seaside_Sparrow
training/128.Seaside_Sparrow/Seaside_Sparrow_0025_796518,127,128.Seaside_Sparrow
training/128.Seaside_Sparrow/Seaside_Sparrow_0044_119287,127,128.Seaside_Sparrow
training/128.Seaside_Sparrow/Seaside_Sparrow_0046_120768,127,128.Seaside_Sparrow
training/128.Seaside_Sparrow/Seaside_Sparrow_0047_796520,127,128.Seaside_Sparrow
training/128.Seaside_Sparrow/Seaside_Sparrow_0066_120791,127,128.Seaside_Sparrow
training/128.Seaside_Sparrow/Seaside_Sparrow_0067_796532,127,128.Seaside_Sparrow
training/129.Song_Sparrow/Song_Sparrow_0013_121056,128,129.Song_Sparrow
training/129.Song_Sparrow/Song_Sparrow_0029_120989,128,129.Song_Sparrow
training/129.Song_Sparrow/Song_Sparrow_0036_121679,128,129.Song_Sparrow
training/129.Song_Sparrow/Song_Sparrow_0040_121617,128,129.Song_Sparrow
training/129.Song_Sparrow/Song_Sparrow_0046_121903,128,129.Song_Sparrow
training/129.Song_Sparrow/Song_Sparrow_0061_120891,128,129.Song_Sparrow
training/129.Song_Sparrow/Song_Sparrow_0091_121651,128,129.Song_Sparrow
training/129.Song_Sparrow/Song_Sparrow_0092_121969,128,129.Song_Sparrow
training/129.Song_Sparrow/Song_Sparrow_0101_120920,128,129.Song_Sparrow
training/129.Song_Sparrow/Song_Sparrow_0121_121203,128,129.Song_Sparrow
training/130.Tree_Sparrow/Tree_Sparrow_0018_123574,129,130.Tree_Sparrow
training/130.Tree_Sparrow/Tree_Sparrow_0032_123489,129,130.Tree_Sparrow
training/130.Tree_Sparrow/Tree_Sparrow_0041_123497,129,130.Tree_Sparrow
training/130.Tree_Sparrow/Tree_Sparrow_0052_123869,129,130.Tree_Sparrow
training/130.Tree_Sparrow/Tree_Sparrow_0057_123665,129,130.Tree_Sparrow
training/130.Tree_Sparrow/Tree_Sparrow_0100_122945,129,130.Tree_Sparrow
training/130.Tree_Sparrow/Tree_Sparrow_0107_123822,129,130.Tree_Sparrow
training/130.Tree_Sparrow/Tree_Sparrow_0122_123927,129,130.Tree_Sparrow
training/130.Tree_Sparrow/Tree_Sparrow_0123_125324,129,130.Tree_Sparrow
training/130.Tree_Sparrow/Tree_Sparrow_0130_124932,129,130.Tree_Sparrow
training/131.Vesper_Sparrow/Vesper_Sparrow_0005_125440,130,131.Vesper_Sparrow
training/131.Vesper_Sparrow/Vesper_Sparrow_0007_125630,130,131.Vesper_Sparrow
training/131.Vesper_Sparrow/Vesper_Sparrow_0018_125651,130,131.Vesper_Sparrow
training/131.Vesper_Sparrow/Vesper_Sparrow_0019_125558,130,131.Vesper_Sparrow
training/131.Vesper_Sparrow/Vesper_Sparrow_0020_125794,130,131.Vesper_Sparrow
training/131.Vesper_Sparrow/Vesper_Sparrow_0033_125568,130,131.Vesper_Sparrow
training/131.Vesper_Sparrow/Vesper_Sparrow_0041_125458,130,131.Vesper_Sparrow
training/131.Vesper_Sparrow/Vesper_Sparrow_0044_125470,130,131.Vesper_Sparrow
training/131.Vesper_Sparrow/Vesper_Sparrow_0084_125532,130,131.Vesper_Sparrow
training/131.Vesper_Sparrow/Vesper_Sparrow_0087_125712,130,131.Vesper_Sparrow
training/132.White_crowned_Sparrow/White_Crowned_Sparrow_0021_127092,131,132.White_crowned_Sparrow
training/132.White_crowned_Sparrow/White_Crowned_Sparrow_0067_127576,131,132.White_crowned_Sparrow
training/132.White_crowned_Sparrow/White_Crowned_Sparrow_0072_127080,131,132.White_crowned_Sparrow
training/132.White_crowned_Sparrow/White_Crowned_Sparrow_0078_127603,131,132.White_crowned_Sparrow
training/132.White_crowned_Sparrow/White_Crowned_Sparrow_0095_127118,131,132.White_crowned_Sparrow
training/132.White_crowned_Sparrow/White_Crowned_Sparrow_0100_126267,131,132.White_crowned_Sparrow
training/132.White_crowned_Sparrow/White_Crowned_Sparrow_0101_127058,131,132.White_crowned_Sparrow
training/132.White_crowned_Sparrow/White_Crowned_Sparrow_0105_126818,131,132.White_crowned_Sparrow
training/132.White_crowned_Sparrow/White_Crowned_Sparrow_0124_128082,131,132.White_crowned_Sparrow
training/132.White_crowned_Sparrow/White_Crowned_Sparrow_0127_126923,131,132.White_crowned_Sparrow
training/133.White_throated_Sparrow/White_Throated_Sparrow_0015_129138,132,133.White_throated_Sparrow
training/133.White_throated_Sparrow/White_Throated_Sparrow_0021_128804,132,133.White_throated_Sparrow
training/133.White_throated_Sparrow/White_Throated_Sparrow_0027_128847,132,133.White_throated_Sparrow
training/133.White_throated_Sparrow/White_Throated_Sparrow_0028_129118,132,133.White_throated_Sparrow
training/133.White_throated_Sparrow/White_Throated_Sparrow_0042_128899,132,133.White_throated_Sparrow
training/133.White_throated_Sparrow/White_Throated_Sparrow_0071_128915,132,133.White_throated_Sparrow
training/133.White_throated_Sparrow/White_Throated_Sparrow_0073_129110,132,133.White_throated_Sparrow
training/133.White_throated_Sparrow/White_Throated_Sparrow_0119_128827,132,133.White_throated_Sparrow
training/133.White_throated_Sparrow/White_Throated_Sparrow_0125_128832,132,133.White_throated_Sparrow
training/133.White_throated_Sparrow/White_Throated_Sparrow_0134_129190,132,133.White_throated_Sparrow
training/134.Cape_Glossy_Starling/Cape_Glossy_Starling_0006_129295,133,134.Cape_Glossy_Starling
training/134.Cape_Glossy_Starling/Cape_Glossy_Starling_0010_129352,133,134.Cape_Glossy_Starling
training/134.Cape_Glossy_Starling/Cape_Glossy_Starling_0020_129328,133,134.Cape_Glossy_Starling
training/134.Cape_Glossy_Starling/Cape_Glossy_Starling_0028_129309,133,134.Cape_Glossy_Starling
training/134.Cape_Glossy_Starling/Cape_Glossy_Starling_0054_129440,133,134.Cape_Glossy_Starling
training/134.Cape_Glossy_Starling/Cape_Glossy_Starling_0067_129380,133,134.Cape_Glossy_Starling
training/134.Cape_Glossy_Starling/Cape_Glossy_Starling_0070_129322,133,134.Cape_Glossy_Starling
training/134.Cape_Glossy_Starling/Cape_Glossy_Starling_0076_129377,133,134.Cape_Glossy_Starling
training/134.Cape_Glossy_Starling/Cape_Glossy_Starling_0091_129470,133,134.Cape_Glossy_Starling
training/134.Cape_Glossy_Starling/Cape_Glossy_Starling_0096_129388,133,134.Cape_Glossy_Starling
training/135.Bank_Swallow/Bank_Swallow_0002_129654,134,135.Bank_Swallow
training/135.Bank_Swallow/Bank_Swallow_0010_129592,134,135.Bank_Swallow
training/135.Bank_Swallow/Bank_Swallow_0024_129779,134,135.Bank_Swallow
training/135.Bank_Swallow/Bank_Swallow_0030_129560,134,135.Bank_Swallow
training/135.Bank_Swallow/Bank_Swallow_0048_129546,134,135.Bank_Swallow
training/135.Bank_Swallow/Bank_Swallow_0053_129501,134,135.Bank_Swallow
training/135.Bank_Swallow/Bank_Swallow_0054_129743,134,135.Bank_Swallow
training/135.Bank_Swallow/Bank_Swallow_0057_129499,134,135.Bank_Swallow
training/135.Bank_Swallow/Bank_Swallow_0066_129559,134,135.Bank_Swallow
training/135.Bank_Swallow/Bank_Swallow_0068_129806,134,135.Bank_Swallow
training/136.Barn_Swallow/Barn_Swallow_0005_130591,135,136.Barn_Swallow
training/136.Barn_Swallow/Barn_Swallow_0018_130709,135,136.Barn_Swallow
training/136.Barn_Swallow/Barn_Swallow_0021_130367,135,136.Barn_Swallow
training/136.Barn_Swallow/Barn_Swallow_0030_130191,135,136.Barn_Swallow
training/136.Barn_Swallow/Barn_Swallow_0043_130779,135,136.Barn_Swallow
training/136.Barn_Swallow/Barn_Swallow_0056_132916,135,136.Barn_Swallow
training/136.Barn_Swallow/Barn_Swallow_0060_130110,135,136.Barn_Swallow
training/136.Barn_Swallow/Barn_Swallow_0069_130368,135,136.Barn_Swallow
training/136.Barn_Swallow/Barn_Swallow_0070_130127,135,136.Barn_Swallow
training/136.Barn_Swallow/Barn_Swallow_0077_130707,135,136.Barn_Swallow
training/137.Cliff_Swallow/Cliff_Swallow_0015_133176,136,137.Cliff_Swallow
training/137.Cliff_Swallow/Cliff_Swallow_0044_133927,136,137.Cliff_Swallow
training/137.Cliff_Swallow/Cliff_Swallow_0046_133165,136,137.Cliff_Swallow
training/137.Cliff_Swallow/Cliff_Swallow_0049_132965,136,137.Cliff_Swallow
training/137.Cliff_Swallow/Cliff_Swallow_0054_133287,136,137.Cliff_Swallow
training/137.Cliff_Swallow/Cliff_Swallow_0055_133624,136,137.Cliff_Swallow
training/137.Cliff_Swallow/Cliff_Swallow_0065_133858,136,137.Cliff_Swallow
training/137.Cliff_Swallow/Cliff_Swallow_0066_133206,136,137.Cliff_Swallow
training/137.Cliff_Swallow/Cliff_Swallow_0071_133742,136,137.Cliff_Swallow
training/137.Cliff_Swallow/Cliff_Swallow_0088_134188,136,137.Cliff_Swallow
training/138.Tree_Swallow/Tree_Swallow_0004_135411,137,138.Tree_Swallow
training/138.Tree_Swallow/Tree_Swallow_0013_135923,137,138.Tree_Swallow
training/138.Tree_Swallow/Tree_Swallow_0030_134942,137,138.Tree_Swallow
training/138.Tree_Swallow/Tree_Swallow_0041_136439,137,138.Tree_Swallow
training/138.Tree_Swallow/Tree_Swallow_0058_134987,137,138.Tree_Swallow
training/138.Tree_Swallow/Tree_Swallow_0064_136322,137,138.Tree_Swallow
training/138.Tree_Swallow/Tree_Swallow_0103_137272,137,138.Tree_Swallow
training/138.Tree_Swallow/Tree_Swallow_0111_135253,137,138.Tree_Swallow
training/138.Tree_Swallow/Tree_Swallow_0114_136265,137,138.Tree_Swallow
training/138.Tree_Swallow/Tree_Swallow_0117_134925,137,138.Tree_Swallow
training/139.Scarlet_Tanager/Scarlet_Tanager_0018_138294,138,139.Scarlet_Tanager
training/139.Scarlet_Tanager/Scarlet_Tanager_0024_137712,138,139.Scarlet_Tanager
training/139.Scarlet_Tanager/Scarlet_Tanager_0033_137603,138,139.Scarlet_Tanager
training/139.Scarlet_Tanager/Scarlet_Tanager_0040_137885,138,139.Scarlet_Tanager
training/139.Scarlet_Tanager/Scarlet_Tanager_0042_138287,138,139.Scarlet_Tanager
training/139.Scarlet_Tanager/Scarlet_Tanager_0055_138186,138,139.Scarlet_Tanager
training/139.Scarlet_Tanager/Scarlet_Tanager_0058_137710,138,139.Scarlet_Tanager
training/139.Scarlet_Tanager/Scarlet_Tanager_0060_138384,138,139.Scarlet_Tanager
training/139.Scarlet_Tanager/Scarlet_Tanager_0075_137602,138,139.Scarlet_Tanager
training/139.Scarlet_Tanager/Scarlet_Tanager_0130_138661,138,139.Scarlet_Tanager
training/140.Summer_Tanager/Summer_Tanager_0001_139289,139,140.Summer_Tanager
training/140.Summer_Tanager/Summer_Tanager_0018_139290,139,140.Summer_Tanager
training/140.Summer_Tanager/Summer_Tanager_0025_139320,139,140.Summer_Tanager
training/140.Summer_Tanager/Summer_Tanager_0035_139561,139,140.Summer_Tanager
training/140.Summer_Tanager/Summer_Tanager_0046_139802,139,140.Summer_Tanager
training/140.Summer_Tanager/Summer_Tanager_0056_139211,139,140.Summer_Tanager
training/140.Summer_Tanager/Summer_Tanager_0058_139427,139,140.Summer_Tanager
training/140.Summer_Tanager/Summer_Tanager_0063_139743,139,140.Summer_Tanager
training/140.Summer_Tanager/Summer_Tanager_0095_139882,139,140.Summer_Tanager
training/140.Summer_Tanager/Summer_Tanager_0116_139923,139,140.Summer_Tanager
training/141.Artic_Tern/Artic_Tern_0012_143410,140,141.Artic_Tern
training/141.Artic_Tern/Artic_Tern_0032_141313,140,141.Artic_Tern
training/141.Artic_Tern/Artic_Tern_0039_141390,140,141.Artic_Tern
training/141.Artic_Tern/Artic_Tern_0065_141472,140,141.Artic_Tern
training/141.Artic_Tern/Artic_Tern_0080_140889,140,141.Artic_Tern
training/141.Artic_Tern/Artic_Tern_0089_141652,140,141.Artic_Tern
training/141.Artic_Tern/Artic_Tern_0092_141849,140,141.Artic_Tern
training/141.Artic_Tern/Artic_Tern_0105_141098,140,141.Artic_Tern
training/141.Artic_Tern/Artic_Tern_0107_141181,140,141.Artic_Tern
training/141.Artic_Tern/Artic_Tern_0122_142448,140,141.Artic_Tern
training/142.Black_Tern/Black_Tern_0004_143881,141,142.Black_Tern
training/142.Black_Tern/Black_Tern_0019_144680,141,142.Black_Tern
training/142.Black_Tern/Black_Tern_0029_144140,141,142.Black_Tern
training/142.Black_Tern/Black_Tern_0053_143882,141,142.Black_Tern
training/142.Black_Tern/Black_Tern_0059_144159,141,142.Black_Tern
training/142.Black_Tern/Black_Tern_0066_144541,141,142.Black_Tern
training/142.Black_Tern/Black_Tern_0079_143998,141,142.Black_Tern
training/142.Black_Tern/Black_Tern_0082_144372,141,142.Black_Tern
training/142.Black_Tern/Black_Tern_0089_144174,141,142.Black_Tern
training/142.Black_Tern/Black_Tern_0099_144242,141,142.Black_Tern
training/143.Caspian_Tern/Caspian_Tern_0011_146058,142,143.Caspian_Tern
training/143.Caspian_Tern/Caspian_Tern_0029_147589,142,143.Caspian_Tern
training/143.Caspian_Tern/Caspian_Tern_0034_147643,142,143.Caspian_Tern
training/143.Caspian_Tern/Caspian_Tern_0045_145554,142,143.Caspian_Tern
training/143.Caspian_Tern/Caspian_Tern_0051_145930,142,143.Caspian_Tern
training/143.Caspian_Tern/Caspian_Tern_0066_147680,142,143.Caspian_Tern
training/143.Caspian_Tern/Caspian_Tern_0072_147667,142,143.Caspian_Tern
training/143.Caspian_Tern/Caspian_Tern_0105_145673,142,143.Caspian_Tern
training/143.Caspian_Tern/Caspian_Tern_0109_145948,142,143.Caspian_Tern
training/143.Caspian_Tern/Caspian_Tern_0117_146009,142,143.Caspian_Tern
training/144.Common_Tern/Common_Tern_0019_149769,143,144.Common_Tern
training/144.Common_Tern/Common_Tern_0029_148035,143,144.Common_Tern
training/144.Common_Tern/Common_Tern_0053_148472,143,144.Common_Tern
training/144.Common_Tern/Common_Tern_0054_148028,143,144.Common_Tern
training/144.Common_Tern/Common_Tern_0062_147947,143,144.Common_Tern
training/144.Common_Tern/Common_Tern_0064_148761,143,144.Common_Tern
training/144.Common_Tern/Common_Tern_0070_150292,143,144.Common_Tern
training/144.Common_Tern/Common_Tern_0076_148391,143,144.Common_Tern
training/144.Common_Tern/Common_Tern_0094_148309,143,144.Common_Tern
training/144.Common_Tern/Common_Tern_0095_149960,143,144.Common_Tern
training/145.Elegant_Tern/Elegant_Tern_0008_145044,144,145.Elegant_Tern
training/145.Elegant_Tern/Elegant_Tern_0009_150954,144,145.Elegant_Tern
training/145.Elegant_Tern/Elegant_Tern_0014_150523,144,145.Elegant_Tern
training/145.Elegant_Tern/Elegant_Tern_0026_150869,144,145.Elegant_Tern
training/145.Elegant_Tern/Elegant_Tern_0048_150693,144,145.Elegant_Tern
training/145.Elegant_Tern/Elegant_Tern_0052_150695,144,145.Elegant_Tern
training/145.Elegant_Tern/Elegant_Tern_0068_150526,144,145.Elegant_Tern
training/145.Elegant_Tern/Elegant_Tern_0070_147548,144,145.Elegant_Tern
training/145.Elegant_Tern/Elegant_Tern_0098_151028,144,145.Elegant_Tern
training/145.Elegant_Tern/Elegant_Tern_0103_150493,144,145.Elegant_Tern
training/146.Forsters_Tern/Forsters_Tern_0001_152174,145,146.Forsters_Tern
training/146.Forsters_Tern/Forsters_Tern_0007_152110,145,146.Forsters_Tern
training/146.Forsters_Tern/Forsters_Tern_0017_152696,145,146.Forsters_Tern
training/146.Forsters_Tern/Forsters_Tern_0035_151757,145,146.Forsters_Tern
training/146.Forsters_Tern/Forsters_Tern_0060_152190,145,146.Forsters_Tern
training/146.Forsters_Tern/Forsters_Tern_0062_151780,145,146.Forsters_Tern
training/146.Forsters_Tern/Forsters_Tern_0069_151229,145,146.Forsters_Tern
training/146.Forsters_Tern/Forsters_Tern_0100_151774,145,146.Forsters_Tern
training/146.Forsters_Tern/Forsters_Tern_0118_151564,145,146.Forsters_Tern
training/146.Forsters_Tern/Forsters_Tern_0125_151399,145,146.Forsters_Tern
training/147.Least_Tern/Least_Tern_0006_153921,146,147.Least_Tern
training/147.Least_Tern/Least_Tern_0016_153560,146,147.Least_Tern
training/147.Least_Tern/Least_Tern_0033_153796,146,147.Least_Tern
training/147.Least_Tern/Least_Tern_0037_153637,146,147.Least_Tern
training/147.Least_Tern/Least_Tern_0046_153006,146,147.Least_Tern
training/147.Least_Tern/Least_Tern_0048_153550,146,147.Least_Tern
training/147.Least_Tern/Least_Tern_0062_153259,146,147.Least_Tern
training/147.Least_Tern/Least_Tern_0082_154396,146,147.Least_Tern
training/147.Least_Tern/Least_Tern_0088_152941,146,147.Least_Tern
training/147.Least_Tern/Least_Tern_0119_153950,146,147.Least_Tern
training/148.Green_tailed_Towhee/Green_Tailed_Towhee_0011_797410,147,148.Green_tailed_Towhee
training/148.Green_tailed_Towhee/Green_Tailed_Towhee_0022_154892,147,148.Green_tailed_Towhee
training/148.Green_tailed_Towhee/Green_Tailed_Towhee_0042_154801,147,148.Green_tailed_Towhee
training/148.Green_tailed_Towhee/Green_Tailed_Towhee_0043_797430,147,148.Green_tailed_Towhee
training/148.Green_tailed_Towhee/Green_Tailed_Towhee_0046_154967,147,148.Green_tailed_Towhee
training/148.Green_tailed_Towhee/Green_Tailed_Towhee_0058_797399,147,148.Green_tailed_Towhee
training/148.Green_tailed_Towhee/Green_Tailed_Towhee_0064_154771,147,148.Green_tailed_Towhee
training/148.Green_tailed_Towhee/Green_Tailed_Towhee_0066_797439,147,148.Green_tailed_Towhee
training/148.Green_tailed_Towhee/Green_Tailed_Towhee_0068_154783,147,148.Green_tailed_Towhee
training/148.Green_tailed_Towhee/Green_Tailed_Towhee_0070_154844,147,148.Green_tailed_Towhee
training/149.Brown_Thrasher/Brown_Thrasher_0001_155380,148,149.Brown_Thrasher
training/149.Brown_Thrasher/Brown_Thrasher_0009_155221,148,149.Brown_Thrasher
training/149.Brown_Thrasher/Brown_Thrasher_0012_155121,148,149.Brown_Thrasher
training/149.Brown_Thrasher/Brown_Thrasher_0030_155152,148,149.Brown_Thrasher
training/149.Brown_Thrasher/Brown_Thrasher_0069_155151,148,149.Brown_Thrasher
training/149.Brown_Thrasher/Brown_Thrasher_0072_155406,148,149.Brown_Thrasher
training/149.Brown_Thrasher/Brown_Thrasher_0085_155445,148,149.Brown_Thrasher
training/149.Brown_Thrasher/Brown_Thrasher_0095_155082,148,149.Brown_Thrasher
training/149.Brown_Thrasher/Brown_Thrasher_0119_155170,148,149.Brown_Thrasher
training/149.Brown_Thrasher/Brown_Thrasher_0126_155199,148,149.Brown_Thrasher
training/150.Sage_Thrasher/Sage_Thrasher_0018_796443,149,150.Sage_Thrasher
training/150.Sage_Thrasher/Sage_Thrasher_0025_155661,149,150.Sage_Thrasher
training/150.Sage_Thrasher/Sage_Thrasher_0051_155464,149,150.Sage_Thrasher
training/150.Sage_Thrasher/Sage_Thrasher_0052_155605,149,150.Sage_Thrasher
training/150.Sage_Thrasher/Sage_Thrasher_0060_155728,149,150.Sage_Thrasher
training/150.Sage_Thrasher/Sage_Thrasher_0069_155544,149,150.Sage_Thrasher
training/150.Sage_Thrasher/Sage_Thrasher_0077_155608,149,150.Sage_Thrasher
training/150.Sage_Thrasher/Sage_Thrasher_0095_796446,149,150.Sage_Thrasher
training/150.Sage_Thrasher/Sage_Thrasher_0103_155575,149,150.Sage_Thrasher
training/150.Sage_Thrasher/Sage_Thrasher_0104_155529,149,150.Sage_Thrasher
training/151.Black_capped_Vireo/Black_Capped_Vireo_0004_797476,150,151.Black_capped_Vireo
training/151.Black_capped_Vireo/Black_Capped_Vireo_0012_797473,150,151.Black_capped_Vireo
training/151.Black_capped_Vireo/Black_Capped_Vireo_0014_797462,150,151.Black_capped_Vireo
training/151.Black_capped_Vireo/Black_Capped_Vireo_0018_155868,150,151.Black_capped_Vireo
training/151.Black_capped_Vireo/Black_Capped_Vireo_0022_797459,150,151.Black_capped_Vireo
training/151.Black_capped_Vireo/Black_Capped_Vireo_0024_155905,150,151.Black_capped_Vireo
training/151.Black_capped_Vireo/Black_Capped_Vireo_0027_797455,150,151.Black_capped_Vireo
training/151.Black_capped_Vireo/Black_Capped_Vireo_0028_155799,150,151.Black_capped_Vireo
training/151.Black_capped_Vireo/Black_Capped_Vireo_0030_155861,150,151.Black_capped_Vireo
training/151.Black_capped_Vireo/Black_Capped_Vireo_0039_797451,150,151.Black_capped_Vireo
training/152.Blue_headed_Vireo/Blue_Headed_Vireo_0019_156311,151,152.Blue_headed_Vireo
training/152.Blue_headed_Vireo/Blue_Headed_Vireo_0026_156245,151,152.Blue_headed_Vireo
training/152.Blue_headed_Vireo/Blue_Headed_Vireo_0054_156455,151,152.Blue_headed_Vireo
training/152.Blue_headed_Vireo/Blue_Headed_Vireo_0055_156247,151,152.Blue_headed_Vireo
training/152.Blue_headed_Vireo/Blue_Headed_Vireo_0075_156181,151,152.Blue_headed_Vireo
training/152.Blue_headed_Vireo/Blue_Headed_Vireo_0089_156062,151,152.Blue_headed_Vireo
training/152.Blue_headed_Vireo/Blue_Headed_Vireo_0095_156092,151,152.Blue_headed_Vireo
training/152.Blue_headed_Vireo/Blue_Headed_Vireo_0096_155969,151,152.Blue_headed_Vireo
training/152.Blue_headed_Vireo/Blue_Headed_Vireo_0121_156233,151,152.Blue_headed_Vireo
training/152.Blue_headed_Vireo/Blue_Headed_Vireo_0122_156017,151,152.Blue_headed_Vireo
training/153.Philadelphia_Vireo/Philadelphia_Vireo_0002_156591,152,153.Philadelphia_Vireo
training/153.Philadelphia_Vireo/Philadelphia_Vireo_0007_156617,152,153.Philadelphia_Vireo
training/153.Philadelphia_Vireo/Philadelphia_Vireo_0015_794778,152,153.Philadelphia_Vireo
training/153.Philadelphia_Vireo/Philadelphia_Vireo_0024_156645,152,153.Philadelphia_Vireo
training/153.Philadelphia_Vireo/Philadelphia_Vireo_0034_794766,152,153.Philadelphia_Vireo
training/153.Philadelphia_Vireo/Philadelphia_Vireo_0043_794792,152,153.Philadelphia_Vireo
training/153.Philadelphia_Vireo/Philadelphia_Vireo_0045_156608,152,153.Philadelphia_Vireo
training/153.Philadelphia_Vireo/Philadelphia_Vireo_0047_156521,152,153.Philadelphia_Vireo
training/153.Philadelphia_Vireo/Philadelphia_Vireo_0049_794756,152,153.Philadelphia_Vireo
training/153.Philadelphia_Vireo/Philadelphia_Vireo_0068_794763,152,153.Philadelphia_Vireo
training/154.Red_eyed_Vireo/Red_Eyed_Vireo_0002_156470,153,154.Red_eyed_Vireo
training/154.Red_eyed_Vireo/Red_Eyed_Vireo_0029_156777,153,154.Red_eyed_Vireo
training/154.Red_eyed_Vireo/Red_Eyed_Vireo_0034_157219,153,154.Red_eyed_Vireo
training/154.Red_eyed_Vireo/Red_Eyed_Vireo_0056_156968,153,154.Red_eyed_Vireo
training/154.Red_eyed_Vireo/Red_Eyed_Vireo_0062_157324,153,154.Red_eyed_Vireo
training/154.Red_eyed_Vireo/Red_Eyed_Vireo_0083_157063,153,154.Red_eyed_Vireo
training/154.Red_eyed_Vireo/Red_Eyed_Vireo_0101_156988,153,154.Red_eyed_Vireo
training/154.Red_eyed_Vireo/Red_Eyed_Vireo_0109_157176,153,154.Red_eyed_Vireo
training/154.Red_eyed_Vireo/Red_Eyed_Vireo_0112_156742,153,154.Red_eyed_Vireo
training/154.Red_eyed_Vireo/Red_Eyed_Vireo_0140_157237,153,154.Red_eyed_Vireo
training/155.Warbling_Vireo/Warbling_Vireo_0004_158376,154,155.Warbling_Vireo
training/155.Warbling_Vireo/Warbling_Vireo_0014_158412,154,155.Warbling_Vireo
training/155.Warbling_Vireo/Warbling_Vireo_0016_158681,154,155.Warbling_Vireo
training/155.Warbling_Vireo/Warbling_Vireo_0030_158488,154,155.Warbling_Vireo
training/155.Warbling_Vireo/Warbling_Vireo_0061_158494,154,155.Warbling_Vireo
training/155.Warbling_Vireo/Warbling_Vireo_0070_158459,154,155.Warbling_Vireo
training/155.Warbling_Vireo/Warbling_Vireo_0073_158315,154,155.Warbling_Vireo
training/155.Warbling_Vireo/Warbling_Vireo_0075_158480,154,155.Warbling_Vireo
training/155.Warbling_Vireo/Warbling_Vireo_0097_158579,154,155.Warbling_Vireo
training/155.Warbling_Vireo/Warbling_Vireo_0119_158819,154,155.Warbling_Vireo
training/156.White_eyed_Vireo/White_Eyed_Vireo_0012_159495,155,156.White_eyed_Vireo
training/156.White_eyed_Vireo/White_Eyed_Vireo_0016_158978,155,156.White_eyed_Vireo
training/156.White_eyed_Vireo/White_Eyed_Vireo_0019_159095,155,156.White_eyed_Vireo
training/156.White_eyed_Vireo/White_Eyed_Vireo_0033_159079,155,156.White_eyed_Vireo
training/156.White_eyed_Vireo/White_Eyed_Vireo_0085_159119,155,156.White_eyed_Vireo
training/156.White_eyed_Vireo/White_Eyed_Vireo_0110_158947,155,156.White_eyed_Vireo
training/156.White_eyed_Vireo/White_Eyed_Vireo_0125_159078,155,156.White_eyed_Vireo
training/156.White_eyed_Vireo/White_Eyed_Vireo_0126_159341,155,156.White_eyed_Vireo
training/156.White_eyed_Vireo/White_Eyed_Vireo_0129_158823,155,156.White_eyed_Vireo
training/156.White_eyed_Vireo/White_Eyed_Vireo_0136_156418,155,156.White_eyed_Vireo
training/157.Yellow_throated_Vireo/Yellow_Throated_Vireo_0017_794988,156,157.Yellow_throated_Vireo
training/157.Yellow_throated_Vireo/Yellow_Throated_Vireo_0025_795009,156,157.Yellow_throated_Vireo
training/157.Yellow_throated_Vireo/Yellow_Throated_Vireo_0026_159686,156,157.Yellow_throated_Vireo
training/157.Yellow_throated_Vireo/Yellow_Throated_Vireo_0028_795008,156,157.Yellow_throated_Vireo
training/157.Yellow_throated_Vireo/Yellow_Throated_Vireo_0036_159595,156,157.Yellow_throated_Vireo
training/157.Yellow_throated_Vireo/Yellow_Throated_Vireo_0040_159624,156,157.Yellow_throated_Vireo
training/157.Yellow_throated_Vireo/Yellow_Throated_Vireo_0041_794998,156,157.Yellow_throated_Vireo
training/157.Yellow_throated_Vireo/Yellow_Throated_Vireo_0046_159668,156,157.Yellow_throated_Vireo
training/157.Yellow_throated_Vireo/Yellow_Throated_Vireo_0058_794994,156,157.Yellow_throated_Vireo
training/157.Yellow_throated_Vireo/Yellow_Throated_Vireo_0064_794992,156,157.Yellow_throated_Vireo
training/158.Bay_breasted_Warbler/Bay_Breasted_Warbler_0012_797171,157,158.Bay_breasted_Warbler
training/158.Bay_breasted_Warbler/Bay_Breasted_Warbler_0026_159744,157,158.Bay_breasted_Warbler
training/158.Bay_breasted_Warbler/Bay_Breasted_Warbler_0060_159863,157,158.Bay_breasted_Warbler
training/158.Bay_breasted_Warbler/Bay_Breasted_Warbler_0071_797108,157,158.Bay_breasted_Warbler
training/158.Bay_breasted_Warbler/Bay_Breasted_Warbler_0073_797138,157,158.Bay_breasted_Warbler
training/158.Bay_breasted_Warbler/Bay_Breasted_Warbler_0078_797163,157,158.Bay_breasted_Warbler
training/158.Bay_breasted_Warbler/Bay_Breasted_Warbler_0079_159998,157,158.Bay_breasted_Warbler
training/158.Bay_breasted_Warbler/Bay_Breasted_Warbler_0095_797113,157,158.Bay_breasted_Warbler
training/158.Bay_breasted_Warbler/Bay_Breasted_Warbler_0097_159974,157,158.Bay_breasted_Warbler
training/158.Bay_breasted_Warbler/Bay_Breasted_Warbler_0112_159839,157,158.Bay_breasted_Warbler
training/159.Black_and_white_Warbler/Black_And_White_Warbler_0018_160438,158,159.Black_and_white_Warbler
training/159.Black_and_white_Warbler/Black_And_White_Warbler_0031_160773,158,159.Black_and_white_Warbler
training/159.Black_and_white_Warbler/Black_And_White_Warbler_0053_160010,158,159.Black_and_white_Warbler
training/159.Black_and_white_Warbler/Black_And_White_Warbler_0057_160037,158,159.Black_and_white_Warbler
training/159.Black_and_white_Warbler/Black_And_White_Warbler_0078_160365,158,159.Black_and_white_Warbler
training/159.Black_and_white_Warbler/Black_And_White_Warbler_0098_160808,158,159.Black_and_white_Warbler
training/159.Black_and_white_Warbler/Black_And_White_Warbler_0102_160073,158,159.Black_and_white_Warbler
training/159.Black_and_white_Warbler/Black_And_White_Warbler_0115_160654,158,159.Black_and_white_Warbler
training/159.Black_and_white_Warbler/Black_And_White_Warbler_0117_160369,158,159.Black_and_white_Warbler
training/159.Black_and_white_Warbler/Black_And_White_Warbler_0119_160898,158,159.Black_and_white_Warbler
training/160.Black_throated_Blue_Warbler/Black_Throated_Blue_Warbler_0004_161404,159,160.Black_throated_Blue_Warbler
training/160.Black_throated_Blue_Warbler/Black_Throated_Blue_Warbler_0005_161168,159,160.Black_throated_Blue_Warbler
training/160.Black_throated_Blue_Warbler/Black_Throated_Blue_Warbler_0024_161619,159,160.Black_throated_Blue_Warbler
training/160.Black_throated_Blue_Warbler/Black_Throated_Blue_Warbler_0036_161517,159,160.Black_throated_Blue_Warbler
training/160.Black_throated_Blue_Warbler/Black_Throated_Blue_Warbler_0050_161154,159,160.Black_throated_Blue_Warbler
training/160.Black_throated_Blue_Warbler/Black_Throated_Blue_Warbler_0061_161667,159,160.Black_throated_Blue_Warbler
training/160.Black_throated_Blue_Warbler/Black_Throated_Blue_Warbler_0063_161213,159,160.Black_throated_Blue_Warbler
training/160.Black_throated_Blue_Warbler/Black_Throated_Blue_Warbler_0081_161427,159,160.Black_throated_Blue_Warbler
training/160.Black_throated_Blue_Warbler/Black_Throated_Blue_Warbler_0090_161507,159,160.Black_throated_Blue_Warbler
training/160.Black_throated_Blue_Warbler/Black_Throated_Blue_Warbler_0133_161539,159,160.Black_throated_Blue_Warbler
training/161.Blue_winged_Warbler/Blue_Winged_Warbler_0002_161890,160,161.Blue_winged_Warbler
training/161.Blue_winged_Warbler/Blue_Winged_Warbler_0012_162086,160,161.Blue_winged_Warbler
training/161.Blue_winged_Warbler/Blue_Winged_Warbler_0018_161871,160,161.Blue_winged_Warbler
training/161.Blue_winged_Warbler/Blue_Winged_Warbler_0023_161774,160,161.Blue_winged_Warbler
training/161.Blue_winged_Warbler/Blue_Winged_Warbler_0036_161758,160,161.Blue_winged_Warbler
training/161.Blue_winged_Warbler/Blue_Winged_Warbler_0043_161804,160,161.Blue_winged_Warbler
training/161.Blue_winged_Warbler/Blue_Winged_Warbler_0051_161766,160,161.Blue_winged_Warbler
training/161.Blue_winged_Warbler/Blue_Winged_Warbler_0082_161772,160,161.Blue_winged_Warbler
training/161.Blue_winged_Warbler/Blue_Winged_Warbler_0091_162051,160,161.Blue_winged_Warbler
training/161.Blue_winged_Warbler/Blue_Winged_Warbler_0092_162044,160,161.Blue_winged_Warbler
training/162.Canada_Warbler/Canada_Warbler_0016_162411,161,162.Canada_Warbler
training/162.Canada_Warbler/Canada_Warbler_0021_162325,161,162.Canada_Warbler
training/162.Canada_Warbler/Canada_Warbler_0032_162229,161,162.Canada_Warbler
training/162.Canada_Warbler/Canada_Warbler_0039_162330,161,162.Canada_Warbler
training/162.Canada_Warbler/Canada_Warbler_0040_162352,161,162.Canada_Warbler
training/162.Canada_Warbler/Canada_Warbler_0047_162439,161,162.Canada_Warbler
training/162.Canada_Warbler/Canada_Warbler_0049_162379,161,162.Canada_Warbler
training/162.Canada_Warbler/Canada_Warbler_0080_162392,161,162.Canada_Warbler
training/162.Canada_Warbler/Canada_Warbler_0085_162385,161,162.Canada_Warbler
training/162.Canada_Warbler/Canada_Warbler_0099_162425,161,162.Canada_Warbler
training/163.Cape_May_Warbler/Cape_May_Warbler_0013_163052,162,163.Cape_May_Warbler
training/163.Cape_May_Warbler/Cape_May_Warbler_0022_162912,162,163.Cape_May_Warbler
training/163.Cape_May_Warbler/Cape_May_Warbler_0023_163133,162,163.Cape_May_Warbler
training/163.Cape_May_Warbler/Cape_May_Warbler_0040_163036,162,163.Cape_May_Warbler
training/163.Cape_May_Warbler/Cape_May_Warbler_0043_163172,162,163.Cape_May_Warbler
training/163.Cape_May_Warbler/Cape_May_Warbler_0058_162948,162,163.Cape_May_Warbler
training/163.Cape_May_Warbler/Cape_May_Warbler_0066_163005,162,163.Cape_May_Warbler
training/163.Cape_May_Warbler/Cape_May_Warbler_0068_163147,162,163.Cape_May_Warbler
training/163.Cape_May_Warbler/Cape_May_Warbler_0069_162980,162,163.Cape_May_Warbler
training/163.Cape_May_Warbler/Cape_May_Warbler_0128_162971,162,163.Cape_May_Warbler
training/164.Cerulean_Warbler/Cerulean_Warbler_0003_163305,163,164.Cerulean_Warbler
training/164.Cerulean_Warbler/Cerulean_Warbler_0012_163417,163,164.Cerulean_Warbler
training/164.Cerulean_Warbler/Cerulean_Warbler_0014_797226,163,164.Cerulean_Warbler
training/164.Cerulean_Warbler/Cerulean_Warbler_0018_797183,163,164.Cerulean_Warbler
training/164.Cerulean_Warbler/Cerulean_Warbler_0033_797176,163,164.Cerulean_Warbler
training/164.Cerulean_Warbler/Cerulean_Warbler_0047_797211,163,164.Cerulean_Warbler
training/164.Cerulean_Warbler/Cerulean_Warbler_0056_163339,163,164.Cerulean_Warbler
training/164.Cerulean_Warbler/Cerulean_Warbler_0060_797209,163,164.Cerulean_Warbler
training/164.Cerulean_Warbler/Cerulean_Warbler_0071_163201,163,164.Cerulean_Warbler
training/164.Cerulean_Warbler/Cerulean_Warbler_0091_163331,163,164.Cerulean_Warbler
training/165.Chestnut_sided_Warbler/Chestnut_Sided_Warbler_0006_163858,164,165.Chestnut_sided_Warbler
training/165.Chestnut_sided_Warbler/Chestnut_Sided_Warbler_0016_164060,164,165.Chestnut_sided_Warbler
training/165.Chestnut_sided_Warbler/Chestnut_Sided_Warbler_0023_164308,164,165.Chestnut_sided_Warbler
training/165.Chestnut_sided_Warbler/Chestnut_Sided_Warbler_0044_163975,164,165.Chestnut_sided_Warbler
training/165.Chestnut_sided_Warbler/Chestnut_Sided_Warbler_0063_163927,164,165.Chestnut_sided_Warbler
training/165.Chestnut_sided_Warbler/Chestnut_Sided_Warbler_0071_163784,164,165.Chestnut_sided_Warbler
training/165.Chestnut_sided_Warbler/Chestnut_Sided_Warbler_0094_164152,164,165.Chestnut_sided_Warbler
training/165.Chestnut_sided_Warbler/Chestnut_Sided_Warbler_0098_164352,164,165.Chestnut_sided_Warbler
training/165.Chestnut_sided_Warbler/Chestnut_Sided_Warbler_0105_163996,164,165.Chestnut_sided_Warbler
training/165.Chestnut_sided_Warbler/Chestnut_Sided_Warbler_0121_164125,164,165.Chestnut_sided_Warbler
training/166.Golden_winged_Warbler/Golden_Winged_Warbler_0004_164470,165,166.Golden_winged_Warbler
training/166.Golden_winged_Warbler/Golden_Winged_Warbler_0009_794813,165,166.Golden_winged_Warbler
training/166.Golden_winged_Warbler/Golden_Winged_Warbler_0014_164464,165,166.Golden_winged_Warbler
training/166.Golden_winged_Warbler/Golden_Winged_Warbler_0016_794841,165,166.Golden_winged_Warbler
training/166.Golden_winged_Warbler/Golden_Winged_Warbler_0021_794821,165,166.Golden_winged_Warbler
training/166.Golden_winged_Warbler/Golden_Winged_Warbler_0024_794807,165,166.Golden_winged_Warbler
training/166.Golden_winged_Warbler/Golden_Winged_Warbler_0059_794855,165,166.Golden_winged_Warbler
training/166.Golden_winged_Warbler/Golden_Winged_Warbler_0061_164516,165,166.Golden_winged_Warbler
training/166.Golden_winged_Warbler/Golden_Winged_Warbler_0066_794803,165,166.Golden_winged_Warbler
training/166.Golden_winged_Warbler/Golden_Winged_Warbler_0079_794820,165,166.Golden_winged_Warbler
training/167.Hooded_Warbler/Hooded_Warbler_0003_164915,166,167.Hooded_Warbler
training/167.Hooded_Warbler/Hooded_Warbler_0008_164641,166,167.Hooded_Warbler
training/167.Hooded_Warbler/Hooded_Warbler_0011_164801,166,167.Hooded_Warbler
training/167.Hooded_Warbler/Hooded_Warbler_0012_164891,166,167.Hooded_Warbler
training/167.Hooded_Warbler/Hooded_Warbler_0014_164672,166,167.Hooded_Warbler
training/167.Hooded_Warbler/Hooded_Warbler_0078_165123,166,167.Hooded_Warbler
training/167.Hooded_Warbler/Hooded_Warbler_0084_164944,166,167.Hooded_Warbler
training/167.Hooded_Warbler/Hooded_Warbler_0121_164639,166,167.Hooded_Warbler
training/167.Hooded_Warbler/Hooded_Warbler_0130_164826,166,167.Hooded_Warbler
training/167.Hooded_Warbler/Hooded_Warbler_0135_164824,166,167.Hooded_Warbler
training/168.Kentucky_Warbler/Kentucky_Warbler_0004_165358,167,168.Kentucky_Warbler
training/168.Kentucky_Warbler/Kentucky_Warbler_0008_165369,167,168.Kentucky_Warbler
training/168.Kentucky_Warbler/Kentucky_Warbler_0010_795912,167,168.Kentucky_Warbler
training/168.Kentucky_Warbler/Kentucky_Warbler_0035_795878,167,168.Kentucky_Warbler
training/168.Kentucky_Warbler/Kentucky_Warbler_0052_795874,167,168.Kentucky_Warbler
training/168.Kentucky_Warbler/Kentucky_Warbler_0062_795897,167,168.Kentucky_Warbler
training/168.Kentucky_Warbler/Kentucky_Warbler_0066_165290,167,168.Kentucky_Warbler
training/168.Kentucky_Warbler/Kentucky_Warbler_0068_795893,167,168.Kentucky_Warbler
training/168.Kentucky_Warbler/Kentucky_Warbler_0078_795889,167,168.Kentucky_Warbler
training/168.Kentucky_Warbler/Kentucky_Warbler_0080_165351,167,168.Kentucky_Warbler
training/169.Magnolia_Warbler/Magnolia_Warbler_0011_166382,168,169.Magnolia_Warbler
training/169.Magnolia_Warbler/Magnolia_Warbler_0018_165958,168,169.Magnolia_Warbler
training/169.Magnolia_Warbler/Magnolia_Warbler_0030_165782,168,169.Magnolia_Warbler
training/169.Magnolia_Warbler/Magnolia_Warbler_0040_165921,168,169.Magnolia_Warbler
training/169.Magnolia_Warbler/Magnolia_Warbler_0042_159690,168,169.Magnolia_Warbler
training/169.Magnolia_Warbler/Magnolia_Warbler_0063_166121,168,169.Magnolia_Warbler
training/169.Magnolia_Warbler/Magnolia_Warbler_0064_165471,168,169.Magnolia_Warbler
training/169.Magnolia_Warbler/Magnolia_Warbler_0076_165832,168,169.Magnolia_Warbler
training/169.Magnolia_Warbler/Magnolia_Warbler_0097_165455,168,169.Magnolia_Warbler
training/169.Magnolia_Warbler/Magnolia_Warbler_0102_165884,168,169.Magnolia_Warbler
training/170.Mourning_Warbler/Mourning_Warbler_0002_166520,169,170.Mourning_Warbler
training/170.Mourning_Warbler/Mourning_Warbler_0021_166560,169,170.Mourning_Warbler
training/170.Mourning_Warbler/Mourning_Warbler_0035_166586,169,170.Mourning_Warbler
training/170.Mourning_Warbler/Mourning_Warbler_0036_166432,169,170.Mourning_Warbler
training/170.Mourning_Warbler/Mourning_Warbler_0042_166493,169,170.Mourning_Warbler
training/170.Mourning_Warbler/Mourning_Warbler_0059_795365,169,170.Mourning_Warbler
training/170.Mourning_Warbler/Mourning_Warbler_0064_166447,169,170.Mourning_Warbler
training/170.Mourning_Warbler/Mourning_Warbler_0069_166559,169,170.Mourning_Warbler
training/170.Mourning_Warbler/Mourning_Warbler_0072_795379,169,170.Mourning_Warbler
training/170.Mourning_Warbler/Mourning_Warbler_0081_166434,169,170.Mourning_Warbler
training/171.Myrtle_Warbler/Myrtle_Warbler_0008_166927,170,171.Myrtle_Warbler
training/171.Myrtle_Warbler/Myrtle_Warbler_0023_166764,170,171.Myrtle_Warbler
training/171.Myrtle_Warbler/Myrtle_Warbler_0026_166680,170,171.Myrtle_Warbler
training/171.Myrtle_Warbler/Myrtle_Warbler_0037_166690,170,171.Myrtle_Warbler
training/171.Myrtle_Warbler/Myrtle_Warbler_0043_166708,170,171.Myrtle_Warbler
training/171.Myrtle_Warbler/Myrtle_Warbler_0059_166946,170,171.Myrtle_Warbler
training/171.Myrtle_Warbler/Myrtle_Warbler_0067_166828,170,171.Myrtle_Warbler
training/171.Myrtle_Warbler/Myrtle_Warbler_0072_166702,170,171.Myrtle_Warbler
training/171.Myrtle_Warbler/Myrtle_Warbler_0073_166798,170,171.Myrtle_Warbler
training/171.Myrtle_Warbler/Myrtle_Warbler_0100_166871,170,171.Myrtle_Warbler
training/172.Nashville_Warbler/Nashville_Warbler_0006_167497,171,172.Nashville_Warbler
training/172.Nashville_Warbler/Nashville_Warbler_0032_167385,171,172.Nashville_Warbler
training/172.Nashville_Warbler/Nashville_Warbler_0035_167283,171,172.Nashville_Warbler
training/172.Nashville_Warbler/Nashville_Warbler_0048_167071,171,172.Nashville_Warbler
training/172.Nashville_Warbler/Nashville_Warbler_0053_167403,171,172.Nashville_Warbler
training/172.Nashville_Warbler/Nashville_Warbler_0064_167411,171,172.Nashville_Warbler
training/172.Nashville_Warbler/Nashville_Warbler_0098_167293,171,172.Nashville_Warbler
training/172.Nashville_Warbler/Nashville_Warbler_0100_167226,171,172.Nashville_Warbler
training/172.Nashville_Warbler/Nashville_Warbler_0102_167195,171,172.Nashville_Warbler
training/172.Nashville_Warbler/Nashville_Warbler_0110_167268,171,172.Nashville_Warbler
training/173.Orange_crowned_Warbler/Orange_Crowned_Warbler_0034_168185,172,173.Orange_crowned_Warbler
training/173.Orange_crowned_Warbler/Orange_Crowned_Warbler_0050_168166,172,173.Orange_crowned_Warbler
training/173.Orange_crowned_Warbler/Orange_Crowned_Warbler_0051_168002,172,173.Orange_crowned_Warbler
training/173.Orange_crowned_Warbler/Orange_Crowned_Warbler_0052_168013,172,173.Orange_crowned_Warbler
training/173.Orange_crowned_Warbler/Orange_Crowned_Warbler_0057_168424,172,173.Orange_crowned_Warbler
training/173.Orange_crowned_Warbler/Orange_Crowned_Warbler_0071_167595,172,173.Orange_crowned_Warbler
training/173.Orange_crowned_Warbler/Orange_Crowned_Warbler_0079_168372,172,173.Orange_crowned_Warbler
training/173.Orange_crowned_Warbler/Orange_Crowned_Warbler_0091_167578,172,173.Orange_crowned_Warbler
training/173.Orange_crowned_Warbler/Orange_Crowned_Warbler_0118_167640,172,173.Orange_crowned_Warbler
training/173.Orange_crowned_Warbler/Orange_Crowned_Warbler_0120_167587,172,173.Orange_crowned_Warbler
training/174.Palm_Warbler/Palm_Warbler_0004_168786,173,174.Palm_Warbler
training/174.Palm_Warbler/Palm_Warbler_0010_169452,173,174.Palm_Warbler
training/174.Palm_Warbler/Palm_Warbler_0012_170857,173,174.Palm_Warbler
training/174.Palm_Warbler/Palm_Warbler_0049_169885,173,174.Palm_Warbler
training/174.Palm_Warbler/Palm_Warbler_0054_169175,173,174.Palm_Warbler
training/174.Palm_Warbler/Palm_Warbler_0055_170219,173,174.Palm_Warbler
training/174.Palm_Warbler/Palm_Warbler_0056_168740,173,174.Palm_Warbler
training/174.Palm_Warbler/Palm_Warbler_0083_170281,173,174.Palm_Warbler
training/174.Palm_Warbler/Palm_Warbler_0112_169595,173,174.Palm_Warbler
training/174.Palm_Warbler/Palm_Warbler_0117_170073,173,174.Palm_Warbler
training/175.Pine_Warbler/Pine_Warbler_0003_171639,174,175.Pine_Warbler
training/175.Pine_Warbler/Pine_Warbler_0021_171525,174,175.Pine_Warbler
training/175.Pine_Warbler/Pine_Warbler_0022_172197,174,175.Pine_Warbler
training/175.Pine_Warbler/Pine_Warbler_0033_171657,174,175.Pine_Warbler
training/175.Pine_Warbler/Pine_Warbler_0037_171649,174,175.Pine_Warbler
training/175.Pine_Warbler/Pine_Warbler_0074_172061,174,175.Pine_Warbler
training/175.Pine_Warbler/Pine_Warbler_0083_171117,174,175.Pine_Warbler
training/175.Pine_Warbler/Pine_Warbler_0091_171627,174,175.Pine_Warbler
training/175.Pine_Warbler/Pine_Warbler_0102_171147,174,175.Pine_Warbler
training/175.Pine_Warbler/Pine_Warbler_0108_170597,174,175.Pine_Warbler
training/176.Prairie_Warbler/Prairie_Warbler_0007_173081,175,176.Prairie_Warbler
training/176.Prairie_Warbler/Prairie_Warbler_0020_173359,175,176.Prairie_Warbler
training/176.Prairie_Warbler/Prairie_Warbler_0031_172818,175,176.Prairie_Warbler
training/176.Prairie_Warbler/Prairie_Warbler_0047_173210,175,176.Prairie_Warbler
training/176.Prairie_Warbler/Prairie_Warbler_0054_172602,175,176.Prairie_Warbler
training/176.Prairie_Warbler/Prairie_Warbler_0086_172534,175,176.Prairie_Warbler
training/176.Prairie_Warbler/Prairie_Warbler_0105_172982,175,176.Prairie_Warbler
training/176.Prairie_Warbler/Prairie_Warbler_0115_172689,175,176.Prairie_Warbler
training/176.Prairie_Warbler/Prairie_Warbler_0123_172603,175,176.Prairie_Warbler
training/176.Prairie_Warbler/Prairie_Warbler_0135_172745,175,176.Prairie_Warbler
training/177.Prothonotary_Warbler/Prothonotary_Warbler_0045_173536,176,177.Prothonotary_Warbler
training/177.Prothonotary_Warbler/Prothonotary_Warbler_0046_174104,176,177.Prothonotary_Warbler
training/177.Prothonotary_Warbler/Prothonotary_Warbler_0055_173419,176,177.Prothonotary_Warbler
training/177.Prothonotary_Warbler/Prothonotary_Warbler_0066_174318,176,177.Prothonotary_Warbler
training/177.Prothonotary_Warbler/Prothonotary_Warbler_0073_174607,176,177.Prothonotary_Warbler
training/177.Prothonotary_Warbler/Prothonotary_Warbler_0076_174118,176,177.Prothonotary_Warbler
training/177.Prothonotary_Warbler/Prothonotary_Warbler_0082_173970,176,177.Prothonotary_Warbler
training/177.Prothonotary_Warbler/Prothonotary_Warbler_0083_173929,176,177.Prothonotary_Warbler
training/177.Prothonotary_Warbler/Prothonotary_Warbler_0088_173606,176,177.Prothonotary_Warbler
training/177.Prothonotary_Warbler/Prothonotary_Warbler_0116_173444,176,177.Prothonotary_Warbler
training/178.Swainson_Warbler/Swainson_Warbler_0011_174680,177,178.Swainson_Warbler
training/178.Swainson_Warbler/Swainson_Warbler_0018_174715,177,178.Swainson_Warbler
training/178.Swainson_Warbler/Swainson_Warbler_0020_794863,177,178.Swainson_Warbler
training/178.Swainson_Warbler/Swainson_Warbler_0024_794885,177,178.Swainson_Warbler
training/178.Swainson_Warbler/Swainson_Warbler_0034_794890,177,178.Swainson_Warbler
training/178.Swainson_Warbler/Swainson_Warbler_0036_174699,177,178.Swainson_Warbler
training/178.Swainson_Warbler/Swainson_Warbler_0040_794860,177,178.Swainson_Warbler
training/178.Swainson_Warbler/Swainson_Warbler_0045_794876,177,178.Swainson_Warbler
training/178.Swainson_Warbler/Swainson_Warbler_0047_794870,177,178.Swainson_Warbler
training/178.Swainson_Warbler/Swainson_Warbler_0048_794887,177,178.Swainson_Warbler
training/179.Tennessee_Warbler/Tennessee_Warbler_0015_174847,178,179.Tennessee_Warbler
training/179.Tennessee_Warbler/Tennessee_Warbler_0026_175118,178,179.Tennessee_Warbler
training/179.Tennessee_Warbler/Tennessee_Warbler_0034_174854,178,179.Tennessee_Warbler
training/179.Tennessee_Warbler/Tennessee_Warbler_0043_175003,178,179.Tennessee_Warbler
training/179.Tennessee_Warbler/Tennessee_Warbler_0044_174824,178,179.Tennessee_Warbler
training/179.Tennessee_Warbler/Tennessee_Warbler_0051_175015,178,179.Tennessee_Warbler
training/179.Tennessee_Warbler/Tennessee_Warbler_0052_175089,178,179.Tennessee_Warbler
training/179.Tennessee_Warbler/Tennessee_Warbler_0061_174775,178,179.Tennessee_Warbler
training/179.Tennessee_Warbler/Tennessee_Warbler_0095_174903,178,179.Tennessee_Warbler
training/179.Tennessee_Warbler/Tennessee_Warbler_0096_174993,178,179.Tennessee_Warbler
training/180.Wilson_Warbler/Wilson_Warbler_0020_175505,179,180.Wilson_Warbler
training/180.Wilson_Warbler/Wilson_Warbler_0041_175464,179,180.Wilson_Warbler
training/180.Wilson_Warbler/Wilson_Warbler_0045_175623,179,180.Wilson_Warbler
training/180.Wilson_Warbler/Wilson_Warbler_0047_175304,179,180.Wilson_Warbler
training/180.Wilson_Warbler/Wilson_Warbler_0059_175249,179,180.Wilson_Warbler
training/180.Wilson_Warbler/Wilson_Warbler_0065_175924,179,180.Wilson_Warbler
training/180.Wilson_Warbler/Wilson_Warbler_0070_175169,179,180.Wilson_Warbler
training/180.Wilson_Warbler/Wilson_Warbler_0073_175876,179,180.Wilson_Warbler
training/180.Wilson_Warbler/Wilson_Warbler_0108_175179,179,180.Wilson_Warbler
training/180.Wilson_Warbler/Wilson_Warbler_0132_175600,179,180.Wilson_Warbler
training/181.Worm_eating_Warbler/Worm_Eating_Warbler_0011_795566,180,181.Worm_eating_Warbler
training/181.Worm_eating_Warbler/Worm_Eating_Warbler_0015_795570,180,181.Worm_eating_Warbler
training/181.Worm_eating_Warbler/Worm_Eating_Warbler_0022_176111,180,181.Worm_eating_Warbler
training/181.Worm_eating_Warbler/Worm_Eating_Warbler_0023_176118,180,181.Worm_eating_Warbler
training/181.Worm_eating_Warbler/Worm_Eating_Warbler_0034_795560,180,181.Worm_eating_Warbler
training/181.Worm_eating_Warbler/Worm_Eating_Warbler_0060_175969,180,181.Worm_eating_Warbler
training/181.Worm_eating_Warbler/Worm_Eating_Warbler_0063_795553,180,181.Worm_eating_Warbler
training/181.Worm_eating_Warbler/Worm_Eating_Warbler_0082_176144,180,181.Worm_eating_Warbler
training/181.Worm_eating_Warbler/Worm_Eating_Warbler_0094_795522,180,181.Worm_eating_Warbler
training/181.Worm_eating_Warbler/Worm_Eating_Warbler_0102_176069,180,181.Worm_eating_Warbler
training/182.Yellow_Warbler/Yellow_Warbler_0030_176236,181,182.Yellow_Warbler
training/182.Yellow_Warbler/Yellow_Warbler_0034_176204,181,182.Yellow_Warbler
training/182.Yellow_Warbler/Yellow_Warbler_0039_176444,181,182.Yellow_Warbler
training/182.Yellow_Warbler/Yellow_Warbler_0046_176212,181,182.Yellow_Warbler
training/182.Yellow_Warbler/Yellow_Warbler_0069_176346,181,182.Yellow_Warbler
training/182.Yellow_Warbler/Yellow_Warbler_0083_176292,181,182.Yellow_Warbler
training/182.Yellow_Warbler/Yellow_Warbler_0094_176365,181,182.Yellow_Warbler
training/182.Yellow_Warbler/Yellow_Warbler_0096_176586,181,182.Yellow_Warbler
training/182.Yellow_Warbler/Yellow_Warbler_0097_176538,181,182.Yellow_Warbler
training/182.Yellow_Warbler/Yellow_Warbler_0121_176402,181,182.Yellow_Warbler
training/183.Northern_Waterthrush/Northern_Waterthrush_0015_177075,182,183.Northern_Waterthrush
training/183.Northern_Waterthrush/Northern_Waterthrush_0016_177345,182,183.Northern_Waterthrush
training/183.Northern_Waterthrush/Northern_Waterthrush_0024_177293,182,183.Northern_Waterthrush
training/183.Northern_Waterthrush/Northern_Waterthrush_0050_177331,182,183.Northern_Waterthrush
training/183.Northern_Waterthrush/Northern_Waterthrush_0055_177114,182,183.Northern_Waterthrush
training/183.Northern_Waterthrush/Northern_Waterthrush_0066_177110,182,183.Northern_Waterthrush
training/183.Northern_Waterthrush/Northern_Waterthrush_0080_177080,182,183.Northern_Waterthrush
training/183.Northern_Waterthrush/Northern_Waterthrush_0084_177239,182,183.Northern_Waterthrush
training/183.Northern_Waterthrush/Northern_Waterthrush_0089_177167,182,183.Northern_Waterthrush
training/183.Northern_Waterthrush/Northern_Waterthrush_0105_176970,182,183.Northern_Waterthrush
training/184.Louisiana_Waterthrush/Louisiana_Waterthrush_0004_177455,183,184.Louisiana_Waterthrush
training/184.Louisiana_Waterthrush/Louisiana_Waterthrush_0014_795238,183,184.Louisiana_Waterthrush
training/184.Louisiana_Waterthrush/Louisiana_Waterthrush_0015_177515,183,184.Louisiana_Waterthrush
training/184.Louisiana_Waterthrush/Louisiana_Waterthrush_0020_795265,183,184.Louisiana_Waterthrush
training/184.Louisiana_Waterthrush/Louisiana_Waterthrush_0029_795262,183,184.Louisiana_Waterthrush
training/184.Louisiana_Waterthrush/Louisiana_Waterthrush_0041_795279,183,184.Louisiana_Waterthrush
training/184.Louisiana_Waterthrush/Louisiana_Waterthrush_0048_795277,183,184.Louisiana_Waterthrush
training/184.Louisiana_Waterthrush/Louisiana_Waterthrush_0068_177462,183,184.Louisiana_Waterthrush
training/184.Louisiana_Waterthrush/Louisiana_Waterthrush_0082_177596,183,184.Louisiana_Waterthrush
training/184.Louisiana_Waterthrush/Louisiana_Waterthrush_0087_795261,183,184.Louisiana_Waterthrush
training/185.Bohemian_Waxwing/Bohemian_Waxwing_0006_796651,184,185.Bohemian_Waxwing
training/185.Bohemian_Waxwing/Bohemian_Waxwing_0019_177684,184,185.Bohemian_Waxwing
training/185.Bohemian_Waxwing/Bohemian_Waxwing_0030_177635,184,185.Bohemian_Waxwing
training/185.Bohemian_Waxwing/Bohemian_Waxwing_0031_796633,184,185.Bohemian_Waxwing
training/185.Bohemian_Waxwing/Bohemian_Waxwing_0039_177702,184,185.Bohemian_Waxwing
training/185.Bohemian_Waxwing/Bohemian_Waxwing_0040_177914,184,185.Bohemian_Waxwing
training/185.Bohemian_Waxwing/Bohemian_Waxwing_0046_177864,184,185.Bohemian_Waxwing
training/185.Bohemian_Waxwing/Bohemian_Waxwing_0048_177821,184,185.Bohemian_Waxwing
training/185.Bohemian_Waxwing/Bohemian_Waxwing_0096_177969,184,185.Bohemian_Waxwing
training/185.Bohemian_Waxwing/Bohemian_Waxwing_0113_177823,184,185.Bohemian_Waxwing
training/186.Cedar_Waxwing/Cedar_Waxwing_0003_178570,185,186.Cedar_Waxwing
training/186.Cedar_Waxwing/Cedar_Waxwing_0004_179215,185,186.Cedar_Waxwing
training/186.Cedar_Waxwing/Cedar_Waxwing_0008_178345,185,186.Cedar_Waxwing
training/186.Cedar_Waxwing/Cedar_Waxwing_0016_178629,185,186.Cedar_Waxwing
training/186.Cedar_Waxwing/Cedar_Waxwing_0026_178878,185,186.Cedar_Waxwing
training/186.Cedar_Waxwing/Cedar_Waxwing_0031_178929,185,186.Cedar_Waxwing
training/186.Cedar_Waxwing/Cedar_Waxwing_0054_178141,185,186.Cedar_Waxwing
training/186.Cedar_Waxwing/Cedar_Waxwing_0092_179123,185,186.Cedar_Waxwing
training/186.Cedar_Waxwing/Cedar_Waxwing_0101_179707,185,186.Cedar_Waxwing
training/186.Cedar_Waxwing/Cedar_Waxwing_0125_178921,185,186.Cedar_Waxwing
training/187.American_Three_toed_Woodpecker/American_Three_Toed_Woodpecker_0001_179912,186,187.American_Three_toed_Woodpecker
training/187.American_Three_toed_Woodpecker/American_Three_Toed_Woodpecker_0015_179827,186,187.American_Three_toed_Woodpecker
training/187.American_Three_toed_Woodpecker/American_Three_Toed_Woodpecker_0018_179831,186,187.American_Three_toed_Woodpecker
training/187.American_Three_toed_Woodpecker/American_Three_Toed_Woodpecker_0027_796147,186,187.American_Three_toed_Woodpecker
training/187.American_Three_toed_Woodpecker/American_Three_Toed_Woodpecker_0031_796172,186,187.American_Three_toed_Woodpecker
training/187.American_Three_toed_Woodpecker/American_Three_Toed_Woodpecker_0033_796169,186,187.American_Three_toed_Woodpecker
training/187.American_Three_toed_Woodpecker/American_Three_Toed_Woodpecker_0037_796166,186,187.American_Three_toed_Woodpecker
training/187.American_Three_toed_Woodpecker/American_Three_Toed_Woodpecker_0039_796168,186,187.American_Three_toed_Woodpecker
training/187.American_Three_toed_Woodpecker/American_Three_Toed_Woodpecker_0041_796150,186,187.American_Three_toed_Woodpecker
training/187.American_Three_toed_Woodpecker/American_Three_Toed_Woodpecker_0049_796191,186,187.American_Three_toed_Woodpecker
training/188.Pileated_Woodpecker/Pileated_Woodpecker_0011_180519,187,188.Pileated_Woodpecker
training/188.Pileated_Woodpecker/Pileated_Woodpecker_0028_180258,187,188.Pileated_Woodpecker
training/188.Pileated_Woodpecker/Pileated_Woodpecker_0034_180419,187,188.Pileated_Woodpecker
training/188.Pileated_Woodpecker/Pileated_Woodpecker_0056_180094,187,188.Pileated_Woodpecker
training/188.Pileated_Woodpecker/Pileated_Woodpecker_0059_180177,187,188.Pileated_Woodpecker
training/188.Pileated_Woodpecker/Pileated_Woodpecker_0072_180006,187,188.Pileated_Woodpecker
training/188.Pileated_Woodpecker/Pileated_Woodpecker_0089_179969,187,188.Pileated_Woodpecker
training/188.Pileated_Woodpecker/Pileated_Woodpecker_0110_180521,187,188.Pileated_Woodpecker
training/188.Pileated_Woodpecker/Pileated_Woodpecker_0112_180439,187,188.Pileated_Woodpecker
training/188.Pileated_Woodpecker/Pileated_Woodpecker_0116_179948,187,188.Pileated_Woodpecker
training/189.Red_bellied_Woodpecker/Red_Bellied_Woodpecker_0012_181765,188,189.Red_bellied_Woodpecker
training/189.Red_bellied_Woodpecker/Red_Bellied_Woodpecker_0022_181969,188,189.Red_bellied_Woodpecker
training/189.Red_bellied_Woodpecker/Red_Bellied_Woodpecker_0028_181830,188,189.Red_bellied_Woodpecker
training/189.Red_bellied_Woodpecker/Red_Bellied_Woodpecker_0069_181248,188,189.Red_bellied_Woodpecker
training/189.Red_bellied_Woodpecker/Red_Bellied_Woodpecker_0077_182334,188,189.Red_bellied_Woodpecker
training/189.Red_bellied_Woodpecker/Red_Bellied_Woodpecker_0088_180941,188,189.Red_bellied_Woodpecker
training/189.Red_bellied_Woodpecker/Red_Bellied_Woodpecker_0099_180766,188,189.Red_bellied_Woodpecker
training/189.Red_bellied_Woodpecker/Red_Bellied_Woodpecker_0104_181616,188,189.Red_bellied_Woodpecker
training/189.Red_bellied_Woodpecker/Red_Bellied_Woodpecker_0112_180827,188,189.Red_bellied_Woodpecker
training/189.Red_bellied_Woodpecker/Red_Bellied_Woodpecker_0120_181420,188,189.Red_bellied_Woodpecker
training/190.Red_cockaded_Woodpecker/Red_Cockaded_Woodpecker_0015_182459,189,190.Red_cockaded_Woodpecker
training/190.Red_cockaded_Woodpecker/Red_Cockaded_Woodpecker_0020_182683,189,190.Red_cockaded_Woodpecker
training/190.Red_cockaded_Woodpecker/Red_Cockaded_Woodpecker_0029_794724,189,190.Red_cockaded_Woodpecker
training/190.Red_cockaded_Woodpecker/Red_Cockaded_Woodpecker_0032_182376,189,190.Red_cockaded_Woodpecker
training/190.Red_cockaded_Woodpecker/Red_Cockaded_Woodpecker_0033_794721,189,190.Red_cockaded_Woodpecker
training/190.Red_cockaded_Woodpecker/Red_Cockaded_Woodpecker_0037_794733,189,190.Red_cockaded_Woodpecker
training/190.Red_cockaded_Woodpecker/Red_Cockaded_Woodpecker_0039_794736,189,190.Red_cockaded_Woodpecker
training/190.Red_cockaded_Woodpecker/Red_Cockaded_Woodpecker_0040_182502,189,190.Red_cockaded_Woodpecker
training/190.Red_cockaded_Woodpecker/Red_Cockaded_Woodpecker_0060_182377,189,190.Red_cockaded_Woodpecker
training/190.Red_cockaded_Woodpecker/Red_Cockaded_Woodpecker_0062_182371,189,190.Red_cockaded_Woodpecker
training/191.Red_headed_Woodpecker/Red_Headed_Woodpecker_0011_182803,190,191.Red_headed_Woodpecker
training/191.Red_headed_Woodpecker/Red_Headed_Woodpecker_0012_183395,190,191.Red_headed_Woodpecker
training/191.Red_headed_Woodpecker/Red_Headed_Woodpecker_0014_183701,190,191.Red_headed_Woodpecker
training/191.Red_headed_Woodpecker/Red_Headed_Woodpecker_0021_183454,190,191.Red_headed_Woodpecker
training/191.Red_headed_Woodpecker/Red_Headed_Woodpecker_0022_183010,190,191.Red_headed_Woodpecker
training/191.Red_headed_Woodpecker/Red_Headed_Woodpecker_0041_182788,190,191.Red_headed_Woodpecker
training/191.Red_headed_Woodpecker/Red_Headed_Woodpecker_0068_183662,190,191.Red_headed_Woodpecker
training/191.Red_headed_Woodpecker/Red_Headed_Woodpecker_0071_183132,190,191.Red_headed_Woodpecker
training/191.Red_headed_Woodpecker/Red_Headed_Woodpecker_0097_182903,190,191.Red_headed_Woodpecker
training/191.Red_headed_Woodpecker/Red_Headed_Woodpecker_0098_182732,190,191.Red_headed_Woodpecker
training/192.Downy_Woodpecker/Downy_Woodpecker_0003_183933,191,192.Downy_Woodpecker
training/192.Downy_Woodpecker/Downy_Woodpecker_0011_183934,191,192.Downy_Woodpecker
training/192.Downy_Woodpecker/Downy_Woodpecker_0030_184368,191,192.Downy_Woodpecker
training/192.Downy_Woodpecker/Downy_Woodpecker_0033_184636,191,192.Downy_Woodpecker
training/192.Downy_Woodpecker/Downy_Woodpecker_0041_184528,191,192.Downy_Woodpecker
training/192.Downy_Woodpecker/Downy_Woodpecker_0042_184144,191,192.Downy_Woodpecker
training/192.Downy_Woodpecker/Downy_Woodpecker_0044_184170,191,192.Downy_Woodpecker
training/192.Downy_Woodpecker/Downy_Woodpecker_0049_183920,191,192.Downy_Woodpecker
training/192.Downy_Woodpecker/Downy_Woodpecker_0102_184263,191,192.Downy_Woodpecker
training/192.Downy_Woodpecker/Downy_Woodpecker_0136_184534,191,192.Downy_Woodpecker
training/193.Bewick_Wren/Bewick_Wren_0004_185202,192,193.Bewick_Wren
training/193.Bewick_Wren/Bewick_Wren_0034_185130,192,193.Bewick_Wren
training/193.Bewick_Wren/Bewick_Wren_0039_184989,192,193.Bewick_Wren
training/193.Bewick_Wren/Bewick_Wren_0062_185063,192,193.Bewick_Wren
training/193.Bewick_Wren/Bewick_Wren_0065_185247,192,193.Bewick_Wren
training/193.Bewick_Wren/Bewick_Wren_0068_184895,192,193.Bewick_Wren
training/193.Bewick_Wren/Bewick_Wren_0107_184908,192,193.Bewick_Wren
training/193.Bewick_Wren/Bewick_Wren_0110_185216,192,193.Bewick_Wren
training/193.Bewick_Wren/Bewick_Wren_0124_184771,192,193.Bewick_Wren
training/193.Bewick_Wren/Bewick_Wren_0135_185251,192,193.Bewick_Wren
training/194.Cactus_Wren/Cactus_Wren_0025_185696,193,194.Cactus_Wren
training/194.Cactus_Wren/Cactus_Wren_0033_186014,193,194.Cactus_Wren
training/194.Cactus_Wren/Cactus_Wren_0044_185492,193,194.Cactus_Wren
training/194.Cactus_Wren/Cactus_Wren_0058_185903,193,194.Cactus_Wren
training/194.Cactus_Wren/Cactus_Wren_0075_186066,193,194.Cactus_Wren
training/194.Cactus_Wren/Cactus_Wren_0086_185630,193,194.Cactus_Wren
training/194.Cactus_Wren/Cactus_Wren_0089_186023,193,194.Cactus_Wren
training/194.Cactus_Wren/Cactus_Wren_0108_185733,193,194.Cactus_Wren
training/194.Cactus_Wren/Cactus_Wren_0118_185788,193,194.Cactus_Wren
training/194.Cactus_Wren/Cactus_Wren_0125_185648,193,194.Cactus_Wren
training/195.Carolina_Wren/Carolina_Wren_0014_186525,194,195.Carolina_Wren
training/195.Carolina_Wren/Carolina_Wren_0029_186212,194,195.Carolina_Wren
training/195.Carolina_Wren/Carolina_Wren_0043_186286,194,195.Carolina_Wren
training/195.Carolina_Wren/Carolina_Wren_0049_186129,194,195.Carolina_Wren
training/195.Carolina_Wren/Carolina_Wren_0056_186313,194,195.Carolina_Wren
training/195.Carolina_Wren/Carolina_Wren_0058_186409,194,195.Carolina_Wren
training/195.Carolina_Wren/Carolina_Wren_0086_186431,194,195.Carolina_Wren
training/195.Carolina_Wren/Carolina_Wren_0091_186464,194,195.Carolina_Wren
training/195.Carolina_Wren/Carolina_Wren_0112_186562,194,195.Carolina_Wren
training/195.Carolina_Wren/Carolina_Wren_0122_186365,194,195.Carolina_Wren
training/196.House_Wren/House_Wren_0001_188047,195,196.House_Wren
training/196.House_Wren/House_Wren_0011_187547,195,196.House_Wren
training/196.House_Wren/House_Wren_0045_187374,195,196.House_Wren
training/196.House_Wren/House_Wren_0055_187397,195,196.House_Wren
training/196.House_Wren/House_Wren_0088_187243,195,196.House_Wren
training/196.House_Wren/House_Wren_0094_187226,195,196.House_Wren
training/196.House_Wren/House_Wren_0108_187102,195,196.House_Wren
training/196.House_Wren/House_Wren_0117_187492,195,196.House_Wren
training/196.House_Wren/House_Wren_0119_187552,195,196.House_Wren
training/196.House_Wren/House_Wren_0122_187331,195,196.House_Wren
training/197.Marsh_Wren/Marsh_Wren_0005_188235,196,197.Marsh_Wren
training/197.Marsh_Wren/Marsh_Wren_0008_188533,196,197.Marsh_Wren
training/197.Marsh_Wren/Marsh_Wren_0014_188802,196,197.Marsh_Wren
training/197.Marsh_Wren/Marsh_Wren_0018_188363,196,197.Marsh_Wren
training/197.Marsh_Wren/Marsh_Wren_0033_188778,196,197.Marsh_Wren
training/197.Marsh_Wren/Marsh_Wren_0068_188446,196,197.Marsh_Wren
training/197.Marsh_Wren/Marsh_Wren_0095_188371,196,197.Marsh_Wren
training/197.Marsh_Wren/Marsh_Wren_0097_188214,196,197.Marsh_Wren
training/197.Marsh_Wren/Marsh_Wren_0109_188329,196,197.Marsh_Wren
training/197.Marsh_Wren/Marsh_Wren_0133_188565,196,197.Marsh_Wren
training/198.Rock_Wren/Rock_Wren_0021_189175,197,198.Rock_Wren
training/198.Rock_Wren/Rock_Wren_0022_188958,197,198.Rock_Wren
training/198.Rock_Wren/Rock_Wren_0043_188933,197,198.Rock_Wren
training/198.Rock_Wren/Rock_Wren_0059_188941,197,198.Rock_Wren
training/198.Rock_Wren/Rock_Wren_0086_188944,197,198.Rock_Wren
training/198.Rock_Wren/Rock_Wren_0096_188966,197,198.Rock_Wren
training/198.Rock_Wren/Rock_Wren_0111_189443,197,198.Rock_Wren
training/198.Rock_Wren/Rock_Wren_0114_189283,197,198.Rock_Wren
training/198.Rock_Wren/Rock_Wren_0118_188964,197,198.Rock_Wren
training/198.Rock_Wren/Rock_Wren_0122_189042,197,198.Rock_Wren
training/199.Winter_Wren/Winter_Wren_0015_190099,198,199.Winter_Wren
training/199.Winter_Wren/Winter_Wren_0026_189816,198,199.Winter_Wren
training/199.Winter_Wren/Winter_Wren_0044_190068,198,199.Winter_Wren
training/199.Winter_Wren/Winter_Wren_0051_189990,198,199.Winter_Wren
training/199.Winter_Wren/Winter_Wren_0065_189675,198,199.Winter_Wren
training/199.Winter_Wren/Winter_Wren_0075_189578,198,199.Winter_Wren
training/199.Winter_Wren/Winter_Wren_0095_189985,198,199.Winter_Wren
training/199.Winter_Wren/Winter_Wren_0103_189509,198,199.Winter_Wren
training/199.Winter_Wren/Winter_Wren_0130_189531,198,199.Winter_Wren
training/199.Winter_Wren/Winter_Wren_0131_190061,198,199.Winter_Wren
training/200.Common_Yellowthroat/Common_Yellowthroat_0003_190521,199,200.Common_Yellowthroat
training/200.Common_Yellowthroat/Common_Yellowthroat_0006_190576,199,200.Common_Yellowthroat
training/200.Common_Yellowthroat/Common_Yellowthroat_0015_190556,199,200.Common_Yellowthroat
training/200.Common_Yellowthroat/Common_Yellowthroat_0077_190990,199,200.Common_Yellowthroat
training/200.Common_Yellowthroat/Common_Yellowthroat_0081_190525,199,200.Common_Yellowthroat
training/200.Common_Yellowthroat/Common_Yellowthroat_0088_190594,199,200.Common_Yellowthroat
training/200.Common_Yellowthroat/Common_Yellowthroat_0092_190573,199,200.Common_Yellowthroat
training/200.Common_Yellowthroat/Common_Yellowthroat_0098_190430,199,200.Common_Yellowthroat
training/200.Common_Yellowthroat/Common_Yellowthroat_0106_190989,199,200.Common_Yellowthroat
training/200.Common_Yellowthroat/Common_Yellowthroat_0121_190597,199,200.Common_Yellowthroat
