image_id,label,class_name
training/001.Black_footed_Albatross/Black_Footed_Albatross_0007_796138,0,001.Black_footed_Albatross
training/001.Black_footed_Albatross/Black_Footed_Albatross_0014_89,0,001.Black_footed_Albatross
training/001.Black_footed_Albatross/Black_Footed_Albatross_0039_796132,0,001.Black_footed_Albatross
training/001.Black_footed_Albatross/Black_Footed_Albatross_0056_796078,0,001.Black_footed_Albatross
training/001.Black_footed_Albatross/Black_Footed_Albatross_0057_796106,0,001.Black_footed_Albatross
training/001.Black_footed_Albatross/Black_Footed_Albatross_0063_796141,0,001.Black_footed_Albatross
training/001.Black_footed_Albatross/Black_Footed_Albatross_0068_796135,0,001.Black_footed_Albatross
training/001.Black_footed_Albatross/Black_Footed_Albatross_0069_796139,0,001.Black_footed_Albatross
training/001.Black_footed_Albatross/Black_Footed_Albatross_0071_796113,0,001.Black_footed_Albatross
training/001.Black_footed_Albatross/Black_Footed_Albatross_0080_796096,0,001.Black_footed_Albatross
training/002.Laysan_Albatross/Laysan_Albatross_0029_482,1,002.Laysan_Albatross
training/002.Laysan_Albatross/Laysan_Albatross_0039_924,1,002.Laysan_Albatross
training/002.Laysan_Albatross/Laysan_Albatross_0040_472,1,002.Laysan_Albatross
training/002.Laysan_Albatross/Laysan_Albatross_0044_784,1,002.Laysan_Albatross
training/002.Laysan_Albatross/Laysan_Albatross_0051_1020,1,002.Laysan_Albatross
training/002.Laysan_Albatross/Laysan_Albatross_0056_500,1,002.Laysan_Albatross
training/002.Laysan_Albatross/Laysan_Albatross_0073_927,1,002.Laysan_Albatross
training/002.Laysan_Albatross/Laysan_Albatross_0092_834,1,002.Laysan_Albatross
training/002.Laysan_Albatross/Laysan_Albatross_0099_869,1,002.Laysan_Albatross
training/002.Laysan_Albatross/Laysan_Albatross_0100_735,1,002.Laysan_Albatross
training/003.Sooty_Albatross/Sooty_Albatross_0017_796349,2,003.Sooty_Albatross
training/003.Sooty_Albatross/Sooty_Albatross_0034_1154,2,003.Sooty_Albatross
training/003.Sooty_Albatross/Sooty_Albatross_0040_796375,2,003.Sooty_Albatross
training/003.Sooty_Albatross/Sooty_Albatross_0045_1162,2,003.Sooty_Albatross
training/003.Sooty_Albatross/Sooty_Albatross_0057_796354,2,003.Sooty_Albatross
training/003.Sooty_Albatross/Sooty_Albatross_0068_796353,2,003.Sooty_Albatross
training/003.Sooty_Albatross/Sooty_Albatross_0070_796346,2,003.Sooty_Albatross
training/003.Sooty_Albatross/Sooty_Albatross_0072_796371,2,003.Sooty_Albatross
training/003.Sooty_Albatross/Sooty_Albatross_0075_796352,2,003.Sooty_Albatross
training/003.Sooty_Albatross/Sooty_Albatross_0079_796389,2,003.Sooty_Albatross
training/004.Groove_billed_Ani/Groove_Billed_Ani_0004_1528,3,004.Groove_billed_Ani
training/004.Groove_billed_Ani/Groove_Billed_Ani_0015_1653,3,004.Groove_billed_Ani
training/004.Groove_billed_Ani/Groove_Billed_Ani_0033_1494,3,004.Groove_billed_Ani
training/004.Groove_billed_Ani/Groove_Billed_Ani_0051_1650,3,004.Groove_billed_Ani
training/004.Groove_billed_Ani/Groove_Billed_Ani_0058_1751,3,004.Groove_billed_Ani
training/004.Groove_billed_Ani/Groove_Billed_Ani_0065_1502,3,004.Groove_billed_Ani
training/004.Groove_billed_Ani/Groove_Billed_Ani_0071_1559,3,004.Groove_billed_Ani
training/004.Groove_billed_Ani/Groove_Billed_Ani_0076_1661,3,004.Groove_billed_Ani
training/004.Groove_billed_Ani/Groove_Billed_Ani_0090_1567,3,004.Groove_billed_Ani
training/004.Groove_billed_Ani/Groove_Billed_Ani_0091_1728,3,004.Groove_billed_Ani
training/005.Crested_Auklet/Crested_Auklet_0003_794962,4,005.Crested_Auklet
training/005.Crested_Auklet/Crested_Auklet_0005_794922,4,005.Crested_Auklet
training/005.Crested_Auklet/Crested_Auklet_0010_794907,4,005.Crested_Auklet
training/005.Crested_Auklet/Crested_Auklet_0013_794914,4,005.Crested_Auklet
training/005.Crested_Auklet/Crested_Auklet_0032_794931,4,005.Crested_Auklet
training/005.Crested_Auklet/Crested_Auklet_0033_794964,4,005.Crested_Auklet
training/005.Crested_Auklet/Crested_Auklet_0039_794944,4,005.Crested_Auklet
training/005.Crested_Auklet/Crested_Auklet_0040_794912,4,005.Crested_Auklet
training/005.Crested_Auklet/Crested_Auklet_0057_794932,4,005.Crested_Auklet
training/005.Crested_Auklet/Crested_Auklet_0076_785252,4,005.Crested_Auklet
training/006.Least_Auklet/Least_Auklet_0007_795123,5,006.Least_Auklet
training/006.Least_Auklet/Least_Auklet_0008_795071,5,006.Least_Auklet
training/006.Least_Auklet/Least_Auklet_0016_1903,5,006.Least_Auklet
training/006.Least_Auklet/Least_Auklet_0027_795091,5,006.Least_Auklet
training/006.Least_Auklet/Least_Auklet_0030_795116,5,006.Least_Auklet
training/006.Least_Auklet/Least_Auklet_0042_1874,5,006.Least_Auklet
training/006.Least_Auklet/Least_Auklet_0043_795067,5,006.Least_Auklet
training/006.Least_Auklet/Least_Auklet_0045_795069,5,006.Least_Auklet
training/006.Least_Auklet/Least_Auklet_0052_795088,5,006.Least_Auklet
training/006.Least_Auklet/Least_Auklet_0063_795134,5,006.Least_Auklet
training/007.Parakeet_Auklet/Parakeet_Auklet_0001_795972,6,007.Parakeet_Auklet
training/007.Parakeet_Auklet/Parakeet_Auklet_0024_2045,6,007.Parakeet_Auklet
training/007.Parakeet_Auklet/Parakeet_Auklet_0025_795975,6,007.Parakeet_Auklet
training/007.Parakeet_Auklet/Parakeet_Auklet_0032_795986,6,007.Parakeet_Auklet
training/007.Parakeet_Auklet/Parakeet_Auklet_0038_795935,6,007.Parakeet_Auklet
training/007.Parakeet_Auklet/Parakeet_Auklet_0043_795948,6,007.Parakeet_Auklet
training/007.Parakeet_Auklet/Parakeet_Auklet_0048_795980,6,007.Parakeet_Auklet
training/007.Parakeet_Auklet/Parakeet_Auklet_0056_795926,6,007.Parakeet_Auklet
training/007.Parakeet_Auklet/Parakeet_Auklet_0059_795973,6,007.Parakeet_Auklet
training/007.Parakeet_Auklet/Parakeet_Auklet_0078_2004,6,007.Parakeet_Auklet
training/008.Rhinoceros_Auklet/Rhinoceros_Auklet_0005_2111,7,008.Rhinoceros_Auklet
training/008.Rhinoceros_Auklet/Rhinoceros_Auklet_0008_797531,7,008.Rhinoceros_Auklet
training/008.Rhinoceros_Auklet/Rhinoceros_Auklet_0009_797539,7,008.Rhinoceros_Auklet
training/008.Rhinoceros_Auklet/Rhinoceros_Auklet_0021_2089,7,008.Rhinoceros_Auklet
training/008.Rhinoceros_Auklet/Rhinoceros_Auklet_0026_797519,7,008.Rhinoceros_Auklet
training/008.Rhinoceros_Auklet/Rhinoceros_Auklet_0028_2056,7,008.Rhinoceros_Auklet
training/008.Rhinoceros_Auklet/Rhinoceros_Auklet_0030_797509,7,008.Rhinoceros_Auklet
training/008.Rhinoceros_Auklet/Rhinoceros_Auklet_0031_797518,7,008.Rhinoceros_Auklet
training/008.Rhinoceros_Auklet/Rhinoceros_Auklet_0043_2096,7,008.Rhinoceros_Auklet
training/008.Rhinoceros_Auklet/Rhinoceros_Auklet_0049_797543,7,008.Rhinoceros_Auklet
training/009.Brewer_Blackbird/Brewer_Blackbird_0014_2679,8,009.Brewer_Blackbird
training/009.Brewer_Blackbird/Brewer_Blackbird_0018_2261,8,009.Brewer_Blackbird
training/009.Brewer_Blackbird/Brewer_Blackbird_0030_2268,8,009.Brewer_Blackbird
training/009.Brewer_Blackbird/Brewer_Blackbird_0045_2303,8,009.Brewer_Blackbird
training/009.Brewer_Blackbird/Brewer_Blackbird_0064_2290,8,009.Brewer_Blackbird
training/009.Brewer_Blackbird/Brewer_Blackbird_0078_2659,8,009.Brewer_Blackbird
training/009.Brewer_Blackbird/Brewer_Blackbird_0095_2610,8,009.Brewer_Blackbird
training/009.Brewer_Blackbird/Brewer_Blackbird_0131_2289,8,009.Brewer_Blackbird
training/009.Brewer_Blackbird/Brewer_Blackbird_0135_2607,8,009.Brewer_Blackbird
training/009.Brewer_Blackbird/Brewer_Blackbird_0139_2567,8,009.Brewer_Blackbird
training/010.Red_winged_Blackbird/Red_Winged_Blackbird_0014_3761,9,010.Red_winged_Blackbird
training/010.Red_winged_Blackbird/Red_Winged_Blackbird_0023_5257,9,010.Red_winged_Blackbird
training/010.Red_winged_Blackbird/Red_Winged_Blackbird_0028_4709,9,010.Red_winged_Blackbird
training/010.Red_winged_Blackbird/Red_Winged_Blackbird_0040_4522,9,010.Red_winged_Blackbird
training/010.Red_winged_Blackbird/Red_Winged_Blackbird_0046_4242,9,010.Red_winged_Blackbird
training/010.Red_winged_Blackbird/Red_Winged_Blackbird_0059_4612,9,010.Red_winged_Blackbird
training/010.Red_winged_Blackbird/Red_Winged_Blackbird_0061_4196,9,010.Red_winged_Blackbird
training/010.Red_winged_Blackbird/Red_Winged_Blackbird_0066_5070,9,010.Red_winged_Blackbird
training/010.Red_winged_Blackbird/Red_Winged_Blackbird_0079_4527,9,010.Red_winged_Blackbird
training/010.Red_winged_Blackbird/Red_Winged_Blackbird_0096_5019,9,010.Red_winged_Blackbird
training/011.Rusty_Blackbird/Rusty_Blackbird_0006_6633,10,011.Rusty_Blackbird
training/011.Rusty_Blackbird/Rusty_Blackbird_0016_6684,10,011.Rusty_Blackbird
training/011.Rusty_Blackbird/Rusty_Blackbird_0017_6755,10,011.Rusty_Blackbird
training/011.Rusty_Blackbird/Rusty_Blackbird_0048_6632,10,011.Rusty_Blackbird
training/011.Rusty_Blackbird/Rusty_Blackbird_0054_6676,10,011.Rusty_Blackbird
training/011.Rusty_Blackbird/Rusty_Blackbird_0074_6585,10,011.Rusty_Blackbird
training/011.Rusty_Blackbird/Rusty_Blackbird_0086_6658,10,011.Rusty_Blackbird
training/011.Rusty_Blackbird/Rusty_Blackbird_0087_6727,10,011.Rusty_Blackbird
training/011.Rusty_Blackbird/Rusty_Blackbird_0114_6760,10,011.Rusty_Blackbird
training/011.Rusty_Blackbird/Rusty_Blackbird_0122_6736,10,011.Rusty_Blackbird
training/012.Yellow_headed_Blackbird/Yellow_Headed_Blackbird_0025_8262,11,012.Yellow_headed_Blackbird
training/012.Yellow_headed_Blackbird/Yellow_Headed_Blackbird_0031_8456,11,012.Yellow_headed_Blackbird
training/012.Yellow_headed_Blackbird/Yellow_Headed_Blackbird_0038_8689,11,012.Yellow_headed_Blackbird
training/012.Yellow_headed_Blackbird/Yellow_Headed_Blackbird_0041_8264,11,012.Yellow_headed_Blackbird
training/012.Yellow_headed_Blackbird/Yellow_Headed_Blackbird_0051_8387,11,012.Yellow_headed_Blackbird
training/012.Yellow_headed_Blackbird/Yellow_Headed_Blackbird_0056_8455,11,012.Yellow_headed_Blackbird
training/012.Yellow_headed_Blackbird/Yellow_Headed_Blackbird_0057_8236,11,012.Yellow_headed_Blackbird
training/012.Yellow_headed_Blackbird/Yellow_Headed_Blackbird_0077_8332,11,012.Yellow_headed_Blackbird
training/012.Yellow_headed_Blackbird/Yellow_Headed_Blackbird_0084_8435,11,012.Yellow_headed_Blackbird
training/012.Yellow_headed_Blackbird/Yellow_Headed_Blackbird_0091_8555,11,012.Yellow_headed_Blackbird
training/013.Bobolink/Bobolink_0002_11085,12,013.Bobolink
training/013.Bobolink/Bobolink_0014_11055,12,013.Bobolink
training/013.Bobolink/Bobolink_0033_10809,12,013.Bobolink
training/013.Bobolink/Bobolink_0052_9423,12,013.Bobolink
training/013.Bobolink/Bobolink_0059_10041,12,013.Bobolink
training/013.Bobolink/Bobolink_0099_9314,12,013.Bobolink
training/013.Bobolink/Bobolink_0104_10273,12,013.Bobolink
training/013.Bobolink/Bobolink_0119_10430,12,013.Bobolink
training/013.Bobolink/Bobolink_0124_10182,12,013.Bobolink
training/013.Bobolink/Bobolink_0131_9578,12,013.Bobolink
training/014.Indigo_Bunting/Indigo_Bunting_0001_12469,13,014.Indigo_Bunting
training/014.Indigo_Bunting/Indigo_Bunting_0006_14317,13,014.Indigo_Bunting
training/014.Indigo_Bunting/Indigo_Bunting_0026_11964,13,014.Indigo_Bunting
training/014.Indigo_Bunting/Indigo_Bunting_0028_12335,13,014.Indigo_Bunting
training/014.Indigo_Bunting/Indigo_Bunting_0041_13987,13,014.Indigo_Bunting
training/014.Indigo_Bunting/Indigo_Bunting_0044_14389,13,014.Indigo_Bunting
training/014.Indigo_Bunting/Indigo_Bunting_0049_13641,13,014.Indigo_Bunting
training/014.Indigo_Bunting/Indigo_Bunting_0050_11811,13,014.Indigo_Bunting
training/014.Indigo_Bunting/Indigo_Bunting_0080_13416,13,014.Indigo_Bunting
training/014.Indigo_Bunting/Indigo_Bunting_0084_11848,13,014.Indigo_Bunting
training/015.Lazuli_Bunting/Lazuli_Bunting_0010_14915,14,015.Lazuli_Bunting
training/015.Lazuli_Bunting/Lazuli_Bunting_0014_14824,14,015.Lazuli_Bunting
training/015.Lazuli_Bunting/Lazuli_Bunting_0015_14690,14,015.Lazuli_Bunting
training/015.Lazuli_Bunting/Lazuli_Bunting_0020_14837,14,015.Lazuli_Bunting
training/015.Lazuli_Bunting/Lazuli_Bunting_0027_14895,14,015.Lazuli_Bunting
training/015.Lazuli_Bunting/Lazuli_Bunting_0041_15152,14,015.Lazuli_Bunting
training/015.Lazuli_Bunting/Lazuli_Bunting_0046_14787,14,015.Lazuli_Bunting
training/015.Lazuli_Bunting/Lazuli_Bunting_0082_15047,14,015.Lazuli_Bunting
training/015.Lazuli_Bunting/Lazuli_Bunting_0086_14992,14,015.Lazuli_Bunting
training/015.Lazuli_Bunting/Lazuli_Bunting_0102_14605,14,015.Lazuli_Bunting
training/016.Painted_Bunting/Painted_Bunting_0002_16887,15,016.Painted_Bunting
training/016.Painted_Bunting/Painted_Bunting_0005_15202,15,016.Painted_Bunting
training/016.Painted_Bunting/Painted_Bunting_0006_15249,15,016.Painted_Bunting
training/016.Painted_Bunting/Painted_Bunting_0025_16722,15,016.Painted_Bunting
training/016.Painted_Bunting/Painted_Bunting_0034_15207,15,016.Painted_Bunting
training/016.Painted_Bunting/Painted_Bunting_0066_15241,15,016.Painted_Bunting
training/016.Painted_Bunting/Painted_Bunting_0076_16765,15,016.Painted_Bunting
training/016.Painted_Bunting/Painted_Bunting_0087_15232,15,016.Painted_Bunting
training/016.Painted_Bunting/Painted_Bunting_0093_15212,15,016.Painted_Bunting
training/016.Painted_Bunting/Painted_Bunting_0096_15233,15,016.Painted_Bunting
training/017.Cardinal/Cardinal_0012_18638,16,017.Cardinal
training/017.Cardinal/Cardinal_0019_17368,16,017.Cardinal
training/017.Cardinal/Cardinal_0029_17297,16,017.Cardinal
training/017.Cardinal/Cardinal_0037_18092,16,017.Cardinal
training/017.Cardinal/Cardinal_0045_18021,16,017.Cardinal
training/017.Cardinal/Cardinal_0052_18334,16,017.Cardinal
training/017.Cardinal/Cardinal_0057_17128,16,017.Cardinal
training/017.Cardinal/Cardinal_0060_17139,16,017.Cardinal
training/017.Cardinal/Cardinal_0092_17591,16,017.Cardinal
training/017.Cardinal/Cardinal_0094_17165,16,017.Cardinal
training/018.Spotted_Catbird/Spotted_Catbird_0001_796797,17,018.Spotted_Catbird
training/018.Spotted_Catbird/Spotted_Catbird_0007_19424,17,018.Spotted_Catbird
training/018.Spotted_Catbird/Spotted_Catbird_0012_796802,17,018.Spotted_Catbird
training/018.Spotted_Catbird/Spotted_Catbird_0013_19428,17,018.Spotted_Catbird
training/018.Spotted_Catbird/Spotted_Catbird_0023_796793,17,018.Spotted_Catbird
training/018.Spotted_Catbird/Spotted_Catbird_0027_796796,17,018.Spotted_Catbird
training/018.Spotted_Catbird/Spotted_Catbird_0031_796806,17,018.Spotted_Catbird
training/018.Spotted_Catbird/Spotted_Catbird_0034_19437,17,018.Spotted_Catbird
training/018.Spotted_Catbird/Spotted_Catbird_0037_796810,17,018.Spotted_Catbird
training/018.Spotted_Catbird/Spotted_Catbird_0042_19430,17,018.Spotted_Catbird
training/019.Gray_Catbird/Gray_Catbird_0001_20695,18,019.Gray_Catbird
training/019.Gray_Catbird/Gray_Catbird_0027_20968,18,019.Gray_Catbird
training/019.Gray_Catbird/Gray_Catbird_0048_20558,18,019.Gray_Catbird
training/019.Gray_Catbird/Gray_Catbird_0050_20763,18,019.Gray_Catbird
training/019.Gray_Catbird/Gray_Catbird_0091_20416,18,019.Gray_Catbird
training/019.Gray_Catbird/Gray_Catbird_0094_21303,18,019.Gray_Catbird
training/019.Gray_Catbird/Gray_Catbird_0100_20674,18,019.Gray_Catbird
training/019.Gray_Catbird/Gray_Catbird_0107_20513,18,019.Gray_Catbird
training/019.Gray_Catbird/Gray_Catbird_0117_21333,18,019.Gray_Catbird
training/019.Gray_Catbird/Gray_Catbird_0127_20034,18,019.Gray_Catbird
training/020.Yellow_breasted_Chat/Yellow_Breasted_Chat_0012_21961,19,020.Yellow_breasted_Chat
training/020.Yellow_breasted_Chat/Yellow_Breasted_Chat_0014_21970,19,020.Yellow_breasted_Chat
training/020.Yellow_breasted_Chat/Yellow_Breasted_Chat_0026_21845,19,020.Yellow_breasted_Chat
training/020.Yellow_breasted_Chat/Yellow_Breasted_Chat_0032_21823,19,020.Yellow_breasted_Chat
training/020.Yellow_breasted_Chat/Yellow_Breasted_Chat_0039_21654,19,020.Yellow_breasted_Chat
training/020.Yellow_breasted_Chat/Yellow_Breasted_Chat_0062_21673,19,020.Yellow_breasted_Chat
training/020.Yellow_breasted_Chat/Yellow_Breasted_Chat_0073_21932,19,020.Yellow_breasted_Chat
training/020.Yellow_breasted_Chat/Yellow_Breasted_Chat_0075_21715,19,020.Yellow_breasted_Chat
training/020.Yellow_breasted_Chat/Yellow_Breasted_Chat_0098_21987,19,020.Yellow_breasted_Chat
training/020.Yellow_breasted_Chat/Yellow_Breasted_Chat_0101_21677,19,020.Yellow_breasted_Chat
training/021.Eastern_Towhee/Eastern_Towhee_0013_22336,20,021.Eastern_Towhee
training/021.Eastern_Towhee/Eastern_Towhee_0021_22152,20,021.Eastern_Towhee
training/021.Eastern_Towhee/Eastern_Towhee_0030_22693,20,021.Eastern_Towhee
training/021.Eastern_Towhee/Eastern_Towhee_0035_22223,20,021.Eastern_Towhee
training/021.Eastern_Towhee/Eastern_Towhee_0038_22399,20,021.Eastern_Towhee
training/021.Eastern_Towhee/Eastern_Towhee_0050_22257,20,021.Eastern_Towhee
training/021.Eastern_Towhee/Eastern_Towhee_0075_22588,20,021.Eastern_Towhee
training/021.Eastern_Towhee/Eastern_Towhee_0111_22168,20,021.Eastern_Towhee
training/021.Eastern_Towhee/Eastern_Towhee_0124_22585,20,021.Eastern_Towhee
training/021.Eastern_Towhee/Eastern_Towhee_0126_22639,20,021.Eastern_Towhee
training/022.Chuck_will_Widow/Chuck_Will_Widow_0003_796977,21,022.Chuck_will_Widow
training/022.Chuck_will_Widow/Chuck_Will_Widow_0006_796986,21,022.Chuck_will_Widow
training/022.Chuck_will_Widow/Chuck_Will_Widow_0007_796958,21,022.Chuck_will_Widow
training/022.Chuck_will_Widow/Chuck_Will_Widow_0012_796956,21,022.Chuck_will_Widow
training/022.Chuck_will_Widow/Chuck_Will_Widow_0026_796963,21,022.Chuck_will_Widow
training/022.Chuck_will_Widow/Chuck_Will_Widow_0043_797001,21,022.Chuck_will_Widow
training/022.Chuck_will_Widow/Chuck_Will_Widow_0048_796995,21,022.Chuck_will_Widow
training/022.Chuck_will_Widow/Chuck_Will_Widow_0053_796953,21,022.Chuck_will_Widow
training/022.Chuck_will_Widow/Chuck_Will_Widow_0054_22782,21,022.Chuck_will_Widow
training/022.Chuck_will_Widow/Chuck_Will_Widow_0059_796982,21,022.Chuck_will_Widow
training/023.Brandt_Cormorant/Brandt_Cormorant_0009_22890,22,023.Brandt_Cormorant
training/023.Brandt_Cormorant/Brandt_Cormorant_0023_23254,22,023.Brandt_Cormorant
training/023.Brandt_Cormorant/Brandt_Cormorant_0032_22886,22,023.Brandt_Cormorant
training/023.Brandt_Cormorant/Brandt_Cormorant_0035_23000,22,023.Brandt_Cormorant
training/023.Brandt_Cormorant/Brandt_Cormorant_0044_22884,22,023.Brandt_Cormorant
training/023.Brandt_Cormorant/Brandt_Cormorant_0045_22916,22,023.Brandt_Cormorant
training/023.Brandt_Cormorant/Brandt_Cormorant_0067_23352,22,023.Brandt_Cormorant
training/023.Brandt_Cormorant/Brandt_Cormorant_0070_23137,22,023.Brandt_Cormorant
training/023.Brandt_Cormorant/Brandt_Cormorant_0075_22970,22,023.Brandt_Cormorant
training/023.Brandt_Cormorant/Brandt_Cormorant_0087_23126,22,023.Brandt_Cormorant
training/024.Red_faced_Cormorant/Red_Faced_Cormorant_0007_796280,23,024.Red_faced_Cormorant
training/024.Red_faced_Cormorant/Red_Faced_Cormorant_0009_796314,23,024.Red_faced_Cormorant
training/024.Red_faced_Cormorant/Red_Faced_Cormorant_0028_796322,23,024.Red_faced_Cormorant
training/024.Red_faced_Cormorant/Red_Faced_Cormorant_0032_796334,23,024.Red_faced_Cormorant
training/024.Red_faced_Cormorant/Red_Faced_Cormorant_0035_796294,23,024.Red_faced_Cormorant
training/024.Red_faced_Cormorant/Red_Faced_Cormorant_0036_796329,23,024.Red_faced_Cormorant
training/024.Red_faced_Cormorant/Red_Faced_Cormorant_0049_796279,23,024.Red_faced_Cormorant
training/024.Red_faced_Cormorant/Red_Faced_Cormorant_0052_796316,23,024.Red_faced_Cormorant
training/024.Red_faced_Cormorant/Red_Faced_Cormorant_0053_796331,23,024.Red_faced_Cormorant
training/024.Red_faced_Cormorant/Red_Faced_Cormorant_0065_796293,23,024.Red_faced_Cormorant
training/025.Pelagic_Cormorant/Pelagic_Cormorant_0011_23667,24,025.Pelagic_Cormorant
training/025.Pelagic_Cormorant/Pelagic_Cormorant_0019_23546,24,025.Pelagic_Cormorant
training/025.Pelagic_Cormorant/Pelagic_Cormorant_0024_23712,24,025.Pelagic_Cormorant
training/025.Pelagic_Cormorant/Pelagic_Cormorant_0026_23792,24,025.Pelagic_Cormorant
training/025.Pelagic_Cormorant/Pelagic_Cormorant_0029_23545,24,025.Pelagic_Cormorant
training/025.Pelagic_Cormorant/Pelagic_Cormorant_0037_23889,24,025.Pelagic_Cormorant
training/025.Pelagic_Cormorant/Pelagic_Cormorant_0047_23718,24,025.Pelagic_Cormorant
training/025.Pelagic_Cormorant/Pelagic_Cormorant_0064_23641,24,025.Pelagic_Cormorant
training/025.Pelagic_Cormorant/Pelagic_Cormorant_0083_23557,24,025.Pelagic_Cormorant
training/025.Pelagic_Cormorant/Pelagic_Cormorant_0085_23821,24,025.Pelagic_Cormorant
training/026.Bronzed_Cowbird/Bronzed_Cowbird_0001_796219,25,026.Bronzed_Cowbird
training/026.Bronzed_Cowbird/Bronzed_Cowbird_0005_24173,25,026.Bronzed_Cowbird
training/026.Bronzed_Cowbird/Bronzed_Cowbird_0017_24019,25,026.Bronzed_Cowbird
training/026.Bronzed_Cowbird/Bronzed_Cowbird_0032_796233,25,026.Bronzed_Cowbird
training/026.Bronzed_Cowbird/Bronzed_Cowbird_0039_24026,25,026.Bronzed_Cowbird
training/026.Bronzed_Cowbird/Bronzed_Cowbird_0044_24145,25,026.Bronzed_Cowbird
training/026.Bronzed_Cowbird/Bronzed_Cowbird_0052_796216,25,026.Bronzed_Cowbird
training/026.Bronzed_Cowbird/Bronzed_Cowbird_0053_24170,25,026.Bronzed_Cowbird
training/026.Bronzed_Cowbird/Bronzed_Cowbird_0054_24159,25,026.Bronzed_Cowbird
training/026.Bronzed_Cowbird/Bronzed_Cowbird_0057_24074,25,026.Bronzed_Cowbird
training/027.Shiny_Cowbird/Shiny_Cowbird_0019_24323,26,027.Shiny_Cowbird
training/027.Shiny_Cowbird/Shiny_Cowbird_0021_796870,26,027.Shiny_Cowbird
training/027.Shiny_Cowbird/Shiny_Cowbird_0024_24281,26,027.Shiny_Cowbird
training/027.Shiny_Cowbird/Shiny_Cowbird_0034_796849,26,027.Shiny_Cowbird
training/027.Shiny_Cowbird/Shiny_Cowbird_0045_796856,26,027.Shiny_Cowbird
training/027.Shiny_Cowbird/Shiny_Cowbird_0047_24210,26,027.Shiny_Cowbird
training/027.Shiny_Cowbird/Shiny_Cowbird_0055_24331,26,027.Shiny_Cowbird
training/027.Shiny_Cowbird/Shiny_Cowbird_0066_24358,26,027.Shiny_Cowbird
training/027.Shiny_Cowbird/Shiny_Cowbird_0076_24363,26,027.Shiny_Cowbird
training/027.Shiny_Cowbird/Shiny_Cowbird_0086_24386,26,027.Shiny_Cowbird
training/028.Brown_Creeper/Brown_Creeper_0043_24549,27,028.Brown_Creeper
training/028.Brown_Creeper/Brown_Creeper_0048_24976,27,028.Brown_Creeper
training/028.Brown_Creeper/Brown_Creeper_0063_24724,27,028.Brown_Creeper
training/028.Brown_Creeper/Brown_Creeper_0064_24840,27,028.Brown_Creeper
training/028.Brown_Creeper/Brown_Creeper_0072_24977,27,028.Brown_Creeper
training/028.Brown_Creeper/Brown_Creeper_0083_24967,27,028.Brown_Creeper
training/028.Brown_Creeper/Brown_Creeper_0113_24560,27,028.Brown_Creeper
training/028.Brown_Creeper/Brown_Creeper_0121_24574,27,028.Brown_Creeper
training/028.Brown_Creeper/Brown_Creeper_0125_24995,27,028.Brown_Creeper
training/028.Brown_Creeper/Brown_Creeper_0127_24656,27,028.Brown_Creeper
training/029.American_Crow/American_Crow_0002_25122,28,029.American_Crow
training/029.American_Crow/American_Crow_0025_25522,28,029.American_Crow
training/029.American_Crow/American_Crow_0062_25587,28,029.American_Crow
training/029.American_Crow/American_Crow_0068_25198,28,029.American_Crow
training/029.American_Crow/American_Crow_0074_25350,28,029.American_Crow
training/029.American_Crow/American_Crow_0081_25837,28,029.American_Crow
training/029.American_Crow/American_Crow_0101_25118,28,029.American_Crow
training/029.American_Crow/American_Crow_0116_25199,28,029.American_Crow
training/029.American_Crow/American_Crow_0130_25163,28,029.American_Crow
training/029.American_Crow/American_Crow_0132_25704,28,029.American_Crow
training/030.Fish_Crow/Fish_Crow_0004_25936,29,030.Fish_Crow
training/030.Fish_Crow/Fish_Crow_0005_25912,29,030.Fish_Crow
training/030.Fish_Crow/Fish_Crow_0010_25836,29,030.Fish_Crow
training/030.Fish_Crow/Fish_Crow_0023_26037,29,030.Fish_Crow
training/030.Fish_Crow/Fish_Crow_0024_26064,29,030.Fish_Crow
training/030.Fish_Crow/Fish_Crow_0028_25968,29,030.Fish_Crow
training/030.Fish_Crow/Fish_Crow_0033_25915,29,030.Fish_Crow
training/030.Fish_Crow/Fish_Crow_0038_26000,29,030.Fish_Crow
training/030.Fish_Crow/Fish_Crow_0044_25964,29,030.Fish_Crow
training/030.Fish_Crow/Fish_Crow_0083_25949,29,030.Fish_Crow
training/031.Black_billed_Cuckoo/Black_Billed_Cuckoo_0019_795329,30,031.Black_billed_Cuckoo
training/031.Black_billed_Cuckoo/Black_Billed_Cuckoo_0047_26176,30,031.Black_billed_Cuckoo
training/031.Black_billed_Cuckoo/Black_Billed_Cuckoo_0053_795321,30,031.Black_billed_Cuckoo
training/031.Black_billed_Cuckoo/Black_Billed_Cuckoo_0066_26303,30,031.Black_billed_Cuckoo
training/031.Black_billed_Cuckoo/Black_Billed_Cuckoo_0069_795326,30,031.Black_billed_Cuckoo
training/031.Black_billed_Cuckoo/Black_Billed_Cuckoo_0074_795286,30,031.Black_billed_Cuckoo
training/031.Black_billed_Cuckoo/Black_Billed_Cuckoo_0087_795300,30,031.Black_billed_Cuckoo
training/031.Black_billed_Cuckoo/Black_Billed_Cuckoo_0088_26217,30,031.Black_billed_Cuckoo
training/031.Black_billed_Cuckoo/Black_Billed_Cuckoo_0090_26311,30,031.Black_billed_Cuckoo
training/031.Black_billed_Cuckoo/Black_Billed_Cuckoo_0093_795316,30,031.Black_billed_Cuckoo
training/032.Mangrove_Cuckoo/Mangrove_Cuckoo_0004_794614,31,032.Mangrove_Cuckoo
training/032.Mangrove_Cuckoo/Mangrove_Cuckoo_0012_26382,31,032.Mangrove_Cuckoo
training/032.Mangrove_Cuckoo/Mangrove_Cuckoo_0013_794620,31,032.Mangrove_Cuckoo
training/032.Mangrove_Cuckoo/Mangrove_Cuckoo_0019_794621,31,032.Mangrove_Cuckoo
training/032.Mangrove_Cuckoo/Mangrove_Cuckoo_0020_794629,31,032.Mangrove_Cuckoo
training/032.Mangrove_Cuckoo/Mangrove_Cuckoo_0031_26401,31,032.Mangrove_Cuckoo
training/032.Mangrove_Cuckoo/Mangrove_Cuckoo_0034_26415,31,032.Mangrove_Cuckoo
training/032.Mangrove_Cuckoo/Mangrove_Cuckoo_0039_26348,31,032.Mangrove_Cuckoo
training/032.Mangrove_Cuckoo/Mangrove_Cuckoo_0045_794612,31,032.Mangrove_Cuckoo
training/032.Mangrove_Cuckoo/Mangrove_Cuckoo_0046_794616,31,032.Mangrove_Cuckoo
training/033.Yellow_billed_Cuckoo/Yellow_Billed_Cuckoo_0009_26656,32,033.Yellow_billed_Cuckoo
training/033.Yellow_billed_Cuckoo/Yellow_Billed_Cuckoo_0026_26794,32,033.Yellow_billed_Cuckoo
training/033.Yellow_billed_Cuckoo/Yellow_Billed_Cuckoo_0028_26446,32,033.Yellow_billed_Cuckoo
training/033.Yellow_billed_Cuckoo/Yellow_Billed_Cuckoo_0032_26616,32,033.Yellow_billed_Cuckoo
training/033.Yellow_billed_Cuckoo/Yellow_Billed_Cuckoo_0034_26694,32,033.Yellow_billed_Cuckoo
training/033.Yellow_billed_Cuckoo/Yellow_Billed_Cuckoo_0045_26685,32,033.Yellow_billed_Cuckoo
training/033.Yellow_billed_Cuckoo/Yellow_Billed_Cuckoo_0049_26766,32,033.Yellow_billed_Cuckoo
training/033.Yellow_billed_Cuckoo/Yellow_Billed_Cuckoo_0050_26424,32,033.Yellow_billed_Cuckoo
training/033.Yellow_billed_Cuckoo/Yellow_Billed_Cuckoo_0092_26859,32,033.Yellow_billed_Cuckoo
training/033.Yellow_billed_Cuckoo/Yellow_Billed_Cuckoo_0121_26807,32,033.Yellow_billed_Cuckoo
training/034.Gray_crowned_Rosy_Finch/Gray_Crowned_Rosy_Finch_0025_797274,33,034.Gray_crowned_Rosy_Finch
training/034.Gray_crowned_Rosy_Finch/Gray_Crowned_Rosy_Finch_0038_797309,33,034.Gray_crowned_Rosy_Finch
training/034.Gray_crowned_Rosy_Finch/Gray_Crowned_Rosy_Finch_0042_27143,33,034.Gray_crowned_Rosy_Finch
training/034.Gray_crowned_Rosy_Finch/Gray_Crowned_Rosy_Finch_0044_26976,33,034.Gray_crowned_Rosy_Finch
training/034.Gray_crowned_Rosy_Finch/Gray_Crowned_Rosy_Finch_0046_797295,33,034.Gray_crowned_Rosy_Finch
training/034.Gray_crowned_Rosy_Finch/Gray_Crowned_Rosy_Finch_0047_797303,33,034.Gray_crowned_Rosy_Finch
training/034.Gray_crowned_Rosy_Finch/Gray_Crowned_Rosy_Finch_0052_27032,33,034.Gray_crowned_Rosy_Finch
training/034.Gray_crowned_Rosy_Finch/Gray_Crowned_Rosy_Finch_0055_27112,33,034.Gray_crowned_Rosy_Finch
training/034.Gray_crowned_Rosy_Finch/Gray_Crowned_Rosy_Finch_0063_27123,33,034.Gray_crowned_Rosy_Finch
training/034.Gray_crowned_Rosy_Finch/Gray_Crowned_Rosy_Finch_0074_27156,33,034.Gray_crowned_Rosy_Finch
training/035.Purple_Finch/Purple_Finch_0006_27950,34,035.Purple_Finch
training/035.Purple_Finch/Purple_Finch_0013_27506,34,035.Purple_Finch
training/035.Purple_Finch/Purple_Finch_0071_27443,34,035.Purple_Finch
training/035.Purple_Finch/Purple_Finch_0081_27913,34,035.Purple_Finch
training/035.Purple_Finch/Purple_Finch_0082_27639,34,035.Purple_Finch
training/035.Purple_Finch/Purple_Finch_0088_28076,34,035.Purple_Finch
training/035.Purple_Finch/Purple_Finch_0094_27323,34,035.Purple_Finch
training/035.Purple_Finch/Purple_Finch_0102_27308,34,035.Purple_Finch
training/035.Purple_Finch/Purple_Finch_0104_28088,34,035.Purple_Finch
training/035.Purple_Finch/Purple_Finch_0111_27293,34,035.Purple_Finch
training/036.Northern_Flicker/Northern_Flicker_0011_28466,35,036.Northern_Flicker
training/036.Northern_Flicker/Northern_Flicker_0036_28681,35,036.Northern_Flicker
training/036.Northern_Flicker/Northern_Flicker_0037_28751,35,036.Northern_Flicker
training/036.Northern_Flicker/Northern_Flicker_0050_28284,35,036.Northern_Flicker
training/036.Northern_Flicker/Northern_Flicker_0069_28924,35,036.Northern_Flicker
training/036.Northern_Flicker/Northern_Flicker_0078_28338,35,036.Northern_Flicker
training/036.Northern_Flicker/Northern_Flicker_0085_28378,35,036.Northern_Flicker
training/036.Northern_Flicker/Northern_Flicker_0106_28441,35,036.Northern_Flicker
training/036.Northern_Flicker/Northern_Flicker_0107_28667,35,036.Northern_Flicker
training/036.Northern_Flicker/Northern_Flicker_0111_28402,35,036.Northern_Flicker
training/037.Acadian_Flycatcher/Acadian_Flycatcher_0006_795595,36,037.Acadian_Flycatcher
training/037.Acadian_Flycatcher/Acadian_Flycatcher_0007_795600,36,037.Acadian_Flycatcher
training/037.Acadian_Flycatcher/Acadian_Flycatcher_0016_29217,36,037.Acadian_Flycatcher
training/037.Acadian_Flycatcher/Acadian_Flycatcher_0019_795592,36,037.Acadian_Flycatcher
training/037.Acadian_Flycatcher/Acadian_Flycatcher_0032_795622,36,037.Acadian_Flycatcher
training/037.Acadian_Flycatcher/Acadian_Flycatcher_0035_795618,36,037.Acadian_Flycatcher
training/037.Acadian_Flycatcher/Acadian_Flycatcher_0045_795587,36,037.Acadian_Flycatcher
training/037.Acadian_Flycatcher/Acadian_Flycatcher_0054_29113,36,037.Acadian_Flycatcher
training/037.Acadian_Flycatcher/Acadian_Flycatcher_0055_795609,36,037.Acadian_Flycatcher
training/037.Acadian_Flycatcher/Acadian_Flycatcher_0063_795585,36,037.Acadian_Flycatcher
training/038.Great_Crested_Flycatcher/Great_Crested_Flycatcher_0006_29362,37,038.Great_Crested_Flycatcher
training/038.Great_Crested_Flycatcher/Great_Crested_Flycatcher_0023_29481,37,038.Great_Crested_Flycatcher
training/038.Great_Crested_Flycatcher/Great_Crested_Flycatcher_0048_29586,37,038.Great_Crested_Flycatcher
training/038.Great_Crested_Flycatcher/Great_Crested_Flycatcher_0050_29786,37,038.Great_Crested_Flycatcher
training/038.Great_Crested_Flycatcher/Great_Crested_Flycatcher_0058_29523,37,038.Great_Crested_Flycatcher
training/038.Great_Crested_Flycatcher/Great_Crested_Flycatcher_0068_29416,37,038.Great_Crested_Flycatcher
training/038.Great_Crested_Flycatcher/Great_Crested_Flycatcher_0069_29603,37,038.Great_Crested_Flycatcher
training/038.Great_Crested_Flycatcher/Great_Crested_Flycatcher_0084_29716,37,038.Great_Crested_Flycatcher
training/038.Great_Crested_Flycatcher/Great_Crested_Flycatcher_0099_29305,37,038.Great_Crested_Flycatcher
training/038.Great_Crested_Flycatcher/Great_Crested_Flycatcher_0108_29712,37,038.Great_Crested_Flycatcher
training/039.Least_Flycatcher/Least_Flycatcher_0001_30221,38,039.Least_Flycatcher
training/039.Least_Flycatcher/Least_Flycatcher_0019_30358,38,039.Least_Flycatcher
training/039.Least_Flycatcher/Least_Flycatcher_0021_30355,38,039.Least_Flycatcher
training/039.Least_Flycatcher/Least_Flycatcher_0034_30151,38,039.Least_Flycatcher
training/039.Least_Flycatcher/Least_Flycatcher_0064_30328,38,039.Least_Flycatcher
training/039.Least_Flycatcher/Least_Flycatcher_0067_30397,38,039.Least_Flycatcher
training/039.Least_Flycatcher/Least_Flycatcher_0076_30117,38,039.Least_Flycatcher
training/039.Least_Flycatcher/Least_Flycatcher_0080_30457,38,039.Least_Flycatcher
training/039.Least_Flycatcher/Least_Flycatcher_0081_30380,38,039.Least_Flycatcher
training/039.Least_Flycatcher/Least_Flycatcher_0099_30200,38,039.Least_Flycatcher
training/040.Olive_sided_Flycatcher/Olive_Sided_Flycatcher_0001_30669,39,040.Olive_sided_Flycatcher
training/040.Olive_sided_Flycatcher/Olive_Sided_Flycatcher_0005_30734,39,040.Olive_sided_Flycatcher
training/040.Olive_sided_Flycatcher/Olive_Sided_Flycatcher_0012_796876,39,040.Olive_sided_Flycatcher
training/040.Olive_sided_Flycatcher/Olive_Sided_Flycatcher_0020_796881,39,040.Olive_sided_Flycatcher
training/040.Olive_sided_Flycatcher/Olive_Sided_Flycatcher_0022_30551,39,040.Olive_sided_Flycatcher
training/040.Olive_sided_Flycatcher/Olive_Sided_Flycatcher_0040_30620,39,040.Olive_sided_Flycatcher
training/040.Olive_sided_Flycatcher/Olive_Sided_Flycatcher_0049_796889,39,040.Olive_sided_Flycatcher
training/040.Olive_sided_Flycatcher/Olive_Sided_Flycatcher_0054_30732,39,040.Olive_sided_Flycatcher
training/040.Olive_sided_Flycatcher/Olive_Sided_Flycatcher_0076_30555,39,040.Olive_sided_Flycatcher
training/040.Olive_sided_Flycatcher/Olive_Sided_Flycatcher_0078_30752,39,040.Olive_sided_Flycatcher
training/041.Scissor_tailed_Flycatcher/Scissor_Tailed_Flycatcher_0002_41762,40,041.Scissor_tailed_Flycatcher
training/041.Scissor_tailed_Flycatcher/Scissor_Tailed_Flycatcher_0020_41680,40,041.Scissor_tailed_Flycatcher
training/041.Scissor_tailed_Flycatcher/Scissor_Tailed_Flycatcher_0028_42010,40,041.Scissor_tailed_Flycatcher
training/041.Scissor_tailed_Flycatcher/Scissor_Tailed_Flycatcher_0085_41830,40,041.Scissor_tailed_Flycatcher
training/041.Scissor_tailed_Flycatcher/Scissor_Tailed_Flycatcher_0089_41810,40,041.Scissor_tailed_Flycatcher
training/041.Scissor_tailed_Flycatcher/Scissor_Tailed_Flycatcher_0106_41684,40,041.Scissor_tailed_Flycatcher
training/041.Scissor_tailed_Flycatcher/Scissor_Tailed_Flycatcher_0114_41704,40,041.Scissor_tailed_Flycatcher
training/041.Scissor_tailed_Flycatcher/Scissor_Tailed_Flycatcher_0115_42137,40,041.Scissor_tailed_Flycatcher
training/041.Scissor_tailed_Flycatcher/Scissor_Tailed_Flycatcher_0119_41879,40,041.Scissor_tailed_Flycatcher
training/041.Scissor_tailed_Flycatcher/Scissor_Tailed_Flycatcher_0126_41905,40,041.Scissor_tailed_Flycatcher
training/042.Vermilion_Flycatcher/Vermilion_Flycatcher_0003_42316,41,042.Vermilion_Flycatcher
training/042.Vermilion_Flycatcher/Vermilion_Flycatcher_0012_42253,41,042.Vermilion_Flycatcher
training/042.Vermilion_Flycatcher/Vermilion_Flycatcher_0020_42498,41,042.Vermilion_Flycatcher
training/042.Vermilion_Flycatcher/Vermilion_Flycatcher_0036_42389,41,042.Vermilion_Flycatcher
training/042.Vermilion_Flycatcher/Vermilion_Flycatcher_0040_42398,41,042.Vermilion_Flycatcher
training/042.Vermilion_Flycatcher/Vermilion_Flycatcher_0054_42210,41,042.Vermilion_Flycatcher
training/042.Vermilion_Flycatcher/Vermilion_Flycatcher_0060_42293,41,042.Vermilion_Flycatcher
training/042.Vermilion_Flycatcher/Vermilion_Flycatcher_0061_42397,41,042.Vermilion_Flycatcher
training/042.Vermilion_Flycatcher/Vermilion_Flycatcher_0067_42185,41,042.Vermilion_Flycatcher
training/042.Vermilion_Flycatcher/Vermilion_Flycatcher_0069_42502,41,042.Vermilion_Flycatcher
training/043.Yellow_bellied_Flycatcher/Yellow_Bellied_Flycatcher_0016_795476,42,043.Yellow_bellied_Flycatcher
training/043.Yellow_bellied_Flycatcher/Yellow_Bellied_Flycatcher_0023_795478,42,043.Yellow_bellied_Flycatcher
training/043.Yellow_bellied_Flycatcher/Yellow_Bellied_Flycatcher_0034_795511,42,043.Yellow_bellied_Flycatcher
training/043.Yellow_bellied_Flycatcher/Yellow_Bellied_Flycatcher_0035_795464,42,043.Yellow_bellied_Flycatcher
training/043.Yellow_bellied_Flycatcher/Yellow_Bellied_Flycatcher_0037_795500,42,043.Yellow_bellied_Flycatcher
training/043.Yellow_bellied_Flycatcher/Yellow_Bellied_Flycatcher_0038_795477,42,043.Yellow_bellied_Flycatcher
training/043.Yellow_bellied_Flycatcher/Yellow_Bellied_Flycatcher_0044_795480,42,043.Yellow_bellied_Flycatcher
training/043.Yellow_bellied_Flycatcher/Yellow_Bellied_Flycatcher_0048_795505,42,043.Yellow_bellied_Flycatcher
training/043.Yellow_bellied_Flycatcher/Yellow_Bellied_Flycatcher_0057_795485,42,043.Yellow_bellied_Flycatcher
training/043.Yellow_bellied_Flycatcher/Yellow_Bellied_Flycatcher_0062_42693,42,043.Yellow_bellied_Flycatcher
training/044.Frigatebird/Frigatebird_0001_43101,43,044.Frigatebird
training/044.Frigatebird/Frigatebird_0006_43381,43,044.Frigatebird
training/044.Frigatebird/Frigatebird_0021_42913,43,044.Frigatebird
training/044.Frigatebird/Frigatebird_0040_42860,43,044.Frigatebird
training/044.Frigatebird/Frigatebird_0070_43516,43,044.Frigatebird
training/044.Frigatebird/Frigatebird_0080_43064,43,044.Frigatebird
training/044.Frigatebird/Frigatebird_0112_43394,43,044.Frigatebird
training/044.Frigatebird/Frigatebird_0114_42807,43,044.Frigatebird
training/044.Frigatebird/Frigatebird_0115_42973,43,044.Frigatebird
training/044.Frigatebird/Frigatebird_0119_43042,43,044.Frigatebird
training/045.Northern_Fulmar/Northern_Fulmar_0004_43755,44,045.Northern_Fulmar
training/045.Northern_Fulmar/Northern_Fulmar_0010_44112,44,045.Northern_Fulmar
training/045.Northern_Fulmar/Northern_Fulmar_0014_43895,44,045.Northern_Fulmar
training/045.Northern_Fulmar/Northern_Fulmar_0047_43698,44,045.Northern_Fulmar
training/045.Northern_Fulmar/Northern_Fulmar_0050_43839,44,045.Northern_Fulmar
training/045.Northern_Fulmar/Northern_Fulmar_0060_43813,44,045.Northern_Fulmar
training/045.Northern_Fulmar/Northern_Fulmar_0065_44081,44,045.Northern_Fulmar
training/045.Northern_Fulmar/Northern_Fulmar_0066_43714,44,045.Northern_Fulmar
training/045.Northern_Fulmar/Northern_Fulmar_0074_43955,44,045.Northern_Fulmar
training/045.Northern_Fulmar/Northern_Fulmar_0083_43618,44,045.Northern_Fulmar
training/046.Gadwall/Gadwall_0012_30920,45,046.Gadwall
training/046.Gadwall/Gadwall_0029_31637,45,046.Gadwall
training/046.Gadwall/Gadwall_0034_31212,45,046.Gadwall
training/046.Gadwall/Gadwall_0035_30985,45,046.Gadwall
training/046.Gadwall/Gadwall_0042_31411,45,046.Gadwall
training/046.Gadwall/Gadwall_0060_31686,45,046.Gadwall
training/046.Gadwall/Gadwall_0069_31291,45,046.Gadwall
training/046.Gadwall/Gadwall_0086_31346,45,046.Gadwall
training/046.Gadwall/Gadwall_0096_31560,45,046.Gadwall
training/046.Gadwall/Gadwall_0097_30893,45,046.Gadwall
training/047.American_Goldfinch/American_Goldfinch_0003_32236,46,047.American_Goldfinch
training/047.American_Goldfinch/American_Goldfinch_0014_32154,46,047.American_Goldfinch
training/047.American_Goldfinch/American_Goldfinch_0026_32222,46,047.American_Goldfinch
training/047.American_Goldfinch/American_Goldfinch_0043_31993,46,047.American_Goldfinch
training/047.American_Goldfinch/American_Goldfinch_0056_32169,46,047.American_Goldfinch
training/047.American_Goldfinch/American_Goldfinch_0086_31887,46,047.American_Goldfinch
training/047.American_Goldfinch/American_Goldfinch_0091_31938,46,047.American_Goldfinch
training/047.American_Goldfinch/American_Goldfinch_0092_32910,46,047.American_Goldfinch
training/047.American_Goldfinch/American_Goldfinch_0111_32022,46,047.American_Goldfinch
training/047.American_Goldfinch/American_Goldfinch_0135_32107,46,047.American_Goldfinch
training/048.European_Goldfinch/European_Goldfinch_0006_794661,47,048.European_Goldfinch
training/048.European_Goldfinch/European_Goldfinch_0012_794646,47,048.European_Goldfinch
training/048.European_Goldfinch/European_Goldfinch_0014_794672,47,048.European_Goldfinch
training/048.European_Goldfinch/European_Goldfinch_0030_33357,47,048.European_Goldfinch
training/048.European_Goldfinch/European_Goldfinch_0046_33307,47,048.European_Goldfinch
training/048.European_Goldfinch/European_Goldfinch_0052_33082,47,048.European_Goldfinch
training/048.European_Goldfinch/European_Goldfinch_0064_794670,47,048.European_Goldfinch
training/048.European_Goldfinch/European_Goldfinch_0068_33359,47,048.European_Goldfinch
training/048.European_Goldfinch/European_Goldfinch_0078_33170,47,048.European_Goldfinch
training/048.European_Goldfinch/European_Goldfinch_0100_794685,47,048.European_Goldfinch
training/049.Boat_tailed_Grackle/Boat_Tailed_Grackle_0016_33770,48,049.Boat_tailed_Grackle
training/049.Boat_tailed_Grackle/Boat_Tailed_Grackle_0041_33396,48,049.Boat_tailed_Grackle
training/049.Boat_tailed_Grackle/Boat_Tailed_Grackle_0043_33595,48,049.Boat_tailed_Grackle
training/049.Boat_tailed_Grackle/Boat_Tailed_Grackle_0050_33501,48,049.Boat_tailed_Grackle
training/049.Boat_tailed_Grackle/Boat_Tailed_Grackle_0073_33723,48,049.Boat_tailed_Grackle
training/049.Boat_tailed_Grackle/Boat_Tailed_Grackle_0089_33807,48,049.Boat_tailed_Grackle
training/049.Boat_tailed_Grackle/Boat_Tailed_Grackle_0097_33759,48,049.Boat_tailed_Grackle
training/049.Boat_tailed_Grackle/Boat_Tailed_Grackle_0100_33985,48,049.Boat_tailed_Grackle
training/049.Boat_tailed_Grackle/Boat_Tailed_Grackle_0112_33841,48,049.Boat_tailed_Grackle
training/049.Boat_tailed_Grackle/Boat_Tailed_Grackle_0113_33490,48,049.Boat_tailed_Grackle
training/050.Eared_Grebe/Eared_Grebe_0004_34277,49,050.Eared_Grebe
training/050.Eared_Grebe/Eared_Grebe_0006_34347,49,050.Eared_Grebe
training/050.Eared_Grebe/Eared_Grebe_0010_34151,49,050.Eared_Grebe
training/050.Eared_Grebe/Eared_Grebe_0029_34258,49,050.Eared_Grebe
training/050.Eared_Grebe/Eared_Grebe_0041_34157,49,050.Eared_Grebe
training/050.Eared_Grebe/Eared_Grebe_0053_34084,49,050.Eared_Grebe
training/050.Eared_Grebe/Eared_Grebe_0058_34174,49,050.Eared_Grebe
training/050.Eared_Grebe/Eared_Grebe_0061_34407,49,050.Eared_Grebe
training/050.Eared_Grebe/Eared_Grebe_0064_34251,49,050.Eared_Grebe
training/050.Eared_Grebe/Eared_Grebe_0068_34052,49,050.Eared_Grebe
training/051.Horned_Grebe/Horned_Grebe_0006_34718,50,051.Horned_Grebe
training/051.Horned_Grebe/Horned_Grebe_0031_34626,50,051.Horned_Grebe
training/051.Horned_Grebe/Horned_Grebe_0039_34848,50,051.Horned_Grebe
training/051.Horned_Grebe/Horned_Grebe_0066_34738,50,051.Horned_Grebe
training/051.Horned_Grebe/Horned_Grebe_0068_35111,50,051.Horned_Grebe
training/051.Horned_Grebe/Horned_Grebe_0076_34841,50,051.Horned_Grebe
training/051.Horned_Grebe/Horned_Grebe_0088_35023,50,051.Horned_Grebe
training/051.Horned_Grebe/Horned_Grebe_0099_34989,50,051.Horned_Grebe
training/051.Horned_Grebe/Horned_Grebe_0103_34822,50,051.Horned_Grebe
training/051.Horned_Grebe/Horned_Grebe_0112_34864,50,051.Horned_Grebe
training/052.Pied_billed_Grebe/Pied_Billed_Grebe_0033_35379,51,052.Pied_billed_Grebe
training/052.Pied_billed_Grebe/Pied_Billed_Grebe_0048_35670,51,052.Pied_billed_Grebe
training/052.Pied_billed_Grebe/Pied_Billed_Grebe_0058_35503,51,052.Pied_billed_Grebe
training/052.Pied_billed_Grebe/Pied_Billed_Grebe_0070_35472,51,052.Pied_billed_Grebe
training/052.Pied_billed_Grebe/Pied_Billed_Grebe_0076_35432,51,052.Pied_billed_Grebe
training/052.Pied_billed_Grebe/Pied_Billed_Grebe_0099_35872,51,052.Pied_billed_Grebe
training/052.Pied_billed_Grebe/Pied_Billed_Grebe_0113_35703,51,052.Pied_billed_Grebe
training/052.Pied_billed_Grebe/Pied_Billed_Grebe_0114_35493,51,052.Pied_billed_Grebe
training/052.Pied_billed_Grebe/Pied_Billed_Grebe_0122_35970,51,052.Pied_billed_Grebe
training/052.Pied_billed_Grebe/Pied_Billed_Grebe_0123_35469,51,052.Pied_billed_Grebe
training/053.Western_Grebe/Western_Grebe_0014_36185,52,053.Western_Grebe
training/053.Western_Grebe/Western_Grebe_0017_36218,52,053.Western_Grebe
training/053.Western_Grebe/Western_Grebe_0025_36251,52,053.Western_Grebe
training/053.Western_Grebe/Western_Grebe_0032_36439,52,053.Western_Grebe
training/053.Western_Grebe/Western_Grebe_0050_36163,52,053.Western_Grebe
training/053.Western_Grebe/Western_Grebe_0061_36181,52,053.Western_Grebe
training/053.Western_Grebe/Western_Grebe_0070_36162,52,053.Western_Grebe
training/053.Western_Grebe/Western_Grebe_0088_36428,52,053.Western_Grebe
training/053.Western_Grebe/Western_Grebe_0092_36121,52,053.Western_Grebe
training/053.Western_Grebe/Western_Grebe_0093_36193,52,053.Western_Grebe
training/054.Blue_Grosbeak/Blue_Grosbeak_0009_36992,53,054.Blue_Grosbeak
training/054.Blue_Grosbeak/Blue_Grosbeak_0010_37108,53,054.Blue_Grosbeak
training/054.Blue_Grosbeak/Blue_Grosbeak_0023_37069,53,054.Blue_Grosbeak
training/054.Blue_Grosbeak/Blue_Grosbeak_0029_37197,53,054.Blue_Grosbeak
training/054.Blue_Grosbeak/Blue_Grosbeak_0045_36672,53,054.Blue_Grosbeak
training/054.Blue_Grosbeak/Blue_Grosbeak_0086_36818,53,054.Blue_Grosbeak
training/054.Blue_Grosbeak/Blue_Grosbeak_0093_37107,53,054.Blue_Grosbeak
training/054.Blue_Grosbeak/Blue_Grosbeak_0101_36719,53,054.Blue_Grosbeak
training/054.Blue_Grosbeak/Blue_Grosbeak_0103_36673,53,054.Blue_Grosbeak
training/054.Blue_Grosbeak/Blue_Grosbeak_0107_36696,53,054.Blue_Grosbeak
training/055.Evening_Grosbeak/Evening_Grosbeak_0011_37913,54,055.Evening_Grosbeak
training/055.Evening_Grosbeak/Evening_Grosbeak_0033_37707,54,055.Evening_Grosbeak
training/055.Evening_Grosbeak/Evening_Grosbeak_0034_37349,54,055.Evening_Grosbeak
training/055.Evening_Grosbeak/Evening_Grosbeak_0041_37928,54,055.Evening_Grosbeak
training/055.Evening_Grosbeak/Evening_Grosbeak_0075_37302,54,055.Evening_Grosbeak
training/055.Evening_Grosbeak/Evening_Grosbeak_0093_37608,54,055.Evening_Grosbeak
training/055.Evening_Grosbeak/Evening_Grosbeak_0101_37697,54,055.Evening_Grosbeak
training/055.Evening_Grosbeak/Evening_Grosbeak_0112_37922,54,055.Evening_Grosbeak
training/055.Evening_Grosbeak/Evening_Grosbeak_0115_37490,54,055.Evening_Grosbeak
training/055.Evening_Grosbeak/Evening_Grosbeak_0122_37864,54,055.Evening_Grosbeak
training/056.Pine_Grosbeak/Pine_Grosbeak_0006_38421,55,056.Pine_Grosbeak
training/056.Pine_Grosbeak/Pine_Grosbeak_0033_38945,55,056.Pine_Grosbeak
training/056.Pine_Grosbeak/Pine_Grosbeak_0058_38431,55,056.Pine_Grosbeak
training/056.Pine_Grosbeak/Pine_Grosbeak_0059_38581,55,056.Pine_Grosbeak
training/056.Pine_Grosbeak/Pine_Grosbeak_0078_38242,55,056.Pine_Grosbeak
training/056.Pine_Grosbeak/Pine_Grosbeak_0082_38552,55,056.Pine_Grosbeak
training/056.Pine_Grosbeak/Pine_Grosbeak_0088_38830,55,056.Pine_Grosbeak
training/056.Pine_Grosbeak/Pine_Grosbeak_0100_38988,55,056.Pine_Grosbeak
training/056.Pine_Grosbeak/Pine_Grosbeak_0105_38210,55,056.Pine_Grosbeak
training/056.Pine_Grosbeak/Pine_Grosbeak_0114_38259,55,056.Pine_Grosbeak
training/057.Rose_breasted_Grosbeak/Rose_Breasted_Grosbeak_0011_39207,56,057.Rose_breasted_Grosbeak
training/057.Rose_breasted_Grosbeak/Rose_Breasted_Grosbeak_0012_39149,56,057.Rose_breasted_Grosbeak
training/057.Rose_breasted_Grosbeak/Rose_Breasted_Grosbeak_0019_39274,56,057.Rose_breasted_Grosbeak
training/057.Rose_breasted_Grosbeak/Rose_Breasted_Grosbeak_0024_39398,56,057.Rose_breasted_Grosbeak
training/057.Rose_breasted_Grosbeak/Rose_Breasted_Grosbeak_0047_39407,56,057.Rose_breasted_Grosbeak
training/057.Rose_breasted_Grosbeak/Rose_Breasted_Grosbeak_0062_39234,56,057.Rose_breasted_Grosbeak
training/057.Rose_breasted_Grosbeak/Rose_Breasted_Grosbeak_0075_39795,56,057.Rose_breasted_Grosbeak
training/057.Rose_breasted_Grosbeak/Rose_Breasted_Grosbeak_0088_39035,56,057.Rose_breasted_Grosbeak
training/057.Rose_breasted_Grosbeak/Rose_Breasted_Grosbeak_0106_39714,56,057.Rose_breasted_Grosbeak
training/057.Rose_breasted_Grosbeak/Rose_Breasted_Grosbeak_0114_39770,56,057.Rose_breasted_Grosbeak
training/058.Pigeon_Guillemot/Pigeon_Guillemot_0005_40375,57,058.Pigeon_Guillemot
training/058.Pigeon_Guillemot/Pigeon_Guillemot_0025_40511,57,058.Pigeon_Guillemot
training/058.Pigeon_Guillemot/Pigeon_Guillemot_0028_40046,57,058.Pigeon_Guillemot
training/058.Pigeon_Guillemot/Pigeon_Guillemot_0041_39807,57,058.Pigeon_Guillemot
training/058.Pigeon_Guillemot/Pigeon_Guillemot_0053_39876,57,058.Pigeon_Guillemot
training/058.Pigeon_Guillemot/Pigeon_Guillemot_0068_40039,57,058.Pigeon_Guillemot
training/058.Pigeon_Guillemot/Pigeon_Guillemot_0069_40278,57,058.Pigeon_Guillemot
training/058.Pigeon_Guillemot/Pigeon_Guillemot_0073_40209,57,058.Pigeon_Guillemot
training/058.Pigeon_Guillemot/Pigeon_Guillemot_0084_40217,57,058.Pigeon_Guillemot
training/058.Pigeon_Guillemot/Pigeon_Guillemot_0098_39902,57,058.Pigeon_Guillemot
training/059.California_Gull/California_Gull_0012_41272,58,059.California_Gull
training/059.California_Gull/California_Gull_0025_41479,58,059.California_Gull
training/059.California_Gull/California_Gull_0053_41011,58,059.California_Gull
training/059.California_Gull/California_Gull_0059_40764,58,059.California_Gull
training/059.California_Gull/California_Gull_0076_40788,58,059.California_Gull
training/059.California_Gull/California_Gull_0092_41300,58,059.California_Gull
training/059.California_Gull/California_Gull_0093_41111,58,059.California_Gull
training/059.California_Gull/California_Gull_0103_41044,58,059.California_Gull
training/059.California_Gull/California_Gull_0111_41033,58,059.California_Gull
training/059.California_Gull/California_Gull_0135_41383,58,059.California_Gull
training/060.Glaucous_winged_Gull/Glaucous_Winged_Gull_0005_44860,59,060.Glaucous_winged_Gull
training/060.Glaucous_winged_Gull/Glaucous_Winged_Gull_0012_44264,59,060.Glaucous_winged_Gull
training/060.Glaucous_winged_Gull/Glaucous_Winged_Gull_0051_44543,59,060.Glaucous_winged_Gull
training/060.Glaucous_winged_Gull/Glaucous_Winged_Gull_0067_45156,59,060.Glaucous_winged_Gull
training/060.Glaucous_winged_Gull/Glaucous_Winged_Gull_0078_44461,59,060.Glaucous_winged_Gull
training/060.Glaucous_winged_Gull/Glaucous_Winged_Gull_0086_44268,59,060.Glaucous_winged_Gull
training/060.Glaucous_winged_Gull/Glaucous_Winged_Gull_0096_45012,59,060.Glaucous_winged_Gull
training/060.Glaucous_winged_Gull/Glaucous_Winged_Gull_0127_44258,59,060.Glaucous_winged_Gull
training/060.Glaucous_winged_Gull/Glaucous_Winged_Gull_0133_44738,59,060.Glaucous_winged_Gull
training/060.Glaucous_winged_Gull/Glaucous_Winged_Gull_0134_44743,59,060.Glaucous_winged_Gull
training/061.Heermann_Gull/Heermann_Gull_0035_45754,60,061.Heermann_Gull
training/061.Heermann_Gull/Heermann_Gull_0043_45939,60,061.Heermann_Gull
training/061.Heermann_Gull/Heermann_Gull_0056_45751,60,061.Heermann_Gull
training/061.Heermann_Gull/Heermann_Gull_0073_45714,60,061.Heermann_Gull
training/061.Heermann_Gull/Heermann_Gull_0077_45711,60,061.Heermann_Gull
training/061.Heermann_Gull/Heermann_Gull_0086_45304,60,061.Heermann_Gull
training/061.Heermann_Gull/Heermann_Gull_0089_45679,60,061.Heermann_Gull
training/061.Heermann_Gull/Heermann_Gull_0131_45548,60,061.Heermann_Gull
training/061.Heermann_Gull/Heermann_Gull_0135_45283,60,061.Heermann_Gull
training/061.Heermann_Gull/Heermann_Gull_0142_45798,60,061.Heermann_Gull
training/062.Herring_Gull/Herring_Gull_0004_48046,61,062.Herring_Gull
training/062.Herring_Gull/Herring_Gull_0014_47814,61,062.Herring_Gull
training/062.Herring_Gull/Herring_Gull_0026_48041,61,062.Herring_Gull
training/062.Herring_Gull/Herring_Gull_0054_46164,61,062.Herring_Gull
training/062.Herring_Gull/Herring_Gull_0064_47832,61,062.Herring_Gull
training/062.Herring_Gull/Herring_Gull_0084_46406,61,062.Herring_Gull
training/062.Herring_Gull/Herring_Gull_0100_46677,61,062.Herring_Gull
training/062.Herring_Gull/Herring_Gull_0116_47222,61,062.Herring_Gull
training/062.Herring_Gull/Herring_Gull_0130_46675,61,062.Herring_Gull
training/062.Herring_Gull/Herring_Gull_0140_46455,61,062.Herring_Gull
training/063.Ivory_Gull/Ivory_Gull_0005_49021,62,063.Ivory_Gull
training/063.Ivory_Gull/Ivory_Gull_0027_48974,62,063.Ivory_Gull
training/063.Ivory_Gull/Ivory_Gull_0035_49523,62,063.Ivory_Gull
training/063.Ivory_Gull/Ivory_Gull_0039_49412,62,063.Ivory_Gull
training/063.Ivory_Gull/Ivory_Gull_0040_49180,62,063.Ivory_Gull
training/063.Ivory_Gull/Ivory_Gull_0055_49353,62,063.Ivory_Gull
training/063.Ivory_Gull/Ivory_Gull_0065_49566,62,063.Ivory_Gull
training/063.Ivory_Gull/Ivory_Gull_0104_49666,62,063.Ivory_Gull
training/063.Ivory_Gull/Ivory_Gull_0107_49186,62,063.Ivory_Gull
training/063.Ivory_Gull/Ivory_Gull_0117_49227,62,063.Ivory_Gull
training/064.Ring_billed_Gull/Ring_Billed_Gull_0003_51480,63,064.Ring_billed_Gull
training/064.Ring_billed_Gull/Ring_Billed_Gull_0017_51412,63,064.Ring_billed_Gull
training/064.Ring_billed_Gull/Ring_Billed_Gull_0033_51288,63,064.Ring_billed_Gull
training/064.Ring_billed_Gull/Ring_Billed_Gull_0052_51357,63,064.Ring_billed_Gull
training/064.Ring_billed_Gull/Ring_Billed_Gull_0055_51156,63,064.Ring_billed_Gull
training/064.Ring_billed_Gull/Ring_Billed_Gull_0092_51521,63,064.Ring_billed_Gull
training/064.Ring_billed_Gull/Ring_Billed_Gull_0101_51375,63,064.Ring_billed_Gull
training/064.Ring_billed_Gull/Ring_Billed_Gull_0108_51108,63,064.Ring_billed_Gull
training/064.Ring_billed_Gull/Ring_Billed_Gull_0125_51307,63,064.Ring_billed_Gull
training/064.Ring_billed_Gull/Ring_Billed_Gull_0131_51370,63,064.Ring_billed_Gull
training/065.Slaty_backed_Gull/Slaty_Backed_Gull_0002_53238,64,065.Slaty_backed_Gull
training/065.Slaty_backed_Gull/Slaty_Backed_Gull_0030_796003,64,065.Slaty_backed_Gull
training/065.Slaty_backed_Gull/Slaty_Backed_Gull_0031_796029,64,065.Slaty_backed_Gull
training/065.Slaty_backed_Gull/Slaty_Backed_Gull_0032_796046,64,065.Slaty_backed_Gull
training/065.Slaty_backed_Gull/Slaty_Backed_Gull_0053_796051,64,065.Slaty_backed_Gull
training/065.Slaty_backed_Gull/Slaty_Backed_Gull_0056_796013,64,065.Slaty_backed_Gull
training/065.Slaty_backed_Gull/Slaty_Backed_Gull_0068_53206,64,065.Slaty_backed_Gull
training/065.Slaty_backed_Gull/Slaty_Backed_Gull_0072_53314,64,065.Slaty_backed_Gull
training/065.Slaty_backed_Gull/Slaty_Backed_Gull_0081_53264,64,065.Slaty_backed_Gull
training/065.Slaty_backed_Gull/Slaty_Backed_Gull_0086_786387,64,065.Slaty_backed_Gull
training/066.Western_Gull/Western_Gull_0004_55605,65,066.Western_Gull
training/066.Western_Gull/Western_Gull_0030_54083,65,066.Western_Gull
training/066.Western_Gull/Western_Gull_0042_53843,65,066.Western_Gull
training/066.Western_Gull/Western_Gull_0052_53485,65,066.Western_Gull
training/066.Western_Gull/Western_Gull_0073_54118,65,066.Western_Gull
training/066.Western_Gull/Western_Gull_0089_55306,65,066.Western_Gull
training/066.Western_Gull/Western_Gull_0093_54925,65,066.Western_Gull
training/066.Western_Gull/Western_Gull_0097_54508,65,066.Western_Gull
training/066.Western_Gull/Western_Gull_0122_40866,65,066.Western_Gull
training/066.Western_Gull/Western_Gull_0131_53349,65,066.Western_Gull
training/067.Anna_Hummingbird/Anna_Hummingbird_0006_55871,66,067.Anna_Hummingbird
training/067.Anna_Hummingbird/Anna_Hummingbird_0017_56954,66,067.Anna_Hummingbird
training/067.Anna_Hummingbird/Anna_Hummingbird_0021_55763,66,067.Anna_Hummingbird
training/067.Anna_Hummingbird/Anna_Hummingbird_0044_56066,66,067.Anna_Hummingbird
training/067.Anna_Hummingbird/Anna_Hummingbird_0052_56344,66,067.Anna_Hummingbird
training/067.Anna_Hummingbird/Anna_Hummingbird_0094_56092,66,067.Anna_Hummingbird
training/067.Anna_Hummingbird/Anna_Hummingbird_0112_56353,66,067.Anna_Hummingbird
training/067.Anna_Hummingbird/Anna_Hummingbird_0113_56296,66,067.Anna_Hummingbird
training/067.Anna_Hummingbird/Anna_Hummingbird_0121_56436,66,067.Anna_Hummingbird
training/067.Anna_Hummingbird/Anna_Hummingbird_0127_56520,66,067.Anna_Hummingbird
training/068.Ruby_throated_Hummingbird/Ruby_Throated_Hummingbird_0003_58269,67,068.Ruby_throated_Hummingbird
training/068.Ruby_throated_Hummingbird/Ruby_Throated_Hummingbird_0010_58285,67,068.Ruby_throated_Hummingbird
training/068.Ruby_throated_Hummingbird/Ruby_Throated_Hummingbird_0042_57431,67,068.Ruby_throated_Hummingbird
training/068.Ruby_throated_Hummingbird/Ruby_Throated_Hummingbird_0045_57347,67,068.Ruby_throated_Hummingbird
training/068.Ruby_throated_Hummingbird/Ruby_Throated_Hummingbird_0054_57364,67,068.Ruby_throated_Hummingbird
training/068.Ruby_throated_Hummingbird/Ruby_Throated_Hummingbird_0079_58075,67,068.Ruby_throated_Hummingbird
training/068.Ruby_throated_Hummingbird/Ruby_Throated_Hummingbird_0088_57366,67,068.Ruby_throated_Hummingbird
training/068.Ruby_throated_Hummingbird/Ruby_Throated_Hummingbird_0106_57976,67,068.Ruby_throated_Hummingbird
training/068.Ruby_throated_Hummingbird/Ruby_Throated_Hummingbird_0110_57851,67,068.Ruby_throated_Hummingbird
training/068.Ruby_throated_Hummingbird/Ruby_Throated_Hummingbird_0117_58092,67,068.Ruby_throated_Hummingbird
training/069.Rufous_Hummingbird/Rufous_Hummingbird_0006_59621,68,069.Rufous_Hummingbird
training/069.Rufous_Hummingbird/Rufous_Hummingbird_0018_59447,68,069.Rufous_Hummingbird
training/069.Rufous_Hummingbird/Rufous_Hummingbird_0024_59636,68,069.Rufous_Hummingbird
training/069.Rufous_Hummingbird/Rufous_Hummingbird_0025_59461,68,069.Rufous_Hummingbird
training/069.Rufous_Hummingbird/Rufous_Hummingbird_0035_59434,68,069.Rufous_Hummingbird
training/069.Rufous_Hummingbird/Rufous_Hummingbird_0043_58652,68,069.Rufous_Hummingbird
training/069.Rufous_Hummingbird/Rufous_Hummingbird_0045_59533,68,069.Rufous_Hummingbird
training/069.Rufous_Hummingbird/Rufous_Hummingbird_0064_58509,68,069.Rufous_Hummingbird
training/069.Rufous_Hummingbird/Rufous_Hummingbird_0077_59452,68,069.Rufous_Hummingbird
training/069.Rufous_Hummingbird/Rufous_Hummingbird_0111_59408,68,069.Rufous_Hummingbird
training/070.Green_Violetear/Green_Violetear_0009_795647,69,070.Green_Violetear
training/070.Green_Violetear/Green_Violetear_0021_795632,69,070.Green_Violetear
training/070.Green_Violetear/Green_Violetear_0027_60841,69,070.Green_Violetear
training/070.Green_Violetear/Green_Violetear_0041_795648,69,070.Green_Violetear
training/070.Green_Violetear/Green_Violetear_0050_795633,69,070.Green_Violetear
training/070.Green_Violetear/Green_Violetear_0067_795674,69,070.Green_Violetear
training/070.Green_Violetear/Green_Violetear_0080_795716,69,070.Green_Violetear
training/070.Green_Violetear/Green_Violetear_0084_795641,69,070.Green_Violetear
training/070.Green_Violetear/Green_Violetear_0105_795694,69,070.Green_Violetear
training/070.Green_Violetear/Green_Violetear_0108_795711,69,070.Green_Violetear
training/071.Long_tailed_Jaeger/Long_Tailed_Jaeger_0005_797062,70,071.Long_tailed_Jaeger
training/071.Long_tailed_Jaeger/Long_Tailed_Jaeger_0006_797065,70,071.Long_tailed_Jaeger
training/071.Long_tailed_Jaeger/Long_Tailed_Jaeger_0009_797070,70,071.Long_tailed_Jaeger
training/071.Long_tailed_Jaeger/Long_Tailed_Jaeger_0022_797074,70,071.Long_tailed_Jaeger
training/071.Long_tailed_Jaeger/Long_Tailed_Jaeger_0038_797077,70,071.Long_tailed_Jaeger
training/071.Long_tailed_Jaeger/Long_Tailed_Jaeger_0039_797089,70,071.Long_tailed_Jaeger
training/071.Long_tailed_Jaeger/Long_Tailed_Jaeger_0041_60891,70,071.Long_tailed_Jaeger
training/071.Long_tailed_Jaeger/Long_Tailed_Jaeger_0053_60906,70,071.Long_tailed_Jaeger
training/071.Long_tailed_Jaeger/Long_Tailed_Jaeger_0054_797088,70,071.Long_tailed_Jaeger
training/071.Long_tailed_Jaeger/Long_Tailed_Jaeger_0061_61049,70,071.Long_tailed_Jaeger
training/072.Pomarine_Jaeger/Pomarine_Jaeger_0007_795764,71,072.Pomarine_Jaeger
training/072.Pomarine_Jaeger/Pomarine_Jaeger_0020_795761,71,072.Pomarine_Jaeger
training/072.Pomarine_Jaeger/Pomarine_Jaeger_0022_795747,71,072.Pomarine_Jaeger
training/072.Pomarine_Jaeger/Pomarine_Jaeger_0024_61281,71,072.Pomarine_Jaeger
training/072.Pomarine_Jaeger/Pomarine_Jaeger_0026_61273,71,072.Pomarine_Jaeger
training/072.Pomarine_Jaeger/Pomarine_Jaeger_0031_61420,71,072.Pomarine_Jaeger
training/072.Pomarine_Jaeger/Pomarine_Jaeger_0041_61305,71,072.Pomarine_Jaeger
training/072.Pomarine_Jaeger/Pomarine_Jaeger_0046_61301,71,072.Pomarine_Jaeger
training/072.Pomarine_Jaeger/Pomarine_Jaeger_0060_795756,71,072.Pomarine_Jaeger
training/072.Pomarine_Jaeger/Pomarine_Jaeger_0079_61370,71,072.Pomarine_Jaeger
training/073.Blue_Jay/Blue_Jay_0009_62873,72,073.Blue_Jay
training/073.Blue_Jay/Blue_Jay_0010_61939,72,073.Blue_Jay
training/073.Blue_Jay/Blue_Jay_0013_61463,72,073.Blue_Jay
training/073.Blue_Jay/Blue_Jay_0022_63074,72,073.Blue_Jay
training/073.Blue_Jay/Blue_Jay_0027_63133,72,073.Blue_Jay
training/073.Blue_Jay/Blue_Jay_0052_63148,72,073.Blue_Jay
training/073.Blue_Jay/Blue_Jay_0054_61656,72,073.Blue_Jay
training/073.Blue_Jay/Blue_Jay_0086_63394,72,073.Blue_Jay
training/073.Blue_Jay/Blue_Jay_0089_61521,72,073.Blue_Jay
training/073.Blue_Jay/Blue_Jay_0099_64435,72,073.Blue_Jay
training/074.Florida_Jay/Florida_Jay_0018_64994,73,074.Florida_Jay
training/074.Florida_Jay/Florida_Jay_0021_64698,73,074.Florida_Jay
training/074.Florida_Jay/Florida_Jay_0047_65088,73,074.Florida_Jay
training/074.Florida_Jay/Florida_Jay_0050_65099,73,074.Florida_Jay
training/074.Florida_Jay/Florida_Jay_0053_64966,73,074.Florida_Jay
training/074.Florida_Jay/Florida_Jay_0081_64859,73,074.Florida_Jay
training/074.Florida_Jay/Florida_Jay_0092_64924,73,074.Florida_Jay
training/074.Florida_Jay/Florida_Jay_0093_64675,73,074.Florida_Jay
training/074.Florida_Jay/Florida_Jay_0108_64694,73,074.Florida_Jay
training/074.Florida_Jay/Florida_Jay_0109_64558,73,074.Florida_Jay
training/075.Green_Jay/Green_Jay_0006_65788,74,075.Green_Jay
training/075.Green_Jay/Green_Jay_0039_66118,74,075.Green_Jay
training/075.Green_Jay/Green_Jay_0040_65863,74,075.Green_Jay
training/075.Green_Jay/Green_Jay_0044_66228,74,075.Green_Jay
training/075.Green_Jay/Green_Jay_0055_65807,74,075.Green_Jay
training/075.Green_Jay/Green_Jay_0066_65902,74,075.Green_Jay
training/075.Green_Jay/Green_Jay_0085_66077,74,075.Green_Jay
training/075.Green_Jay/Green_Jay_0086_65847,74,075.Green_Jay
training/075.Green_Jay/Green_Jay_0114_65841,74,075.Green_Jay
training/075.Green_Jay/Green_Jay_0121_65564,74,075.Green_Jay
training/076.Dark_eyed_Junco/Dark_Eyed_Junco_0008_68321,75,076.Dark_eyed_Junco
training/076.Dark_eyed_Junco/Dark_Eyed_Junco_0013_66332,75,076.Dark_eyed_Junco
training/076.Dark_eyed_Junco/Dark_Eyed_Junco_0048_66981,75,076.Dark_eyed_Junco
training/076.Dark_eyed_Junco/Dark_Eyed_Junco_0056_67498,75,076.Dark_eyed_Junco
training/076.Dark_eyed_Junco/Dark_Eyed_Junco_0061_66858,75,076.Dark_eyed_Junco
training/076.Dark_eyed_Junco/Dark_Eyed_Junco_0071_67426,75,076.Dark_eyed_Junco
training/076.Dark_eyed_Junco/Dark_Eyed_Junco_0072_67810,75,076.Dark_eyed_Junco
training/076.Dark_eyed_Junco/Dark_Eyed_Junco_0081_67223,75,076.Dark_eyed_Junco
training/076.Dark_eyed_Junco/Dark_Eyed_Junco_0090_69051,75,076.Dark_eyed_Junco
training/076.Dark_eyed_Junco/Dark_Eyed_Junco_0096_68514,75,076.Dark_eyed_Junco
training/077.Tropical_Kingbird/Tropical_Kingbird_0001_69958,76,077.Tropical_Kingbird
training/077.Tropical_Kingbird/Tropical_Kingbird_0003_69852,76,077.Tropical_Kingbird
training/077.Tropical_Kingbird/Tropical_Kingbird_0004_69659,76,077.Tropical_Kingbird
training/077.Tropical_Kingbird/Tropical_Kingbird_0011_69877,76,077.Tropical_Kingbird
training/077.Tropical_Kingbird/Tropical_Kingbird_0056_69509,76,077.Tropical_Kingbird
training/077.Tropical_Kingbird/Tropical_Kingbird_0074_69949,76,077.Tropical_Kingbird
training/077.Tropical_Kingbird/Tropical_Kingbird_0081_69656,76,077.Tropical_Kingbird
training/077.Tropical_Kingbird/Tropical_Kingbird_0087_69592,76,077.Tropical_Kingbird
training/077.Tropical_Kingbird/Tropical_Kingbird_0096_69684,76,077.Tropical_Kingbird
training/077.Tropical_Kingbird/Tropical_Kingbird_0102_69654,76,077.Tropical_Kingbird
training/078.Gray_Kingbird/Gray_Kingbird_0003_70305,77,078.Gray_Kingbird
training/078.Gray_Kingbird/Gray_Kingbird_0009_795023,77,078.Gray_Kingbird
training/078.Gray_Kingbird/Gray_Kingbird_0016_70288,77,078.Gray_Kingbird
training/078.Gray_Kingbird/Gray_Kingbird_0026_70089,77,078.Gray_Kingbird
training/078.Gray_Kingbird/Gray_Kingbird_0028_70303,77,078.Gray_Kingbird
training/078.Gray_Kingbird/Gray_Kingbird_0041_70119,77,078.Gray_Kingbird
training/078.Gray_Kingbird/Gray_Kingbird_0050_70056,77,078.Gray_Kingbird
training/078.Gray_Kingbird/Gray_Kingbird_0059_795030,77,078.Gray_Kingbird
training/078.Gray_Kingbird/Gray_Kingbird_0069_70082,77,078.Gray_Kingbird
training/078.Gray_Kingbird/Gray_Kingbird_0071_70100,77,078.Gray_Kingbird
training/079.Belted_Kingfisher/Belted_Kingfisher_0011_70923,78,079.Belted_Kingfisher
training/079.Belted_Kingfisher/Belted_Kingfisher_0035_70644,78,079.Belted_Kingfisher
training/079.Belted_Kingfisher/Belted_Kingfisher_0040_70432,78,079.Belted_Kingfisher
training/079.Belted_Kingfisher/Belted_Kingfisher_0041_70595,78,079.Belted_Kingfisher
training/079.Belted_Kingfisher/Belted_Kingfisher_0043_70492,78,079.Belted_Kingfisher
training/079.Belted_Kingfisher/Belted_Kingfisher_0047_70705,78,079.Belted_Kingfisher
training/079.Belted_Kingfisher/Belted_Kingfisher_0053_70899,78,079.Belted_Kingfisher
training/079.Belted_Kingfisher/Belted_Kingfisher_0056_70516,78,079.Belted_Kingfisher
training/079.Belted_Kingfisher/Belted_Kingfisher_0075_70873,78,079.Belted_Kingfisher
training/079.Belted_Kingfisher/Belted_Kingfisher_0080_70725,78,079.Belted_Kingfisher
training/080.Green_Kingfisher/Green_Kingfisher_0016_71198,79,080.Green_Kingfisher
training/080.Green_Kingfisher/Green_Kingfisher_0018_71189,79,080.Green_Kingfisher
training/080.Green_Kingfisher/Green_Kingfisher_0027_71048,79,080.Green_Kingfisher
training/080.Green_Kingfisher/Green_Kingfisher_0031_71229,79,080.Green_Kingfisher
training/080.Green_Kingfisher/Green_Kingfisher_0056_70972,79,080.Green_Kingfisher
training/080.Green_Kingfisher/Green_Kingfisher_0059_71119,79,080.Green_Kingfisher
training/080.Green_Kingfisher/Green_Kingfisher_0067_71093,79,080.Green_Kingfisher
training/080.Green_Kingfisher/Green_Kingfisher_0096_71080,79,080.Green_Kingfisher
training/080.Green_Kingfisher/Green_Kingfisher_0097_71102,79,080.Green_Kingfisher
training/080.Green_Kingfisher/Green_Kingfisher_0099_70942,79,080.Green_Kingfisher
training/081.Pied_Kingfisher/Pied_Kingfisher_0007_72438,80,081.Pied_Kingfisher
training/081.Pied_Kingfisher/Pied_Kingfisher_0011_72143,80,081.Pied_Kingfisher
training/081.Pied_Kingfisher/Pied_Kingfisher_0046_72156,80,081.Pied_Kingfisher
training/081.Pied_Kingfisher/Pied_Kingfisher_0051_71429,80,081.Pied_Kingfisher
training/081.Pied_Kingfisher/Pied_Kingfisher_0061_72193,80,081.Pied_Kingfisher
training/081.Pied_Kingfisher/Pied_Kingfisher_0073_72508,80,081.Pied_Kingfisher
training/081.Pied_Kingfisher/Pied_Kingfisher_0074_71830,80,081.Pied_Kingfisher
training/081.Pied_Kingfisher/Pied_Kingfisher_0083_72430,80,081.Pied_Kingfisher
training/081.Pied_Kingfisher/Pied_Kingfisher_0106_71404,80,081.Pied_Kingfisher
training/081.Pied_Kingfisher/Pied_Kingfisher_0121_72378,80,081.Pied_Kingfisher
training/082.Ringed_Kingfisher/Ringed_Kingfisher_0014_72798,81,082.Ringed_Kingfisher
training/082.Ringed_Kingfisher/Ringed_Kingfisher_0017_73145,81,082.Ringed_Kingfisher
training/082.Ringed_Kingfisher/Ringed_Kingfisher_0024_73178,81,082.Ringed_Kingfisher
training/082.Ringed_Kingfisher/Ringed_Kingfisher_0027_72948,81,082.Ringed_Kingfisher
training/082.Ringed_Kingfisher/Ringed_Kingfisher_0041_72853,81,082.Ringed_Kingfisher
training/082.Ringed_Kingfisher/Ringed_Kingfisher_0042_72913,81,082.Ringed_Kingfisher
training/082.Ringed_Kingfisher/Ringed_Kingfisher_0044_72976,81,082.Ringed_Kingfisher
training/082.Ringed_Kingfisher/Ringed_Kingfisher_0052_72871,81,082.Ringed_Kingfisher
training/082.Ringed_Kingfisher/Ringed_Kingfisher_0071_72958,81,082.Ringed_Kingfisher
training/082.Ringed_Kingfisher/Ringed_Kingfisher_0077_72872,81,082.Ringed_Kingfisher
training/083.White_breasted_Kingfisher/White_Breasted_Kingfisher_0002_73491,82,083.White_breasted_Kingfisher
training/083.White_breasted_Kingfisher/White_Breasted_Kingfisher_0035_73290,82,083.White_breasted_Kingfisher
training/083.White_breasted_Kingfisher/White_Breasted_Kingfisher_0036_73403,82,083.White_breasted_Kingfisher
training/083.White_breasted_Kingfisher/White_Breasted_Kingfisher_0049_73420,82,083.White_breasted_Kingfisher
training/083.White_breasted_Kingfisher/White_Breasted_Kingfisher_0054_73587,82,083.White_breasted_Kingfisher
training/083.White_breasted_Kingfisher/White_Breasted_Kingfisher_0074_73408,82,083.White_breasted_Kingfisher
training/083.White_breasted_Kingfisher/White_Breasted_Kingfisher_0085_73363,82,083.White_breasted_Kingfisher
training/083.White_breasted_Kingfisher/White_Breasted_Kingfisher_0088_73386,82,083.White_breasted_Kingfisher
training/083.White_breasted_Kingfisher/White_Breasted_Kingfisher_0115_73252,82,083.White_breasted_Kingfisher
training/083.White_breasted_Kingfisher/White_Breasted_Kingfisher_0121_73258,82,083.White_breasted_Kingfisher
training/084.Red_legged_Kittiwake/Red_Legged_Kittiwake_0001_795394,83,084.Red_legged_Kittiwake
training/084.Red_legged_Kittiwake/Red_Legged_Kittiwake_0004_73811,83,084.Red_legged_Kittiwake
training/084.Red_legged_Kittiwake/Red_Legged_Kittiwake_0010_73789,83,084.Red_legged_Kittiwake
training/084.Red_legged_Kittiwake/Red_Legged_Kittiwake_0019_795398,83,084.Red_legged_Kittiwake
training/084.Red_legged_Kittiwake/Red_Legged_Kittiwake_0024_795441,83,084.Red_legged_Kittiwake
training/084.Red_legged_Kittiwake/Red_Legged_Kittiwake_0045_795426,83,084.Red_legged_Kittiwake
training/084.Red_legged_Kittiwake/Red_Legged_Kittiwake_0063_795453,83,084.Red_legged_Kittiwake
training/084.Red_legged_Kittiwake/Red_Legged_Kittiwake_0066_795419,83,084.Red_legged_Kittiwake
training/084.Red_legged_Kittiwake/Red_Legged_Kittiwake_0067_795401,83,084.Red_legged_Kittiwake
training/084.Red_legged_Kittiwake/Red_Legged_Kittiwake_0071_73800,83,084.Red_legged_Kittiwake
training/085.Horned_Lark/Horned_Lark_0035_74555,84,085.Horned_Lark
training/085.Horned_Lark/Horned_Lark_0043_74450,84,085.Horned_Lark
training/085.Horned_Lark/Horned_Lark_0046_73950,84,085.Horned_Lark
training/085.Horned_Lark/Horned_Lark_0066_74796,84,085.Horned_Lark
training/085.Horned_Lark/Horned_Lark_0067_75266,84,085.Horned_Lark
training/085.Horned_Lark/Horned_Lark_0069_74093,84,085.Horned_Lark
training/085.Horned_Lark/Horned_Lark_0072_74067,84,085.Horned_Lark
training/085.Horned_Lark/Horned_Lark_0089_74386,84,085.Horned_Lark
training/085.Horned_Lark/Horned_Lark_0095_74640,84,085.Horned_Lark
training/085.Horned_Lark/Horned_Lark_0133_73882,84,085.Horned_Lark
training/086.Pacific_Loon/Pacific_Loon_0006_75386,85,086.Pacific_Loon
training/086.Pacific_Loon/Pacific_Loon_0009_75642,85,086.Pacific_Loon
training/086.Pacific_Loon/Pacific_Loon_0015_75443,85,086.Pacific_Loon
training/086.Pacific_Loon/Pacific_Loon_0021_75859,85,086.Pacific_Loon
training/086.Pacific_Loon/Pacific_Loon_0031_75531,85,086.Pacific_Loon
training/086.Pacific_Loon/Pacific_Loon_0036_75539,85,086.Pacific_Loon
training/086.Pacific_Loon/Pacific_Loon_0037_75800,85,086.Pacific_Loon
training/086.Pacific_Loon/Pacific_Loon_0038_75526,85,086.Pacific_Loon
training/086.Pacific_Loon/Pacific_Loon_0051_75514,85,086.Pacific_Loon
training/086.Pacific_Loon/Pacific_Loon_0057_75854,85,086.Pacific_Loon
training/087.Mallard/Mallard_0005_76026,86,087.Mallard
training/087.Mallard/Mallard_0013_77619,86,087.Mallard
training/087.Mallard/Mallard_0020_76239,86,087.Mallard
training/087.Mallard/Mallard_0022_77166,86,087.Mallard
training/087.Mallard/Mallard_0025_76465,86,087.Mallard
training/087.Mallard/Mallard_0050_76519,86,087.Mallard
training/087.Mallard/Mallard_0077_75911,86,087.Mallard
training/087.Mallard/Mallard_0093_77419,86,087.Mallard
training/087.Mallard/Mallard_0098_77490,86,087.Mallard
training/087.Mallard/Mallard_0121_77434,86,087.Mallard
training/088.Western_Meadowlark/Western_Meadowlark_0003_78864,87,088.Western_Meadowlark
training/088.Western_Meadowlark/Western_Meadowlark_0021_78841,87,088.Western_Meadowlark
training/088.Western_Meadowlark/Western_Meadowlark_0024_78432,87,088.Western_Meadowlark
training/088.Western_Meadowlark/Western_Meadowlark_0040_77823,87,088.Western_Meadowlark
training/088.Western_Meadowlark/Western_Meadowlark_0052_77781,87,088.Western_Meadowlark
training/088.Western_Meadowlark/Western_Meadowlark_0058_78247,87,088.Western_Meadowlark
training/088.Western_Meadowlark/Western_Meadowlark_0077_77814,87,088.Western_Meadowlark
training/088.Western_Meadowlark/Western_Meadowlark_0104_78105,87,088.Western_Meadowlark
training/088.Western_Meadowlark/Western_Meadowlark_0118_78820,87,088.Western_Meadowlark
training/088.Western_Meadowlark/Western_Meadowlark_0125_77850,87,088.Western_Meadowlark
training/089.Hooded_Merganser/Hooded_Merganser_0011_796750,88,089.Hooded_Merganser
training/089.Hooded_Merganser/Hooded_Merganser_0021_796732,88,089.Hooded_Merganser
training/089.Hooded_Merganser/Hooded_Merganser_0023_796784,88,089.Hooded_Merganser
training/089.Hooded_Merganser/Hooded_Merganser_0024_796779,88,089.Hooded_Merganser
training/089.Hooded_Merganser/Hooded_Merganser_0034_796762,88,089.Hooded_Merganser
training/089.Hooded_Merganser/Hooded_Merganser_0040_78984,88,089.Hooded_Merganser
training/089.Hooded_Merganser/Hooded_Merganser_0053_796728,88,089.Hooded_Merganser
training/089.Hooded_Merganser/Hooded_Merganser_0079_796768,88,089.Hooded_Merganser
training/089.Hooded_Merganser/Hooded_Merganser_0083_796773,88,089.Hooded_Merganser
training/089.Hooded_Merganser/Hooded_Merganser_0084_78954,88,089.Hooded_Merganser
training/090.Red_breasted_Merganser/Red_Breasted_Merganser_0002_79447,89,090.Red_breasted_Merganser
training/090.Red_breasted_Merganser/Red_Breasted_Merganser_0006_79216,89,090.Red_breasted_Merganser
training/090.Red_breasted_Merganser/Red_Breasted_Merganser_0013_79301,89,090.Red_breasted_Merganser
training/090.Red_breasted_Merganser/Red_Breasted_Merganser_0016_79476,89,090.Red_breasted_Merganser
training/090.Red_breasted_Merganser/Red_Breasted_Merganser_0021_79168,89,090.Red_breasted_Merganser
training/090.Red_breasted_Merganser/Red_Breasted_Merganser_0032_79280,89,090.Red_breasted_Merganser
training/090.Red_breasted_Merganser/Red_Breasted_Merganser_0048_79323,89,090.Red_breasted_Merganser
training/090.Red_breasted_Merganser/Red_Breasted_Merganser_0055_79397,89,090.Red_breasted_Merganser
training/090.Red_breasted_Merganser/Red_Breasted_Merganser_0063_79238,89,090.Red_breasted_Merganser
training/090.Red_breasted_Merganser/Red_Breasted_Merganser_0080_79488,89,090.Red_breasted_Merganser
training/091.Mockingbird/Mockingbird_0004_81991,90,091.Mockingbird
training/091.Mockingbird/Mockingbird_0010_79955,90,091.Mockingbird
training/091.Mockingbird/Mockingbird_0015_80652,90,091.Mockingbird
training/091.Mockingbird/Mockingbird_0038_81299,90,091.Mockingbird
training/091.Mockingbird/Mockingbird_0047_80819,90,091.Mockingbird
training/091.Mockingbird/Mockingbird_0048_80441,90,091.Mockingbird
training/091.Mockingbird/Mockingbird_0050_80184,90,091.Mockingbird
training/091.Mockingbird/Mockingbird_0057_79643,90,091.Mockingbird
training/091.Mockingbird/Mockingbird_0103_79659,90,091.Mockingbird
training/091.Mockingbird/Mockingbird_0108_81908,90,091.Mockingbird
training/092.Nighthawk/Nighthawk_0012_84333,91,092.Nighthawk
training/092.Nighthawk/Nighthawk_0022_84183,91,092.Nighthawk
training/092.Nighthawk/Nighthawk_0030_795338,91,092.Nighthawk
training/092.Nighthawk/Nighthawk_0034_82578,91,092.Nighthawk
training/092.Nighthawk/Nighthawk_0046_82246,91,092.Nighthawk
training/092.Nighthawk/Nighthawk_0050_84094,91,092.Nighthawk
training/092.Nighthawk/Nighthawk_0058_83270,91,092.Nighthawk
training/092.Nighthawk/Nighthawk_0061_82509,91,092.Nighthawk
training/092.Nighthawk/Nighthawk_0082_82242,91,092.Nighthawk
training/092.Nighthawk/Nighthawk_0090_82579,91,092.Nighthawk
training/093.Clark_Nutcracker/Clark_Nutcracker_0013_84791,92,093.Clark_Nutcracker
training/093.Clark_Nutcracker/Clark_Nutcracker_0020_85099,92,093.Clark_Nutcracker
training/093.Clark_Nutcracker/Clark_Nutcracker_0069_84767,92,093.Clark_Nutcracker
training/093.Clark_Nutcracker/Clark_Nutcracker_0082_85477,92,093.Clark_Nutcracker
training/093.Clark_Nutcracker/Clark_Nutcracker_0083_85480,92,093.Clark_Nutcracker
training/093.Clark_Nutcracker/Clark_Nutcracker_0084_85149,92,093.Clark_Nutcracker
training/093.Clark_Nutcracker/Clark_Nutcracker_0087_84898,92,093.Clark_Nutcracker
training/093.Clark_Nutcracker/Clark_Nutcracker_0112_85350,92,093.Clark_Nutcracker
training/093.Clark_Nutcracker/Clark_Nutcracker_0117_84912,92,093.Clark_Nutcracker
training/093.Clark_Nutcracker/Clark_Nutcracker_0124_85128,92,093.Clark_Nutcracker
training/094.White_breasted_Nuthatch/White_Breasted_Nuthatch_0025_85803,93,094.White_breasted_Nuthatch
training/094.White_breasted_Nuthatch/White_Breasted_Nuthatch_0036_86596,93,094.White_breasted_Nuthatch
training/094.White_breasted_Nuthatch/White_Breasted_Nuthatch_0039_86166,93,094.White_breasted_Nuthatch
training/094.White_breasted_Nuthatch/White_Breasted_Nuthatch_0043_86196,93,094.White_breasted_Nuthatch
training/094.White_breasted_Nuthatch/White_Breasted_Nuthatch_0047_85819,93,094.White_breasted_Nuthatch
training/094.White_breasted_Nuthatch/White_Breasted_Nuthatch_0066_86159,93,094.White_breasted_Nuthatch
training/094.White_breasted_Nuthatch/White_Breasted_Nuthatch_0077_86462,93,094.White_breasted_Nuthatch
training/094.White_breasted_Nuthatch/White_Breasted_Nuthatch_0095_86425,93,094.White_breasted_Nuthatch
training/094.White_breasted_Nuthatch/White_Breasted_Nuthatch_0114_86554,93,094.White_breasted_Nuthatch
training/094.White_breasted_Nuthatch/White_Breasted_Nuthatch_0142_86805,93,094.White_breasted_Nuthatch
training/095.Baltimore_Oriole/Baltimore_Oriole_0021_87089,94,095.Baltimore_Oriole
training/095.Baltimore_Oriole/Baltimore_Oriole_0027_87561,94,095.Baltimore_Oriole
training/095.Baltimore_Oriole/Baltimore_Oriole_0033_88347,94,095.Baltimore_Oriole
training/095.Baltimore_Oriole/Baltimore_Oriole_0045_88178,94,095.Baltimore_Oriole
training/095.Baltimore_Oriole/Baltimore_Oriole_0064_89554,94,095.Baltimore_Oriole
training/095.Baltimore_Oriole/Baltimore_Oriole_0084_89684,94,095.Baltimore_Oriole
training/095.Baltimore_Oriole/Baltimore_Oriole_0100_89908,94,095.Baltimore_Oriole
training/095.Baltimore_Oriole/Baltimore_Oriole_0111_87449,94,095.Baltimore_Oriole
training/095.Baltimore_Oriole/Baltimore_Oriole_0120_88403,94,095.Baltimore_Oriole
training/095.Baltimore_Oriole/Baltimore_Oriole_0128_87796,94,095.Baltimore_Oriole
training/096.Hooded_Oriole/Hooded_Oriole_0013_90445,95,096.Hooded_Oriole
training/096.Hooded_Oriole/Hooded_Oriole_0049_89955,95,096.Hooded_Oriole
training/096.Hooded_Oriole/Hooded_Oriole_0054_90849,95,096.Hooded_Oriole
training/096.Hooded_Oriole/Hooded_Oriole_0055_90850,95,096.Hooded_Oriole
training/096.Hooded_Oriole/Hooded_Oriole_0070_90221,95,096.Hooded_Oriole
training/096.Hooded_Oriole/Hooded_Oriole_0079_89978,95,096.Hooded_Oriole
training/096.Hooded_Oriole/Hooded_Oriole_0091_90821,95,096.Hooded_Oriole
training/096.Hooded_Oriole/Hooded_Oriole_0106_90899,95,096.Hooded_Oriole
training/096.Hooded_Oriole/Hooded_Oriole_0124_90350,95,096.Hooded_Oriole
training/096.Hooded_Oriole/Hooded_Oriole_0126_90319,95,096.Hooded_Oriole
training/097.Orchard_Oriole/Orchard_Oriole_0005_91682,96,097.Orchard_Oriole
training/097.Orchard_Oriole/Orchard_Oriole_0019_91338,96,097.Orchard_Oriole
training/097.Orchard_Oriole/Orchard_Oriole_0023_91705,96,097.Orchard_Oriole
training/097.Orchard_Oriole/Orchard_Oriole_0033_91532,96,097.Orchard_Oriole
training/097.Orchard_Oriole/Orchard_Oriole_0042_91678,96,097.Orchard_Oriole
training/097.Orchard_Oriole/Orchard_Oriole_0046_91646,96,097.Orchard_Oriole
training/097.Orchard_Oriole/Orchard_Oriole_0059_92046,96,097.Orchard_Oriole
training/097.Orchard_Oriole/Orchard_Oriole_0082_91654,96,097.Orchard_Oriole
training/097.Orchard_Oriole/Orchard_Oriole_0095_91345,96,097.Orchard_Oriole
training/097.Orchard_Oriole/Orchard_Oriole_0098_91401,96,097.Orchard_Oriole
training/098.Scott_Oriole/Scott_Oriole_0001_795826,97,098.Scott_Oriole
training/098.Scott_Oriole/Scott_Oriole_0005_92362,97,098.Scott_Oriole
training/098.Scott_Oriole/Scott_Oriole_0012_795837,97,098.Scott_Oriole
training/098.Scott_Oriole/Scott_Oriole_0022_92356,97,098.Scott_Oriole
training/098.Scott_Oriole/Scott_Oriole_0023_795835,97,098.Scott_Oriole
training/098.Scott_Oriole/Scott_Oriole_0024_92302,97,098.Scott_Oriole
training/098.Scott_Oriole/Scott_Oriole_0030_795830,97,098.Scott_Oriole
training/098.Scott_Oriole/Scott_Oriole_0043_795828,97,098.Scott_Oriole
training/098.Scott_Oriole/Scott_Oriole_0056_795816,97,098.Scott_Oriole
training/098.Scott_Oriole/Scott_Oriole_0069_92271,97,098.Scott_Oriole
training/099.Ovenbird/Ovenbird_0011_92451,98,099.Ovenbird
training/099.Ovenbird/Ovenbird_0024_92583,98,099.Ovenbird
training/099.Ovenbird/Ovenbird_0045_92973,98,099.Ovenbird
training/099.Ovenbird/Ovenbird_0050_92672,98,099.Ovenbird
training/099.Ovenbird/Ovenbird_0077_92590,98,099.Ovenbird
training/099.Ovenbird/Ovenbird_0090_93375,98,099.Ovenbird
training/099.Ovenbird/Ovenbird_0096_93131,98,099.Ovenbird
training/099.Ovenbird/Ovenbird_0098_93032,98,099.Ovenbird
training/099.Ovenbird/Ovenbird_0102_93172,98,099.Ovenbird
training/099.Ovenbird/Ovenbird_0124_93103,98,099.Ovenbird
training/100.Brown_Pelican/Brown_Pelican_0020_95422,99,100.Brown_Pelican
training/100.Brown_Pelican/Brown_Pelican_0025_95218,99,100.Brown_Pelican
training/100.Brown_Pelican/Brown_Pelican_0036_93843,99,100.Brown_Pelican
training/100.Brown_Pelican/Brown_Pelican_0043_94506,99,100.Brown_Pelican
training/100.Brown_Pelican/Brown_Pelican_0056_95229,99,100.Brown_Pelican
training/100.Brown_Pelican/Brown_Pelican_0067_94529,99,100.Brown_Pelican
training/100.Brown_Pelican/Brown_Pelican_0071_94549,99,100.Brown_Pelican
training/100.Brown_Pelican/Brown_Pelican_0077_93464,99,100.Brown_Pelican
training/100.Brown_Pelican/Brown_Pelican_0086_93757,99,100.Brown_Pelican
training/100.Brown_Pelican/Brown_Pelican_0111_93872,99,100.Brown_Pelican
training/101.White_Pelican/White_Pelican_0012_97261,100,101.White_Pelican
training/101.White_Pelican/White_Pelican_0015_96952,100,101.White_Pelican
training/101.White_Pelican/White_Pelican_0026_95832,100,101.White_Pelican
training/101.White_Pelican/White_Pelican_0035_96312,100,101.White_Pelican
training/101.White_Pelican/White_Pelican_0050_97913,100,101.White_Pelican
training/101.White_Pelican/White_Pelican_0053_96236,100,101.White_Pelican
training/101.White_Pelican/White_Pelican_0059_96675,100,101.White_Pelican
training/101.White_Pelican/White_Pelican_0068_95635,100,101.White_Pelican
training/101.White_Pelican/White_Pelican_0081_96148,100,101.White_Pelican
training/101.White_Pelican/White_Pelican_0084_95877,100,101.White_Pelican
training/102.Western_Wood_Pewee/Western_Wood_Pewee_0008_795043,101,102.Western_Wood_Pewee
training/102.Western_Wood_Pewee/Western_Wood_Pewee_0012_98031,101,102.Western_Wood_Pewee
training/102.Western_Wood_Pewee/Western_Wood_Pewee_0020_795054,101,102.Western_Wood_Pewee
training/102.Western_Wood_Pewee/Western_Wood_Pewee_0026_98191,101,102.Western_Wood_Pewee
training/102.Western_Wood_Pewee/Western_Wood_Pewee_0039_795063,101,102.Western_Wood_Pewee
training/102.Western_Wood_Pewee/Western_Wood_Pewee_0046_98113,101,102.Western_Wood_Pewee
training/102.Western_Wood_Pewee/Western_Wood_Pewee_0059_98262,101,102.Western_Wood_Pewee
training/102.Western_Wood_Pewee/Western_Wood_Pewee_0068_98024,101,102.Western_Wood_Pewee
training/102.Western_Wood_Pewee/Western_Wood_Pewee_0074_98282,101,102.Western_Wood_Pewee
training/102.Western_Wood_Pewee/Western_Wood_Pewee_0076_98002,101,102.Western_Wood_Pewee
training/103.Sayornis/Sayornis_0002_98596,102,103.Sayornis
training/103.Sayornis/Sayornis_0056_99553,102,103.Sayornis
training/103.Sayornis/Sayornis_0070_99354,102,103.Sayornis
training/103.Sayornis/Sayornis_0076_98941,102,103.Sayornis
training/103.Sayornis/Sayornis_0098_98419,102,103.Sayornis
training/103.Sayornis/Sayornis_0099_98593,102,103.Sayornis
training/103.Sayornis/Sayornis_0106_98841,102,103.Sayornis
training/103.Sayornis/Sayornis_0111_98406,102,103.Sayornis
training/103.Sayornis/Sayornis_0114_98976,102,103.Sayornis
training/103.Sayornis/Sayornis_0127_98865,102,103.Sayornis
training/104.American_Pipit/American_Pipit_0002_100023,103,104.American_Pipit
training/104.American_Pipit/American_Pipit_0008_100390,103,104.American_Pipit
training/104.American_Pipit/American_Pipit_0011_99630,103,104.American_Pipit
training/104.American_Pipit/American_Pipit_0015_99932,103,104.American_Pipit
training/104.American_Pipit/American_Pipit_0039_99841,103,104.American_Pipit
training/104.American_Pipit/American_Pipit_0062_100000,103,104.American_Pipit
training/104.American_Pipit/American_Pipit_0067_100237,103,104.American_Pipit
training/104.American_Pipit/American_Pipit_0085_100246,103,104.American_Pipit
training/104.American_Pipit/American_Pipit_0095_99959,103,104.American_Pipit
training/104.American_Pipit/American_Pipit_0116_100015,103,104.American_Pipit
training/105.Whip_poor_Will/Whip_Poor_Will_0009_796423,104,105.Whip_poor_Will
training/105.Whip_poor_Will/Whip_Poor_Will_0011_796416,104,105.Whip_poor_Will
training/105.Whip_poor_Will/Whip_Poor_Will_0012_796414,104,105.Whip_poor_Will
training/105.Whip_poor_Will/Whip_Poor_Will_0016_796424,104,105.Whip_poor_Will
training/105.Whip_poor_Will/Whip_Poor_Will_0018_796403,104,105.Whip_poor_Will
training/105.Whip_poor_Will/Whip_Poor_Will_0033_82166,104,105.Whip_poor_Will
training/105.Whip_poor_Will/Whip_Poor_Will_0038_100443,104,105.Whip_poor_Will
training/105.Whip_poor_Will/Whip_Poor_Will_0043_796442,104,105.Whip_poor_Will
training/105.Whip_poor_Will/Whip_Poor_Will_0044_796407,104,105.Whip_poor_Will
training/105.Whip_poor_Will/Whip_Poor_Will_0050_796415,104,105.Whip_poor_Will
training/106.Horned_Puffin/Horned_Puffin_0001_100973,105,106.Horned_Puffin
training/106.Horned_Puffin/Horned_Puffin_0006_100989,105,106.Horned_Puffin
training/106.Horned_Puffin/Horned_Puffin_0016_100993,105,106.Horned_Puffin
training/106.Horned_Puffin/Horned_Puffin_0022_100766,105,106.Horned_Puffin
training/106.Horned_Puffin/Horned_Puffin_0025_100942,105,106.Horned_Puffin
training/106.Horned_Puffin/Horned_Puffin_0042_100760,105,106.Horned_Puffin
training/106.Horned_Puffin/Horned_Puffin_0052_100977,105,106.Horned_Puffin
training/106.Horned_Puffin/Horned_Puffin_0056_101030,105,106.Horned_Puffin
training/106.Horned_Puffin/Horned_Puffin_0062_100693,105,106.Horned_Puffin
training/106.Horned_Puffin/Horned_Puffin_0067_100737,105,106.Horned_Puffin
training/107.Common_Raven/Common_Raven_0001_101213,106,107.Common_Raven
training/107.Common_Raven/Common_Raven_0007_102020,106,107.Common_Raven
training/107.Common_Raven/Common_Raven_0010_101390,106,107.Common_Raven
training/107.Common_Raven/Common_Raven_0017_102044,106,107.Common_Raven
training/107.Common_Raven/Common_Raven_0028_102452,106,107.Common_Raven
training/107.Common_Raven/Common_Raven_0035_101466,106,107.Common_Raven
training/107.Common_Raven/Common_Raven_0057_101324,106,107.Common_Raven
training/107.Common_Raven/Common_Raven_0062_101448,106,107.Common_Raven
training/107.Common_Raven/Common_Raven_0086_101221,106,107.Common_Raven
training/107.Common_Raven/Common_Raven_0117_101833,106,107.Common_Raven
training/108.White_necked_Raven/White_Necked_Raven_0002_797370,107,108.White_necked_Raven
training/108.White_necked_Raven/White_Necked_Raven_0007_102676,107,108.White_necked_Raven
training/108.White_necked_Raven/White_Necked_Raven_0020_102730,107,108.White_necked_Raven
training/108.White_necked_Raven/White_Necked_Raven_0026_797357,107,108.White_necked_Raven
training/108.White_necked_Raven/White_Necked_Raven_0036_797359,107,108.White_necked_Raven
training/108.White_necked_Raven/White_Necked_Raven_0051_797383,107,108.White_necked_Raven
training/108.White_necked_Raven/White_Necked_Raven_0053_797360,107,108.White_necked_Raven
training/108.White_necked_Raven/White_Necked_Raven_0055_797352,107,108.White_necked_Raven
training/108.White_necked_Raven/White_Necked_Raven_0067_102630,107,108.White_necked_Raven
training/108.White_necked_Raven/White_Necked_Raven_0068_102610,107,108.White_necked_Raven
training/109.American_Redstart/American_Redstart_0045_102823,108,109.American_Redstart
training/109.American_Redstart/American_Redstart_0054_103543,108,109.American_Redstart
training/109.American_Redstart/American_Redstart_0056_103241,108,109.American_Redstart
training/109.American_Redstart/American_Redstart_0067_103259,108,109.American_Redstart
training/109.American_Redstart/American_Redstart_0085_103155,108,109.American_Redstart
training/109.American_Redstart/American_Redstart_0089_103187,108,109.American_Redstart
training/109.American_Redstart/American_Redstart_0090_102940,108,109.American_Redstart
training/109.American_Redstart/American_Redstart_0096_102853,108,109.American_Redstart
training/109.American_Redstart/American_Redstart_0108_103686,108,109.American_Redstart
training/109.American_Redstart/American_Redstart_0109_103795,108,109.American_Redstart
training/110.Geococcyx/Geococcyx_0009_104372,109,110.Geococcyx
training/110.Geococcyx/Geococcyx_0028_104751,109,110.Geococcyx
training/110.Geococcyx/Geococcyx_0038_104266,109,110.Geococcyx
training/110.Geococcyx/Geococcyx_0065_104806,109,110.Geococcyx
training/110.Geococcyx/Geococcyx_0084_104574,109,110.Geococcyx
training/110.Geococcyx/Geococcyx_0105_104239,109,110.Geococcyx
training/110.Geococcyx/Geococcyx_0106_104216,109,110.Geococcyx
training/110.Geococcyx/Geococcyx_0107_104534,109,110.Geococcyx
training/110.Geococcyx/Geococcyx_0114_104136,109,110.Geococcyx
training/110.Geococcyx/Geococcyx_0124_104141,109,110.Geococcyx
training/111.Loggerhead_Shrike/Loggerhead_Shrike_0018_26407,110,111.Loggerhead_Shrike
training/111.Loggerhead_Shrike/Loggerhead_Shrike_0032_106521,110,111.Loggerhead_Shrike
training/111.Loggerhead_Shrike/Loggerhead_Shrike_0033_105686,110,111.Loggerhead_Shrike
training/111.Loggerhead_Shrike/Loggerhead_Shrike_0090_106461,110,111.Loggerhead_Shrike
training/111.Loggerhead_Shrike/Loggerhead_Shrike_0103_105137,110,111.Loggerhead_Shrike
training/111.Loggerhead_Shrike/Loggerhead_Shrike_0109_105710,110,111.Loggerhead_Shrike
training/111.Loggerhead_Shrike/Loggerhead_Shrike_0116_105286,110,111.Loggerhead_Shrike
training/111.Loggerhead_Shrike/Loggerhead_Shrike_0117_104838,110,111.Loggerhead_Shrike
training/111.Loggerhead_Shrike/Loggerhead_Shrike_0128_105238,110,111.Loggerhead_Shrike
training/111.Loggerhead_Shrike/Loggerhead_Shrike_0129_106389,110,111.Loggerhead_Shrike
training/112.Great_Grey_Shrike/Great_Grey_Shrike_0004_797041,111,112.Great_Grey_Shrike
training/112.Great_Grey_Shrike/Great_Grey_Shrike_0029_106668,111,112.Great_Grey_Shrike
training/112.Great_Grey_Shrike/Great_Grey_Shrike_0042_797056,111,112.Great_Grey_Shrike
training/112.Great_Grey_Shrike/Great_Grey_Shrike_0049_797025,111,112.Great_Grey_Shrike
training/112.Great_Grey_Shrike/Great_Grey_Shrike_0054_106768,111,112.Great_Grey_Shrike
training/112.Great_Grey_Shrike/Great_Grey_Shrike_0056_106752,111,112.Great_Grey_Shrike
training/112.Great_Grey_Shrike/Great_Grey_Shrike_0057_106681,111,112.Great_Grey_Shrike
training/112.Great_Grey_Shrike/Great_Grey_Shrike_0063_797042,111,112.Great_Grey_Shrike
training/112.Great_Grey_Shrike/Great_Grey_Shrike_0076_797050,111,112.Great_Grey_Shrike
training/112.Great_Grey_Shrike/Great_Grey_Shrike_0083_797051,111,112.Great_Grey_Shrike
training/113.Baird_Sparrow/Baird_Sparrow_0002_794551,112,113.Baird_Sparrow
training/113.Baird_Sparrow/Baird_Sparrow_0009_106882,112,113.Baird_Sparrow
training/113.Baird_Sparrow/Baird_Sparrow_0010_794575,112,113.Baird_Sparrow
training/113.Baird_Sparrow/Baird_Sparrow_0032_794553,112,113.Baird_Sparrow
training/113.Baird_Sparrow/Baird_Sparrow_0034_794589,112,113.Baird_Sparrow
training/113.Baird_Sparrow/Baird_Sparrow_0036_794572,112,113.Baird_Sparrow
training/113.Baird_Sparrow/Baird_Sparrow_0040_794581,112,113.Baird_Sparrow
training/113.Baird_Sparrow/Baird_Sparrow_0041_794582,112,113.Baird_Sparrow
training/113.Baird_Sparrow/Baird_Sparrow_0045_794571,112,113.Baird_Sparrow
training/113.Baird_Sparrow/Baird_Sparrow_0047_787318,112,113.Baird_Sparrow
training/114.Black_throated_Sparrow/Black_Throated_Sparrow_0001_107233,113,114.Black_throated_Sparrow
training/114.Black_throated_Sparrow/Black_Throated_Sparrow_0017_107355,113,114.Black_throated_Sparrow
training/114.Black_throated_Sparrow/Black_Throated_Sparrow_0020_106971,113,114.Black_throated_Sparrow
training/114.Black_throated_Sparrow/Black_Throated_Sparrow_0027_107278,113,114.Black_throated_Sparrow
training/114.Black_throated_Sparrow/Black_Throated_Sparrow_0034_107327,113,114.Black_throated_Sparrow
training/114.Black_throated_Sparrow/Black_Throated_Sparrow_0049_106958,113,114.Black_throated_Sparrow
training/114.Black_throated_Sparrow/Black_Throated_Sparrow_0072_107255,113,114.Black_throated_Sparrow
training/114.Black_throated_Sparrow/Black_Throated_Sparrow_0090_107295,113,114.Black_throated_Sparrow
training/114.Black_throated_Sparrow/Black_Throated_Sparrow_0091_107346,113,114.Black_throated_Sparrow
training/114.Black_throated_Sparrow/Black_Throated_Sparrow_0095_107268,113,114.Black_throated_Sparrow
training/115.Brewer_Sparrow/Brewer_Sparrow_0014_107435,114,115.Brewer_Sparrow
training/115.Brewer_Sparrow/Brewer_Sparrow_0029_796699,114,115.Brewer_Sparrow
training/115.Brewer_Sparrow/Brewer_Sparrow_0051_796710,114,115.Brewer_Sparrow
training/115.Brewer_Sparrow/Brewer_Sparrow_0060_107391,114,115.Brewer_Sparrow
training/115.Brewer_Sparrow/Brewer_Sparrow_0063_796714,114,115.Brewer_Sparrow
training/115.Brewer_Sparrow/Brewer_Sparrow_0066_107510,114,115.Brewer_Sparrow
training/115.Brewer_Sparrow/Brewer_Sparrow_0068_107422,114,115.Brewer_Sparrow
training/115.Brewer_Sparrow/Brewer_Sparrow_0069_796709,114,115.Brewer_Sparrow
training/115.Brewer_Sparrow/Brewer_Sparrow_0074_107408,114,115.Brewer_Sparrow
training/115.Brewer_Sparrow/Brewer_Sparrow_0076_107393,114,115.Brewer_Sparrow
training/116.Chipping_Sparrow/Chipping_Sparrow_0008_107810,115,116.Chipping_Sparrow
training/116.Chipping_Sparrow/Chipping_Sparrow_0010_109760,115,116.Chipping_Sparrow
training/116.Chipping_Sparrow/Chipping_Sparrow_0011_108081,115,116.Chipping_Sparrow
training/116.Chipping_Sparrow/Chipping_Sparrow_0012_108576,115,116.Chipping_Sparrow
training/116.Chipping_Sparrow/Chipping_Sparrow_0030_109741,115,116.Chipping_Sparrow
training/116.Chipping_Sparrow/Chipping_Sparrow_0033_109069,115,116.Chipping_Sparrow
training/116.Chipping_Sparrow/Chipping_Sparrow_0038_109234,115,116.Chipping_Sparrow
training/116.Chipping_Sparrow/Chipping_Sparrow_0039_107864,115,116.Chipping_Sparrow
training/116.Chipping_Sparrow/Chipping_Sparrow_0045_109985,115,116.Chipping_Sparrow
training/116.Chipping_Sparrow/Chipping_Sparrow_0053_109774,115,116.Chipping_Sparrow
training/117.Clay_colored_Sparrow/Clay_Colored_Sparrow_0003_110672,116,117.Clay_colored_Sparrow
training/117.Clay_colored_Sparrow/Clay_Colored_Sparrow_0036_110924,116,117.Clay_colored_Sparrow
training/117.Clay_colored_Sparrow/Clay_Colored_Sparrow_0041_110726,116,117.Clay_colored_Sparrow
training/117.Clay_colored_Sparrow/Clay_Colored_Sparrow_0043_110685,116,117.Clay_colored_Sparrow
training/117.Clay_colored_Sparrow/Clay_Colored_Sparrow_0062_110908,116,117.Clay_colored_Sparrow
training/117.Clay_colored_Sparrow/Clay_Colored_Sparrow_0064_110664,116,117.Clay_colored_Sparrow
training/117.Clay_colored_Sparrow/Clay_Colored_Sparrow_0081_110682,116,117.Clay_colored_Sparrow
training/117.Clay_colored_Sparrow/Clay_Colored_Sparrow_0091_110768,116,117.Clay_colored_Sparrow
training/117.Clay_colored_Sparrow/Clay_Colored_Sparrow_0099_110561,116,117.Clay_colored_Sparrow
training/117.Clay_colored_Sparrow/Clay_Colored_Sparrow_0106_797247,116,117.Clay_colored_Sparrow
training/118.House_Sparrow/House_Sparrow_0053_111388,117,118.House_Sparrow
training/118.House_Sparrow/House_Sparrow_0067_112913,117,118.House_Sparrow
training/118.House_Sparrow/House_Sparrow_0073_112745,117,118.House_Sparrow
training/118.House_Sparrow/House_Sparrow_0074_111997,117,118.House_Sparrow
training/118.House_Sparrow/House_Sparrow_0080_111099,117,118.House_Sparrow
training/118.House_Sparrow/House_Sparrow_0086_111385,117,118.House_Sparrow
training/118.House_Sparrow/House_Sparrow_0092_111413,117,118.House_Sparrow
training/118.House_Sparrow/House_Sparrow_0108_112963,117,118.House_Sparrow
training/118.House_Sparrow/House_Sparrow_0111_112968,117,118.House_Sparrow
training/118.House_Sparrow/House_Sparrow_0121_113182,117,118.House_Sparrow
training/119.Field_Sparrow/Field_Sparrow_0013_113599,118,119.Field_Sparrow
training/119.Field_Sparrow/Field_Sparrow_0025_113683,118,119.Field_Sparrow
training/119.Field_Sparrow/Field_Sparrow_0043_113607,118,119.Field_Sparrow
training/119.Field_Sparrow/Field_Sparrow_0078_113575,118,119.Field_Sparrow
training/119.Field_Sparrow/Field_Sparrow_0095_113842,118,119.Field_Sparrow
training/119.Field_Sparrow/Field_Sparrow_0100_113503,118,119.Field_Sparrow
training/119.Field_Sparrow/Field_Sparrow_0102_113595,118,119.Field_Sparrow
training/119.Field_Sparrow/Field_Sparrow_0106_113350,118,119.Field_Sparrow
training/119.Field_Sparrow/Field_Sparrow_0111_113899,118,119.Field_Sparrow
training/119.Field_Sparrow/Field_Sparrow_0121_113455,118,119.Field_Sparrow
training/120.Fox_Sparrow/Fox_Sparrow_0010_114728,119,120.Fox_Sparrow
training/120.Fox_Sparrow/Fox_Sparrow_0025_114555,119,120.Fox_Sparrow
training/120.Fox_Sparrow/Fox_Sparrow_0041_115218,119,120.Fox_Sparrow
training/120.Fox_Sparrow/Fox_Sparrow_0044_114747,119,120.Fox_Sparrow
training/120.Fox_Sparrow/Fox_Sparrow_0058_114789,119,120.Fox_Sparrow
training/120.Fox_Sparrow/Fox_Sparrow_0078_114582,119,120.Fox_Sparrow
training/120.Fox_Sparrow/Fox_Sparrow_0086_115484,119,120.Fox_Sparrow
training/120.Fox_Sparrow/Fox_Sparrow_0109_114859,119,120.Fox_Sparrow
training/120.Fox_Sparrow/Fox_Sparrow_0116_115311,119,120.Fox_Sparrow
training/120.Fox_Sparrow/Fox_Sparrow_0122_114776,119,120.Fox_Sparrow
training/121.Grasshopper_Sparrow/Grasshopper_Sparrow_0001_115938,120,121.Grasshopper_Sparrow
training/121.Grasshopper_Sparrow/Grasshopper_Sparrow_0019_115958,120,121.Grasshopper_Sparrow
training/121.Grasshopper_Sparrow/Grasshopper_Sparrow_0029_115761,120,121.Grasshopper_Sparrow
training/121.Grasshopper_Sparrow/Grasshopper_Sparrow_0038_115704,120,121.Grasshopper_Sparrow
training/121.Grasshopper_Sparrow/Grasshopper_Sparrow_0039_115980,120,121.Grasshopper_Sparrow
training/121.Grasshopper_Sparrow/Grasshopper_Sparrow_0042_115638,120,121.Grasshopper_Sparrow
training/121.Grasshopper_Sparrow/Grasshopper_Sparrow_0068_115799,120,121.Grasshopper_Sparrow
training/121.Grasshopper_Sparrow/Grasshopper_Sparrow_0110_115644,120,121.Grasshopper_Sparrow
training/121.Grasshopper_Sparrow/Grasshopper_Sparrow_0114_116160,120,121.Grasshopper_Sparrow
training/121.Grasshopper_Sparrow/Grasshopper_Sparrow_0126_116029,120,121.Grasshopper_Sparrow
training/122.Harris_Sparrow/Harris_Sparrow_0005_116694,121,122.Harris_Sparrow
training/122.Harris_Sparrow/Harris_Sparrow_0018_116402,121,122.Harris_Sparrow
training/122.Harris_Sparrow/Harris_Sparrow_0025_116648,121,122.Harris_Sparrow
training/122.Harris_Sparrow/Harris_Sparrow_0026_116620,121,122.Harris_Sparrow
training/122.Harris_Sparrow/Harris_Sparrow_0038_116610,121,122.Harris_Sparrow
training/122.Harris_Sparrow/Harris_Sparrow_0039_116409,121,122.Harris_Sparrow
training/122.Harris_Sparrow/Harris_Sparrow_0052_116544,121,122.Harris_Sparrow
training/122.Harris_Sparrow/Harris_Sparrow_0073_116577,121,122.Harris_Sparrow
training/122.Harris_Sparrow/Harris_Sparrow_0074_116539,121,122.Harris_Sparrow
training/122.Harris_Sparrow/Harris_Sparrow_0088_116445,121,122.Harris_Sparrow
training/123.Henslow_Sparrow/Henslow_Sparrow_0023_796582,122,123.Henslow_Sparrow
training/123.Henslow_Sparrow/Henslow_Sparrow_0030_116890,122,123.Henslow_Sparrow
training/123.Henslow_Sparrow/Henslow_Sparrow_0031_796594,122,123.Henslow_Sparrow
training/123.Henslow_Sparrow/Henslow_Sparrow_0037_796579,122,123.Henslow_Sparrow
training/123.Henslow_Sparrow/Henslow_Sparrow_0064_796573,122,123.Henslow_Sparrow
training/123.Henslow_Sparrow/Henslow_Sparrow_0070_796571,122,123.Henslow_Sparrow
training/123.Henslow_Sparrow/Henslow_Sparrow_0081_116755,122,123.Henslow_Sparrow
training/123.Henslow_Sparrow/Henslow_Sparrow_0083_116844,122,123.Henslow_Sparrow
training/123.Henslow_Sparrow/Henslow_Sparrow_0098_796601,122,123.Henslow_Sparrow
training/123.Henslow_Sparrow/Henslow_Sparrow_0107_796614,122,123.Henslow_Sparrow
training/124.Le_Conte_Sparrow/Le_Conte_Sparrow_0003_795175,123,124.Le_Conte_Sparrow
training/124.Le_Conte_Sparrow/Le_Conte_Sparrow_0016_795223,123,124.Le_Conte_Sparrow
training/124.Le_Conte_Sparrow/Le_Conte_Sparrow_0043_795213,123,124.Le_Conte_Sparrow
training/124.Le_Conte_Sparrow/Le_Conte_Sparrow_0058_795181,123,124.Le_Conte_Sparrow
training/124.Le_Conte_Sparrow/Le_Conte_Sparrow_0060_795160,123,124.Le_Conte_Sparrow
training/124.Le_Conte_Sparrow/Le_Conte_Sparrow_0064_795235,123,124.Le_Conte_Sparrow
training/124.Le_Conte_Sparrow/Le_Conte_Sparrow_0071_795185,123,124.Le_Conte_Sparrow
training/124.Le_Conte_Sparrow/Le_Conte_Sparrow_0072_795230,123,124.Le_Conte_Sparrow
training/124.Le_Conte_Sparrow/Le_Conte_Sparrow_0084_795189,123,124.Le_Conte_Sparrow
training/124.Le_Conte_Sparrow/Le_Conte_Sparrow_0099_795182,123,124.Le_Conte_Sparrow
training/125.Lincoln_Sparrow/Lincoln_Sparrow_0022_117759,124,125.Lincoln_Sparrow
training/125.Lincoln_Sparrow/Lincoln_Sparrow_0032_117747,124,125.Lincoln_Sparrow
training/125.Lincoln_Sparrow/Lincoln_Sparrow_0038_117461,124,125.Lincoln_Sparrow
training/125.Lincoln_Sparrow/Lincoln_Sparrow_0040_117721,124,125.Lincoln_Sparrow
training/125.Lincoln_Sparrow/Lincoln_Sparrow_0044_117687,124,125.Lincoln_Sparrow
training/125.Lincoln_Sparrow/Lincoln_Sparrow_0058_117503,124,125.Lincoln_Sparrow
training/125.Lincoln_Sparrow/Lincoln_Sparrow_0070_117342,124,125.Lincoln_Sparrow
training/125.Lincoln_Sparrow/Lincoln_Sparrow_0072_117951,124,125.Lincoln_Sparrow
training/125.Lincoln_Sparrow/Lincoln_Sparrow_0083_117272,124,125.Lincoln_Sparrow
training/125.Lincoln_Sparrow/Lincoln_Sparrow_0115_117216,124,125.Lincoln_Sparrow
training/126.Nelson_Sharp_tailed_Sparrow/Nelson_Sharp_Tailed_Sparrow_0013_796942,125,126.Nelson_Sharp_tailed_Sparrow
training/126.Nelson_Sharp_tailed_Sparrow/Nelson_Sharp_Tailed_Sparrow_0014_796906,125,126.Nelson_Sharp_tailed_Sparrow
training/126.Nelson_Sharp_tailed_Sparrow/Nelson_Sharp_Tailed_Sparrow_0015_796922,125,126.Nelson_Sharp_tailed_Sparrow
training/126.Nelson_Sharp_tailed_Sparrow/Nelson_Sharp_Tailed_Sparrow_0023_796899,125,126.Nelson_Sharp_tailed_Sparrow
training/126.Nelson_Sharp_tailed_Sparrow/Nelson_Sharp_Tailed_Sparrow_0038_796920,125,126.Nelson_Sharp_tailed_Sparrow
training/126.Nelson_Sharp_tailed_Sparrow/Nelson_Sharp_Tailed_Sparrow_0042_796911,125,126.Nelson_Sharp_tailed_Sparrow
training/126.Nelson_Sharp_tailed_Sparrow/Nelson_Sharp_Tailed_Sparrow_0051_796902,125,126.Nelson_Sharp_tailed_Sparrow
training/126.Nelson_Sharp_tailed_Sparrow/Nelson_Sharp_Tailed_Sparrow_0071_796946,125,126.Nelson_Sharp_tailed_Sparrow
training/126.Nelson_Sharp_tailed_Sparrow/Nelson_Sharp_Tailed_Sparrow_0074_796901,125,126.Nelson_Sharp_tailed_Sparrow
training/126.Nelson_Sharp_tailed_Sparrow/Nelson_Sharp_Tailed_Sparrow_0079_796934,125,126.Nelson_Sharp_tailed_Sparrow
training/127.Savannah_Sparrow/Savannah_Sparrow_0009_120205,126,127.Savannah_Sparrow
training/127.Savannah_Sparrow/Savannah_Sparrow_0017_119171,126,127.Savannah_Sparrow
training/127.Savannah_Sparrow/Savannah_Sparrow_0021_118886,126,127.Savannah_Sparrow
training/127.Savannah_Sparrow/Savannah_Sparrow_0022_118989,126,127.Savannah_Sparrow
training/127.Savannah_Sparrow/Savannah_Sparrow_0033_118871,126,127.Savannah_Sparrow
training/127.Savannah_Sparrow/Savannah_Sparrow_0047_119365,126,127.Savannah_Sparrow
training/127.Savannah_Sparrow/Savannah_Sparrow_0068_119972,126,127.Savannah_Sparrow
training/127.Savannah_Sparrow/Savannah_Sparrow_0094_119040,126,127.Savannah_Sparrow
training/127.Savannah_Sparrow/Savannah_Sparrow_0109_119674,126,127.Savannah_Sparrow
training/127.Savannah_Sparrow/Savannah_Sparrow_0124_118820,126,127.Savannah_Sparrow
training/128.Seaside_Sparrow/Seaside_Sparrow_0002_796536,127,128.Seaside_Sparrow
training/128.Seaside_Sparrow/Seaside_Sparrow_0005_796516,127,128.Seaside_Sparrow
training/128.Seaside_Sparrow/Seaside_Sparrow_0011_120820,127,128.Seaside_Sparrow
training/128.Seaside_Sparrow/Seaside_Sparrow_0024_120751,127,128.Seaside_Sparrow
training/128.Seaside_Sparrow/Seaside_Sparrow_0025_796518,127,128.Seaside_Sparrow
training/128.Seaside_Sparrow/Seaside_Sparrow_0028_120766,127,128.Seaside_Sparrow
training/128.Seaside_Sparrow/Seaside_Sparrow_0039_796530,127,128.Seaside_Sparrow
training/128.Seaside_Sparrow/Seaside_Sparrow_0051_796522,127,128.Seaside_Sparrow
training/128.Seaside_Sparrow/Seaside_Sparrow_0064_120813,127,128.Seaside_Sparrow
training/128.Seaside_Sparrow/Seaside_Sparrow_0066_120791,127,128.Seaside_Sparrow
training/129.Song_Sparrow/Song_Sparrow_0007_121133,128,129.Song_Sparrow
training/129.Song_Sparrow/Song_Sparrow_0010_121331,128,129.Song_Sparrow
training/129.Song_Sparrow/Song_Sparrow_0036_121679,128,129.Song_Sparrow
training/129.Song_Sparrow/Song_Sparrow_0042_121314,128,129.Song_Sparrow
training/129.Song_Sparrow/Song_Sparrow_0086_121999,128,129.Song_Sparrow
training/129.Song_Sparrow/Song_Sparrow_0091_121651,128,129.Song_Sparrow
training/129.Song_Sparrow/Song_Sparrow_0092_121969,128,129.Song_Sparrow
training/129.Song_Sparrow/Song_Sparrow_0107_120990,128,129.Song_Sparrow
training/129.Song_Sparrow/Song_Sparrow_0121_121203,128,129.Song_Sparrow
training/129.Song_Sparrow/Song_Sparrow_0132_121153,128,129.Song_Sparrow
training/130.Tree_Sparrow/Tree_Sparrow_0007_122911,129,130.Tree_Sparrow
training/130.Tree_Sparrow/Tree_Sparrow_0032_123489,129,130.Tree_Sparrow
training/130.Tree_Sparrow/Tree_Sparrow_0034_123799,129,130.Tree_Sparrow
training/130.Tree_Sparrow/Tree_Sparrow_0039_124140,129,130.Tree_Sparrow
training/130.Tree_Sparrow/Tree_Sparrow_0041_123497,129,130.Tree_Sparrow
training/130.Tree_Sparrow/Tree_Sparrow_0046_125344,129,130.Tree_Sparrow
training/130.Tree_Sparrow/Tree_Sparrow_0074_124408,129,130.Tree_Sparrow
training/130.Tree_Sparrow/Tree_Sparrow_0081_124348,129,130.Tree_Sparrow
training/130.Tree_Sparrow/Tree_Sparrow_0107_123822,129,130.Tree_Sparrow
training/130.Tree_Sparrow/Tree_Sparrow_0119_124114,129,130.Tree_Sparrow
training/131.Vesper_Sparrow/Vesper_Sparrow_0007_125630,130,131.Vesper_Sparrow
training/131.Vesper_Sparrow/Vesper_Sparrow_0018_125651,130,131.Vesper_Sparrow
training/131.Vesper_Sparrow/Vesper_Sparrow_0020_125794,130,131.Vesper_Sparrow
training/131.Vesper_Sparrow/Vesper_Sparrow_0041_125458,130,131.Vesper_Sparrow
training/131.Vesper_Sparrow/Vesper_Sparrow_0062_125669,130,131.Vesper_Sparrow
training/131.Vesper_Sparrow/Vesper_Sparrow_0066_125619,130,131.Vesper_Sparrow
training/131.Vesper_Sparrow/Vesper_Sparrow_0070_125555,130,131.Vesper_Sparrow
training/131.Vesper_Sparrow/Vesper_Sparrow_0079_125579,130,131.Vesper_Sparrow
training/131.Vesper_Sparrow/Vesper_Sparrow_0084_125532,130,131.Vesper_Sparrow
training/131.Vesper_Sparrow/Vesper_Sparrow_0094_125602,130,131.Vesper_Sparrow
training/132.White_crowned_Sparrow/White_Crowned_Sparrow_0021_127092,131,132.White_crowned_Sparrow
training/132.White_crowned_Sparrow/White_Crowned_Sparrow_0061_126315,131,132.White_crowned_Sparrow
training/132.White_crowned_Sparrow/White_Crowned_Sparrow_0064_126467,131,132.White_crowned_Sparrow
training/132.White_crowned_Sparrow/White_Crowned_Sparrow_0067_127576,131,132.White_crowned_Sparrow
training/132.White_crowned_Sparrow/White_Crowned_Sparrow_0068_126156,131,132.White_crowned_Sparrow
training/132.White_crowned_Sparrow/White_Crowned_Sparrow_0078_127603,131,132.White_crowned_Sparrow
training/132.White_crowned_Sparrow/White_Crowned_Sparrow_0094_128627,131,132.White_crowned_Sparrow
training/132.White_crowned_Sparrow/White_Crowned_Sparrow_0105_126818,131,132.White_crowned_Sparrow
training/132.White_crowned_Sparrow/White_Crowned_Sparrow_0115_126027,131,132.White_crowned_Sparrow
training/132.White_crowned_Sparrow/White_Crowned_Sparrow_0127_126923,131,132.White_crowned_Sparrow
training/133.White_throated_Sparrow/White_Throated_Sparrow_0015_129138,132,133.White_throated_Sparrow
training/133.White_throated_Sparrow/White_Throated_Sparrow_0020_129007,132,133.White_throated_Sparrow
training/133.White_throated_Sparrow/White_Throated_Sparrow_0021_128804,132,133.White_throated_Sparrow
training/133.White_throated_Sparrow/White_Throated_Sparrow_0042_128899,132,133.White_throated_Sparrow
training/133.White_throated_Sparrow/White_Throated_Sparrow_0071_128915,132,133.White_throated_Sparrow
training/133.White_throated_Sparrow/White_Throated_Sparrow_0112_129101,132,133.White_throated_Sparrow
training/133.White_throated_Sparrow/White_Throated_Sparrow_0113_128936,132,133.White_throated_Sparrow
training/133.White_throated_Sparrow/White_Throated_Sparrow_0119_128827,132,133.White_throated_Sparrow
training/133.White_throated_Sparrow/White_Throated_Sparrow_0124_128801,132,133.White_throated_Sparrow
training/133.White_throated_Sparrow/White_Throated_Sparrow_0125_128832,132,133.White_throated_Sparrow
training/134.Cape_Glossy_Starling/Cape_Glossy_Starling_0010_129352,133,134.Cape_Glossy_Starling
training/134.Cape_Glossy_Starling/Cape_Glossy_Starling_0019_129407,133,134.Cape_Glossy_Starling
training/134.Cape_Glossy_Starling/Cape_Glossy_Starling_0020_129328,133,134.Cape_Glossy_Starling
training/134.Cape_Glossy_Starling/Cape_Glossy_Starling_0024_129384,133,134.Cape_Glossy_Starling
training/134.Cape_Glossy_Starling/Cape_Glossy_Starling_0034_129455,133,134.Cape_Glossy_Starling
training/134.Cape_Glossy_Starling/Cape_Glossy_Starling_0042_129385,133,134.Cape_Glossy_Starling
training/134.Cape_Glossy_Starling/Cape_Glossy_Starling_0065_129299,133,134.Cape_Glossy_Starling
training/134.Cape_Glossy_Starling/Cape_Glossy_Starling_0067_129380,133,134.Cape_Glossy_Starling
training/134.Cape_Glossy_Starling/Cape_Glossy_Starling_0076_129377,133,134.Cape_Glossy_Starling
training/134.Cape_Glossy_Starling/Cape_Glossy_Starling_0091_129470,133,134.Cape_Glossy_Starling
training/135.Bank_Swallow/Bank_Swallow_0004_129549,134,135.Bank_Swallow
training/135.Bank_Swallow/Bank_Swallow_0007_129514,134,135.Bank_Swallow
training/135.Bank_Swallow/Bank_Swallow_0017_129755,134,135.Bank_Swallow
training/135.Bank_Swallow/Bank_Swallow_0024_129779,134,135.Bank_Swallow
training/135.Bank_Swallow/Bank_Swallow_0037_129903,134,135.Bank_Swallow
training/135.Bank_Swallow/Bank_Swallow_0048_129546,134,135.Bank_Swallow
training/135.Bank_Swallow/Bank_Swallow_0049_129611,134,135.Bank_Swallow
training/135.Bank_Swallow/Bank_Swallow_0053_129501,134,135.Bank_Swallow
training/135.Bank_Swallow/Bank_Swallow_0054_129743,134,135.Bank_Swallow
training/135.Bank_Swallow/Bank_Swallow_0062_129548,134,135.Bank_Swallow
training/136.Barn_Swallow/Barn_Swallow_0002_130551,135,136.Barn_Swallow
training/136.Barn_Swallow/Barn_Swallow_0017_132951,135,136.Barn_Swallow
training/136.Barn_Swallow/Barn_Swallow_0018_130709,135,136.Barn_Swallow
training/136.Barn_Swallow/Barn_Swallow_0021_130367,135,136.Barn_Swallow
training/136.Barn_Swallow/Barn_Swallow_0035_131832,135,136.Barn_Swallow
training/136.Barn_Swallow/Barn_Swallow_0048_132793,135,136.Barn_Swallow
training/136.Barn_Swallow/Barn_Swallow_0049_130181,135,136.Barn_Swallow
training/136.Barn_Swallow/Barn_Swallow_0056_132916,135,136.Barn_Swallow
training/136.Barn_Swallow/Barn_Swallow_0075_130014,135,136.Barn_Swallow
training/136.Barn_Swallow/Barn_Swallow_0077_130707,135,136.Barn_Swallow
training/137.Cliff_Swallow/Cliff_Swallow_0015_133176,136,137.Cliff_Swallow
training/137.Cliff_Swallow/Cliff_Swallow_0028_132365,136,137.Cliff_Swallow
training/137.Cliff_Swallow/Cliff_Swallow_0044_133927,136,137.Cliff_Swallow
training/137.Cliff_Swallow/Cliff_Swallow_0058_133060,136,137.Cliff_Swallow
training/137.Cliff_Swallow/Cliff_Swallow_0062_134383,136,137.Cliff_Swallow
training/137.Cliff_Swallow/Cliff_Swallow_0069_133521,136,137.Cliff_Swallow
training/137.Cliff_Swallow/Cliff_Swallow_0071_133742,136,137.Cliff_Swallow
training/137.Cliff_Swallow/Cliff_Swallow_0075_134516,136,137.Cliff_Swallow
training/137.Cliff_Swallow/Cliff_Swallow_0090_133144,136,137.Cliff_Swallow
training/137.Cliff_Swallow/Cliff_Swallow_0101_133069,136,137.Cliff_Swallow
training/138.Tree_Swallow/Tree_Swallow_0004_135411,137,138.Tree_Swallow
training/138.Tree_Swallow/Tree_Swallow_0019_137073,137,138.Tree_Swallow
training/138.Tree_Swallow/Tree_Swallow_0030_134942,137,138.Tree_Swallow
training/138.Tree_Swallow/Tree_Swallow_0041_136439,137,138.Tree_Swallow
training/138.Tree_Swallow/Tree_Swallow_0046_135770,137,138.Tree_Swallow
training/138.Tree_Swallow/Tree_Swallow_0049_134740,137,138.Tree_Swallow
training/138.Tree_Swallow/Tree_Swallow_0058_134987,137,138.Tree_Swallow
training/138.Tree_Swallow/Tree_Swallow_0062_137426,137,138.Tree_Swallow
training/138.Tree_Swallow/Tree_Swallow_0071_136749,137,138.Tree_Swallow
training/138.Tree_Swallow/Tree_Swallow_0087_137354,137,138.Tree_Swallow
training/139.Scarlet_Tanager/Scarlet_Tanager_0018_138294,138,139.Scarlet_Tanager
training/139.Scarlet_Tanager/Scarlet_Tanager_0033_137603,138,139.Scarlet_Tanager
training/139.Scarlet_Tanager/Scarlet_Tanager_0042_138287,138,139.Scarlet_Tanager
training/139.Scarlet_Tanager/Scarlet_Tanager_0058_137710,138,139.Scarlet_Tanager
training/139.Scarlet_Tanager/Scarlet_Tanager_0086_138272,138,139.Scarlet_Tanager
training/139.Scarlet_Tanager/Scarlet_Tanager_0093_138250,138,139.Scarlet_Tanager
training/139.Scarlet_Tanager/Scarlet_Tanager_0095_137618,138,139.Scarlet_Tanager
training/139.Scarlet_Tanager/Scarlet_Tanager_0100_138006,138,139.Scarlet_Tanager
training/139.Scarlet_Tanager/Scarlet_Tanager_0110_138274,138,139.Scarlet_Tanager
training/139.Scarlet_Tanager/Scarlet_Tanager_0130_138661,138,139.Scarlet_Tanager
training/140.Summer_Tanager/Summer_Tanager_0010_139948,139,140.Summer_Tanager
training/140.Summer_Tanager/Summer_Tanager_0032_140425,139,140.Summer_Tanager
training/140.Summer_Tanager/Summer_Tanager_0037_140330,139,140.Summer_Tanager
training/140.Summer_Tanager/Summer_Tanager_0046_139802,139,140.Summer_Tanager
training/140.Summer_Tanager/Summer_Tanager_0056_139211,139,140.Summer_Tanager
training/140.Summer_Tanager/Summer_Tanager_0058_139427,139,140.Summer_Tanager
training/140.Summer_Tanager/Summer_Tanager_0065_139198,139,140.Summer_Tanager
training/140.Summer_Tanager/Summer_Tanager_0088_139473,139,140.Summer_Tanager
training/140.Summer_Tanager/Summer_Tanager_0099_139310,139,140.Summer_Tanager
training/140.Summer_Tanager/Summer_Tanager_0109_139522,139,140.Summer_Tanager
training/141.Artic_Tern/Artic_Tern_0012_143410,140,141.Artic_Tern
training/141.Artic_Tern/Artic_Tern_0026_141839,140,141.Artic_Tern
training/141.Artic_Tern/Artic_Tern_0032_141313,140,141.Artic_Tern
training/141.Artic_Tern/Artic_Tern_0050_140887,140,141.Artic_Tern
training/141.Artic_Tern/Artic_Tern_0052_143244,140,141.Artic_Tern
training/141.Artic_Tern/Artic_Tern_0055_141524,140,141.Artic_Tern
training/141.Artic_Tern/Artic_Tern_0080_140889,140,141.Artic_Tern
training/141.Artic_Tern/Artic_Tern_0090_143583,140,141.Artic_Tern
training/141.Artic_Tern/Artic_Tern_0107_141181,140,141.Artic_Tern
training/141.Artic_Tern/Artic_Tern_0122_142448,140,141.Artic_Tern
training/142.Black_Tern/Black_Tern_0004_143881,141,142.Black_Tern
training/142.Black_Tern/Black_Tern_0010_144341,141,142.Black_Tern
training/142.Black_Tern/Black_Tern_0015_143979,141,142.Black_Tern
training/142.Black_Tern/Black_Tern_0020_144163,141,142.Black_Tern
training/142.Black_Tern/Black_Tern_0055_144607,141,142.Black_Tern
training/142.Black_Tern/Black_Tern_0059_144159,141,142.Black_Tern
training/142.Black_Tern/Black_Tern_0069_144359,141,142.Black_Tern
training/142.Black_Tern/Black_Tern_0080_144130,141,142.Black_Tern
training/142.Black_Tern/Black_Tern_0090_143880,141,142.Black_Tern
training/142.Black_Tern/Black_Tern_0103_143956,141,142.Black_Tern
training/143.Caspian_Tern/Caspian_Tern_0009_145057,142,143.Caspian_Tern
training/143.Caspian_Tern/Caspian_Tern_0015_145664,142,143.Caspian_Tern
training/143.Caspian_Tern/Caspian_Tern_0023_147194,142,143.Caspian_Tern
training/143.Caspian_Tern/Caspian_Tern_0034_147643,142,143.Caspian_Tern
training/143.Caspian_Tern/Caspian_Tern_0045_145554,142,143.Caspian_Tern
training/143.Caspian_Tern/Caspian_Tern_0059_145582,142,143.Caspian_Tern
training/143.Caspian_Tern/Caspian_Tern_0070_147545,142,143.Caspian_Tern
training/143.Caspian_Tern/Caspian_Tern_0072_147667,142,143.Caspian_Tern
training/143.Caspian_Tern/Caspian_Tern_0078_146824,142,143.Caspian_Tern
training/143.Caspian_Tern/Caspian_Tern_0120_145650,142,143.Caspian_Tern
training/144.Common_Tern/Common_Tern_0019_149769,143,144.Common_Tern
training/144.Common_Tern/Common_Tern_0033_148675,143,144.Common_Tern
training/144.Common_Tern/Common_Tern_0049_149159,143,144.Common_Tern
training/144.Common_Tern/Common_Tern_0054_148028,143,144.Common_Tern
training/144.Common_Tern/Common_Tern_0070_150292,143,144.Common_Tern
training/144.Common_Tern/Common_Tern_0085_147937,143,144.Common_Tern
training/144.Common_Tern/Common_Tern_0094_148309,143,144.Common_Tern
training/144.Common_Tern/Common_Tern_0095_149960,143,144.Common_Tern
training/144.Common_Tern/Common_Tern_0113_147949,143,144.Common_Tern
training/144.Common_Tern/Common_Tern_0125_148767,143,144.Common_Tern
training/145.Elegant_Tern/Elegant_Tern_0014_150523,144,145.Elegant_Tern
training/145.Elegant_Tern/Elegant_Tern_0032_150488,144,145.Elegant_Tern
training/145.Elegant_Tern/Elegant_Tern_0046_150905,144,145.Elegant_Tern
training/145.Elegant_Tern/Elegant_Tern_0063_150873,144,145.Elegant_Tern
training/145.Elegant_Tern/Elegant_Tern_0064_150822,144,145.Elegant_Tern
training/145.Elegant_Tern/Elegant_Tern_0070_147548,144,145.Elegant_Tern
training/145.Elegant_Tern/Elegant_Tern_0073_150925,144,145.Elegant_Tern
training/145.Elegant_Tern/Elegant_Tern_0078_151196,144,145.Elegant_Tern
training/145.Elegant_Tern/Elegant_Tern_0088_151089,144,145.Elegant_Tern
training/145.Elegant_Tern/Elegant_Tern_0103_150493,144,145.Elegant_Tern
training/146.Forsters_Tern/Forsters_Tern_0016_152463,145,146.Forsters_Tern
training/146.Forsters_Tern/Forsters_Tern_0017_152696,145,146.Forsters_Tern
training/146.Forsters_Tern/Forsters_Tern_0035_151757,145,146.Forsters_Tern
training/146.Forsters_Tern/Forsters_Tern_0060_152190,145,146.Forsters_Tern
training/146.Forsters_Tern/Forsters_Tern_0068_152078,145,146.Forsters_Tern
training/146.Forsters_Tern/Forsters_Tern_0070_152107,145,146.Forsters_Tern
training/146.Forsters_Tern/Forsters_Tern_0100_151774,145,146.Forsters_Tern
training/146.Forsters_Tern/Forsters_Tern_0114_152768,145,146.Forsters_Tern
training/146.Forsters_Tern/Forsters_Tern_0121_151385,145,146.Forsters_Tern
training/146.Forsters_Tern/Forsters_Tern_0127_150418,145,146.Forsters_Tern
training/147.Least_Tern/Least_Tern_0006_153921,146,147.Least_Tern
training/147.Least_Tern/Least_Tern_0012_153871,146,147.Least_Tern
training/147.Least_Tern/Least_Tern_0020_153458,146,147.Least_Tern
training/147.Least_Tern/Least_Tern_0038_153087,146,147.Least_Tern
training/147.Least_Tern/Least_Tern_0046_153006,146,147.Least_Tern
training/147.Least_Tern/Least_Tern_0048_153550,146,147.Least_Tern
training/147.Least_Tern/Least_Tern_0052_154021,146,147.Least_Tern
training/147.Least_Tern/Least_Tern_0060_153190,146,147.Least_Tern
training/147.Least_Tern/Least_Tern_0068_153738,146,147.Least_Tern
training/147.Least_Tern/Least_Tern_0114_153840,146,147.Least_Tern
training/148.Green_tailed_Towhee/Green_Tailed_Towhee_0018_154825,147,148.Green_tailed_Towhee
training/148.Green_tailed_Towhee/Green_Tailed_Towhee_0027_154823,147,148.Green_tailed_Towhee
training/148.Green_tailed_Towhee/Green_Tailed_Towhee_0036_154875,147,148.Green_tailed_Towhee
training/148.Green_tailed_Towhee/Green_Tailed_Towhee_0043_797430,147,148.Green_tailed_Towhee
training/148.Green_tailed_Towhee/Green_Tailed_Towhee_0054_154938,147,148.Green_tailed_Towhee
training/148.Green_tailed_Towhee/Green_Tailed_Towhee_0064_154771,147,148.Green_tailed_Towhee
training/148.Green_tailed_Towhee/Green_Tailed_Towhee_0066_797439,147,148.Green_tailed_Towhee
training/148.Green_tailed_Towhee/Green_Tailed_Towhee_0077_797443,147,148.Green_tailed_Towhee
training/148.Green_tailed_Towhee/Green_Tailed_Towhee_0090_797434,147,148.Green_tailed_Towhee
training/148.Green_tailed_Towhee/Green_Tailed_Towhee_0105_797438,147,148.Green_tailed_Towhee
training/149.Brown_Thrasher/Brown_Thrasher_0001_155380,148,149.Brown_Thrasher
training/149.Brown_Thrasher/Brown_Thrasher_0006_155106,148,149.Brown_Thrasher
training/149.Brown_Thrasher/Brown_Thrasher_0013_155329,148,149.Brown_Thrasher
training/149.Brown_Thrasher/Brown_Thrasher_0021_155160,148,149.Brown_Thrasher
training/149.Brown_Thrasher/Brown_Thrasher_0030_155152,148,149.Brown_Thrasher
training/149.Brown_Thrasher/Brown_Thrasher_0033_155156,148,149.Brown_Thrasher
training/149.Brown_Thrasher/Brown_Thrasher_0105_155187,148,149.Brown_Thrasher
training/149.Brown_Thrasher/Brown_Thrasher_0106_155083,148,149.Brown_Thrasher
training/149.Brown_Thrasher/Brown_Thrasher_0112_155183,148,149.Brown_Thrasher
training/149.Brown_Thrasher/Brown_Thrasher_0126_155199,148,149.Brown_Thrasher
training/150.Sage_Thrasher/Sage_Thrasher_0025_155661,149,150.Sage_Thrasher
training/150.Sage_Thrasher/Sage_Thrasher_0033_155511,149,150.Sage_Thrasher
training/150.Sage_Thrasher/Sage_Thrasher_0040_155667,149,150.Sage_Thrasher
training/150.Sage_Thrasher/Sage_Thrasher_0043_155574,149,150.Sage_Thrasher
training/150.Sage_Thrasher/Sage_Thrasher_0045_155448,149,150.Sage_Thrasher
training/150.Sage_Thrasher/Sage_Thrasher_0051_155464,149,150.Sage_Thrasher
training/150.Sage_Thrasher/Sage_Thrasher_0052_155605,149,150.Sage_Thrasher
training/150.Sage_Thrasher/Sage_Thrasher_0079_155718,149,150.Sage_Thrasher
training/150.Sage_Thrasher/Sage_Thrasher_0103_155575,149,150.Sage_Thrasher
training/150.Sage_Thrasher/Sage_Thrasher_0104_155529,149,150.Sage_Thrasher
training/151.Black_capped_Vireo/Black_Capped_Vireo_0004_797476,150,151.Black_capped_Vireo
training/151.Black_capped_Vireo/Black_Capped_Vireo_0014_797462,150,151.Black_capped_Vireo
training/151.Black_capped_Vireo/Black_Capped_Vireo_0015_797450,150,151.Black_capped_Vireo
training/151.Black_capped_Vireo/Black_Capped_Vireo_0024_155905,150,151.Black_capped_Vireo
training/151.Black_capped_Vireo/Black_Capped_Vireo_0027_797455,150,151.Black_capped_Vireo
training/151.Black_capped_Vireo/Black_Capped_Vireo_0028_155799,150,151.Black_capped_Vireo
training/151.Black_capped_Vireo/Black_Capped_Vireo_0029_797469,150,151.Black_capped_Vireo
training/151.Black_capped_Vireo/Black_Capped_Vireo_0039_797451,150,151.Black_capped_Vireo
training/151.Black_capped_Vireo/Black_Capped_Vireo_0040_797463,150,151.Black_capped_Vireo
training/151.Black_capped_Vireo/Black_Capped_Vireo_0044_155819,150,151.Black_capped_Vireo
training/152.Blue_headed_Vireo/Blue_Headed_Vireo_0019_156311,151,152.Blue_headed_Vireo
training/152.Blue_headed_Vireo/Blue_Headed_Vireo_0026_156245,151,152.Blue_headed_Vireo
training/152.Blue_headed_Vireo/Blue_Headed_Vireo_0054_156455,151,152.Blue_headed_Vireo
training/152.Blue_headed_Vireo/Blue_Headed_Vireo_0055_156247,151,152.Blue_headed_Vireo
training/152.Blue_headed_Vireo/Blue_Headed_Vireo_0062_156109,151,152.Blue_headed_Vireo
training/152.Blue_headed_Vireo/Blue_Headed_Vireo_0068_156222,151,152.Blue_headed_Vireo
training/152.Blue_headed_Vireo/Blue_Headed_Vireo_0097_156272,151,152.Blue_headed_Vireo
training/152.Blue_headed_Vireo/Blue_Headed_Vireo_0101_156203,151,152.Blue_headed_Vireo
training/152.Blue_headed_Vireo/Blue_Headed_Vireo_0121_156233,151,152.Blue_headed_Vireo
training/152.Blue_headed_Vireo/Blue_Headed_Vireo_0122_156017,151,152.Blue_headed_Vireo
training/153.Philadelphia_Vireo/Philadelphia_Vireo_0002_156591,152,153.Philadelphia_Vireo
training/153.Philadelphia_Vireo/Philadelphia_Vireo_0007_156617,152,153.Philadelphia_Vireo
training/153.Philadelphia_Vireo/Philadelphia_Vireo_0030_156533,152,153.Philadelphia_Vireo
training/153.Philadelphia_Vireo/Philadelphia_Vireo_0034_794766,152,153.Philadelphia_Vireo
training/153.Philadelphia_Vireo/Philadelphia_Vireo_0042_156528,152,153.Philadelphia_Vireo
training/153.Philadelphia_Vireo/Philadelphia_Vireo_0043_794792,152,153.Philadelphia_Vireo
training/153.Philadelphia_Vireo/Philadelphia_Vireo_0049_794756,152,153.Philadelphia_Vireo
training/153.Philadelphia_Vireo/Philadelphia_Vireo_0052_794774,152,153.Philadelphia_Vireo
training/153.Philadelphia_Vireo/Philadelphia_Vireo_0078_794776,152,153.Philadelphia_Vireo
training/153.Philadelphia_Vireo/Philadelphia_Vireo_0085_794757,152,153.Philadelphia_Vireo
training/154.Red_eyed_Vireo/Red_Eyed_Vireo_0029_156777,153,154.Red_eyed_Vireo
training/154.Red_eyed_Vireo/Red_Eyed_Vireo_0034_157219,153,154.Red_eyed_Vireo
training/154.Red_eyed_Vireo/Red_Eyed_Vireo_0038_156963,153,154.Red_eyed_Vireo
training/154.Red_eyed_Vireo/Red_Eyed_Vireo_0045_157252,153,154.Red_eyed_Vireo
training/154.Red_eyed_Vireo/Red_Eyed_Vireo_0056_156968,153,154.Red_eyed_Vireo
training/154.Red_eyed_Vireo/Red_Eyed_Vireo_0062_157324,153,154.Red_eyed_Vireo
training/154.Red_eyed_Vireo/Red_Eyed_Vireo_0073_156944,153,154.Red_eyed_Vireo
training/154.Red_eyed_Vireo/Red_Eyed_Vireo_0077_157005,153,154.Red_eyed_Vireo
training/154.Red_eyed_Vireo/Red_Eyed_Vireo_0086_157038,153,154.Red_eyed_Vireo
training/154.Red_eyed_Vireo/Red_Eyed_Vireo_0140_157237,153,154.Red_eyed_Vireo
training/155.Warbling_Vireo/Warbling_Vireo_0004_158376,154,155.Warbling_Vireo
training/155.Warbling_Vireo/Warbling_Vireo_0007_158717,154,155.Warbling_Vireo
training/155.Warbling_Vireo/Warbling_Vireo_0030_158488,154,155.Warbling_Vireo
training/155.Warbling_Vireo/Warbling_Vireo_0073_158315,154,155.Warbling_Vireo
training/155.Warbling_Vireo/Warbling_Vireo_0075_158480,154,155.Warbling_Vireo
training/155.Warbling_Vireo/Warbling_Vireo_0076_158500,154,155.Warbling_Vireo
training/155.Warbling_Vireo/Warbling_Vireo_0097_158579,154,155.Warbling_Vireo
training/155.Warbling_Vireo/Warbling_Vireo_0107_158453,154,155.Warbling_Vireo
training/155.Warbling_Vireo/Warbling_Vireo_0118_158285,154,155.Warbling_Vireo
training/155.Warbling_Vireo/Warbling_Vireo_0132_158420,154,155.Warbling_Vireo
training/156.White_eyed_Vireo/White_Eyed_Vireo_0033_159079,155,156.White_eyed_Vireo
training/156.White_eyed_Vireo/White_Eyed_Vireo_0040_159101,155,156.White_eyed_Vireo
training/156.White_eyed_Vireo/White_Eyed_Vireo_0064_159286,155,156.White_eyed_Vireo
training/156.White_eyed_Vireo/White_Eyed_Vireo_0066_159477,155,156.White_eyed_Vireo
training/156.White_eyed_Vireo/White_Eyed_Vireo_0085_159119,155,156.White_eyed_Vireo
training/156.White_eyed_Vireo/White_Eyed_Vireo_0094_158894,155,156.White_eyed_Vireo
training/156.White_eyed_Vireo/White_Eyed_Vireo_0102_159420,155,156.White_eyed_Vireo
training/156.White_eyed_Vireo/White_Eyed_Vireo_0110_158947,155,156.White_eyed_Vireo
training/156.White_eyed_Vireo/White_Eyed_Vireo_0118_159036,155,156.White_eyed_Vireo
training/156.White_eyed_Vireo/White_Eyed_Vireo_0126_159341,155,156.White_eyed_Vireo
training/157.Yellow_throated_Vireo/Yellow_Throated_Vireo_0008_159573,156,157.Yellow_throated_Vireo
training/157.Yellow_throated_Vireo/Yellow_Throated_Vireo_0026_159686,156,157.Yellow_throated_Vireo
training/157.Yellow_throated_Vireo/Yellow_Throated_Vireo_0040_159624,156,157.Yellow_throated_Vireo
training/157.Yellow_throated_Vireo/Yellow_Throated_Vireo_0041_794998,156,157.Yellow_throated_Vireo
training/157.Yellow_throated_Vireo/Yellow_Throated_Vireo_0046_159668,156,157.Yellow_throated_Vireo
training/157.Yellow_throated_Vireo/Yellow_Throated_Vireo_0058_794994,156,157.Yellow_throated_Vireo
training/157.Yellow_throated_Vireo/Yellow_Throated_Vireo_0066_795007,156,157.Yellow_throated_Vireo
training/157.Yellow_throated_Vireo/Yellow_Throated_Vireo_0073_159583,156,157.Yellow_throated_Vireo
training/157.Yellow_throated_Vireo/Yellow_Throated_Vireo_0079_159576,156,157.Yellow_throated_Vireo
training/157.Yellow_throated_Vireo/Yellow_Throated_Vireo_0084_159639,156,157.Yellow_throated_Vireo
training/158.Bay_breasted_Warbler/Bay_Breasted_Warbler_0005_159739,157,158.Bay_breasted_Warbler
training/158.Bay_breasted_Warbler/Bay_Breasted_Warbler_0055_159740,157,158.Bay_breasted_Warbler
training/158.Bay_breasted_Warbler/Bay_Breasted_Warbler_0078_797163,157,158.Bay_breasted_Warbler
training/158.Bay_breasted_Warbler/Bay_Breasted_Warbler_0079_159998,157,158.Bay_breasted_Warbler
training/158.Bay_breasted_Warbler/Bay_Breasted_Warbler_0086_159860,157,158.Bay_breasted_Warbler
training/158.Bay_breasted_Warbler/Bay_Breasted_Warbler_0095_797113,157,158.Bay_breasted_Warbler
training/158.Bay_breasted_Warbler/Bay_Breasted_Warbler_0100_797142,157,158.Bay_breasted_Warbler
training/158.Bay_breasted_Warbler/Bay_Breasted_Warbler_0105_797143,157,158.Bay_breasted_Warbler
training/158.Bay_breasted_Warbler/Bay_Breasted_Warbler_0109_159883,157,158.Bay_breasted_Warbler
training/158.Bay_breasted_Warbler/Bay_Breasted_Warbler_0112_159839,157,158.Bay_breasted_Warbler
training/159.Black_and_white_Warbler/Black_And_White_Warbler_0028_160371,158,159.Black_and_white_Warbler
training/159.Black_and_white_Warbler/Black_And_White_Warbler_0031_160773,158,159.Black_and_white_Warbler
training/159.Black_and_white_Warbler/Black_And_White_Warbler_0041_160639,158,159.Black_and_white_Warbler
training/159.Black_and_white_Warbler/Black_And_White_Warbler_0074_160361,158,159.Black_and_white_Warbler
training/159.Black_and_white_Warbler/Black_And_White_Warbler_0081_110906,158,159.Black_and_white_Warbler
training/159.Black_and_white_Warbler/Black_And_White_Warbler_0086_160836,158,159.Black_and_white_Warbler
training/159.Black_and_white_Warbler/Black_And_White_Warbler_0098_160808,158,159.Black_and_white_Warbler
training/159.Black_and_white_Warbler/Black_And_White_Warbler_0102_160073,158,159.Black_and_white_Warbler
training/159.Black_and_white_Warbler/Black_And_White_Warbler_0119_160898,158,159.Black_and_white_Warbler
training/159.Black_and_white_Warbler/Black_And_White_Warbler_0127_160031,158,159.Black_and_white_Warbler
training/160.Black_throated_Blue_Warbler/Black_Throated_Blue_Warbler_0002_161533,159,160.Black_throated_Blue_Warbler
training/160.Black_throated_Blue_Warbler/Black_Throated_Blue_Warbler_0024_161619,159,160.Black_throated_Blue_Warbler
training/160.Black_throated_Blue_Warbler/Black_Throated_Blue_Warbler_0043_161438,159,160.Black_throated_Blue_Warbler
training/160.Black_throated_Blue_Warbler/Black_Throated_Blue_Warbler_0050_161154,159,160.Black_throated_Blue_Warbler
training/160.Black_throated_Blue_Warbler/Black_Throated_Blue_Warbler_0053_161684,159,160.Black_throated_Blue_Warbler
training/160.Black_throated_Blue_Warbler/Black_Throated_Blue_Warbler_0054_161158,159,160.Black_throated_Blue_Warbler
training/160.Black_throated_Blue_Warbler/Black_Throated_Blue_Warbler_0073_161558,159,160.Black_throated_Blue_Warbler
training/160.Black_throated_Blue_Warbler/Black_Throated_Blue_Warbler_0090_161507,159,160.Black_throated_Blue_Warbler
training/160.Black_throated_Blue_Warbler/Black_Throated_Blue_Warbler_0108_161714,159,160.Black_throated_Blue_Warbler
training/160.Black_throated_Blue_Warbler/Black_Throated_Blue_Warbler_0123_161542,159,160.Black_throated_Blue_Warbler
training/161.Blue_winged_Warbler/Blue_Winged_Warbler_0020_161875,160,161.Blue_winged_Warbler
training/161.Blue_winged_Warbler/Blue_Winged_Warbler_0023_161774,160,161.Blue_winged_Warbler
training/161.Blue_winged_Warbler/Blue_Winged_Warbler_0028_161787,160,161.Blue_winged_Warbler
training/161.Blue_winged_Warbler/Blue_Winged_Warbler_0037_161999,160,161.Blue_winged_Warbler
training/161.Blue_winged_Warbler/Blue_Winged_Warbler_0040_161883,160,161.Blue_winged_Warbler
training/161.Blue_winged_Warbler/Blue_Winged_Warbler_0043_161804,160,161.Blue_winged_Warbler
training/161.Blue_winged_Warbler/Blue_Winged_Warbler_0044_161760,160,161.Blue_winged_Warbler
training/161.Blue_winged_Warbler/Blue_Winged_Warbler_0071_161900,160,161.Blue_winged_Warbler
training/161.Blue_winged_Warbler/Blue_Winged_Warbler_0076_161894,160,161.Blue_winged_Warbler
training/161.Blue_winged_Warbler/Blue_Winged_Warbler_0082_161772,160,161.Blue_winged_Warbler
training/162.Canada_Warbler/Canada_Warbler_0016_162411,161,162.Canada_Warbler
training/162.Canada_Warbler/Canada_Warbler_0040_162352,161,162.Canada_Warbler
training/162.Canada_Warbler/Canada_Warbler_0041_162418,161,162.Canada_Warbler
training/162.Canada_Warbler/Canada_Warbler_0047_162439,161,162.Canada_Warbler
training/162.Canada_Warbler/Canada_Warbler_0049_162379,161,162.Canada_Warbler
training/162.Canada_Warbler/Canada_Warbler_0077_162437,161,162.Canada_Warbler
training/162.Canada_Warbler/Canada_Warbler_0080_162392,161,162.Canada_Warbler
training/162.Canada_Warbler/Canada_Warbler_0085_162385,161,162.Canada_Warbler
training/162.Canada_Warbler/Canada_Warbler_0088_162341,161,162.Canada_Warbler
training/162.Canada_Warbler/Canada_Warbler_0099_162425,161,162.Canada_Warbler
training/163.Cape_May_Warbler/Cape_May_Warbler_0013_163052,162,163.Cape_May_Warbler
training/163.Cape_May_Warbler/Cape_May_Warbler_0022_162912,162,163.Cape_May_Warbler
training/163.Cape_May_Warbler/Cape_May_Warbler_0023_163133,162,163.Cape_May_Warbler
training/163.Cape_May_Warbler/Cape_May_Warbler_0066_163005,162,163.Cape_May_Warbler
training/163.Cape_May_Warbler/Cape_May_Warbler_0068_163147,162,163.Cape_May_Warbler
training/163.Cape_May_Warbler/Cape_May_Warbler_0076_163075,162,163.Cape_May_Warbler
training/163.Cape_May_Warbler/Cape_May_Warbler_0077_162979,162,163.Cape_May_Warbler
training/163.Cape_May_Warbler/Cape_May_Warbler_0101_163169,162,163.Cape_May_Warbler
training/163.Cape_May_Warbler/Cape_May_Warbler_0103_162972,162,163.Cape_May_Warbler
training/163.Cape_May_Warbler/Cape_May_Warbler_0128_162971,162,163.Cape_May_Warbler
training/164.Cerulean_Warbler/Cerulean_Warbler_0012_163417,163,164.Cerulean_Warbler
training/164.Cerulean_Warbler/Cerulean_Warbler_0020_163353,163,164.Cerulean_Warbler
training/164.Cerulean_Warbler/Cerulean_Warbler_0035_163269,163,164.Cerulean_Warbler
training/164.Cerulean_Warbler/Cerulean_Warbler_0039_163420,163,164.Cerulean_Warbler
training/164.Cerulean_Warbler/Cerulean_Warbler_0056_163339,163,164.Cerulean_Warbler
training/164.Cerulean_Warbler/Cerulean_Warbler_0060_797209,163,164.Cerulean_Warbler
training/164.Cerulean_Warbler/Cerulean_Warbler_0071_163201,163,164.Cerulean_Warbler
training/164.Cerulean_Warbler/Cerulean_Warbler_0076_163294,163,164.Cerulean_Warbler
training/164.Cerulean_Warbler/Cerulean_Warbler_0087_163451,163,164.Cerulean_Warbler
training/164.Cerulean_Warbler/Cerulean_Warbler_0091_163331,163,164.Cerulean_Warbler
training/165.Chestnut_sided_Warbler/Chestnut_Sided_Warbler_0016_164060,164,165.Chestnut_sided_Warbler
training/165.Chestnut_sided_Warbler/Chestnut_Sided_Warbler_0023_164308,164,165.Chestnut_sided_Warbler
training/165.Chestnut_sided_Warbler/Chestnut_Sided_Warbler_0063_163927,164,165.Chestnut_sided_Warbler
training/165.Chestnut_sided_Warbler/Chestnut_Sided_Warbler_0069_163921,164,165.Chestnut_sided_Warbler
training/165.Chestnut_sided_Warbler/Chestnut_Sided_Warbler_0071_163784,164,165.Chestnut_sided_Warbler
training/165.Chestnut_sided_Warbler/Chestnut_Sided_Warbler_0075_164231,164,165.Chestnut_sided_Warbler
training/165.Chestnut_sided_Warbler/Chestnut_Sided_Warbler_0098_164352,164,165.Chestnut_sided_Warbler
training/165.Chestnut_sided_Warbler/Chestnut_Sided_Warbler_0104_163638,164,165.Chestnut_sided_Warbler
training/165.Chestnut_sided_Warbler/Chestnut_Sided_Warbler_0107_164040,164,165.Chestnut_sided_Warbler
training/165.Chestnut_sided_Warbler/Chestnut_Sided_Warbler_0110_164023,164,165.Chestnut_sided_Warbler
training/166.Golden_winged_Warbler/Golden_Winged_Warbler_0013_794837,165,166.Golden_winged_Warbler
training/166.Golden_winged_Warbler/Golden_Winged_Warbler_0014_164464,165,166.Golden_winged_Warbler
training/166.Golden_winged_Warbler/Golden_Winged_Warbler_0024_794807,165,166.Golden_winged_Warbler
training/166.Golden_winged_Warbler/Golden_Winged_Warbler_0030_164462,165,166.Golden_winged_Warbler
training/166.Golden_winged_Warbler/Golden_Winged_Warbler_0044_794836,165,166.Golden_winged_Warbler
training/166.Golden_winged_Warbler/Golden_Winged_Warbler_0054_794847,165,166.Golden_winged_Warbler
training/166.Golden_winged_Warbler/Golden_Winged_Warbler_0059_794855,165,166.Golden_winged_Warbler
training/166.Golden_winged_Warbler/Golden_Winged_Warbler_0060_164368,165,166.Golden_winged_Warbler
training/166.Golden_winged_Warbler/Golden_Winged_Warbler_0071_164370,165,166.Golden_winged_Warbler
training/166.Golden_winged_Warbler/Golden_Winged_Warbler_0079_794820,165,166.Golden_winged_Warbler
training/167.Hooded_Warbler/Hooded_Warbler_0001_164704,166,167.Hooded_Warbler
training/167.Hooded_Warbler/Hooded_Warbler_0012_164891,166,167.Hooded_Warbler
training/167.Hooded_Warbler/Hooded_Warbler_0014_164672,166,167.Hooded_Warbler
training/167.Hooded_Warbler/Hooded_Warbler_0043_164864,166,167.Hooded_Warbler
training/167.Hooded_Warbler/Hooded_Warbler_0070_164930,166,167.Hooded_Warbler
training/167.Hooded_Warbler/Hooded_Warbler_0078_165123,166,167.Hooded_Warbler
training/167.Hooded_Warbler/Hooded_Warbler_0115_165041,166,167.Hooded_Warbler
training/167.Hooded_Warbler/Hooded_Warbler_0121_164639,166,167.Hooded_Warbler
training/167.Hooded_Warbler/Hooded_Warbler_0124_164923,166,167.Hooded_Warbler
training/167.Hooded_Warbler/Hooded_Warbler_0130_164826,166,167.Hooded_Warbler
training/168.Kentucky_Warbler/Kentucky_Warbler_0010_795912,167,168.Kentucky_Warbler
training/168.Kentucky_Warbler/Kentucky_Warbler_0013_165228,167,168.Kentucky_Warbler
training/168.Kentucky_Warbler/Kentucky_Warbler_0020_795903,167,168.Kentucky_Warbler
training/168.Kentucky_Warbler/Kentucky_Warbler_0033_165271,167,168.Kentucky_Warbler
training/168.Kentucky_Warbler/Kentucky_Warbler_0038_795909,167,168.Kentucky_Warbler
training/168.Kentucky_Warbler/Kentucky_Warbler_0059_795905,167,168.Kentucky_Warbler
training/168.Kentucky_Warbler/Kentucky_Warbler_0066_165290,167,168.Kentucky_Warbler
training/168.Kentucky_Warbler/Kentucky_Warbler_0069_165318,167,168.Kentucky_Warbler
training/168.Kentucky_Warbler/Kentucky_Warbler_0071_165342,167,168.Kentucky_Warbler
training/168.Kentucky_Warbler/Kentucky_Warbler_0078_795889,167,168.Kentucky_Warbler
training/169.Magnolia_Warbler/Magnolia_Warbler_0001_166266,168,169.Magnolia_Warbler
training/169.Magnolia_Warbler/Magnolia_Warbler_0004_165535,168,169.Magnolia_Warbler
training/169.Magnolia_Warbler/Magnolia_Warbler_0023_165827,168,169.Magnolia_Warbler
training/169.Magnolia_Warbler/Magnolia_Warbler_0041_165709,168,169.Magnolia_Warbler
training/169.Magnolia_Warbler/Magnolia_Warbler_0053_165682,168,169.Magnolia_Warbler
training/169.Magnolia_Warbler/Magnolia_Warbler_0063_166121,168,169.Magnolia_Warbler
training/169.Magnolia_Warbler/Magnolia_Warbler_0064_165471,168,169.Magnolia_Warbler
training/169.Magnolia_Warbler/Magnolia_Warbler_0077_165674,168,169.Magnolia_Warbler
training/169.Magnolia_Warbler/Magnolia_Warbler_0106_165689,168,169.Magnolia_Warbler
training/169.Magnolia_Warbler/Magnolia_Warbler_0134_165801,168,169.Magnolia_Warbler
training/170.Mourning_Warbler/Mourning_Warbler_0008_166467,169,170.Mourning_Warbler
training/170.Mourning_Warbler/Mourning_Warbler_0026_166538,169,170.Mourning_Warbler
training/170.Mourning_Warbler/Mourning_Warbler_0029_166530,169,170.Mourning_Warbler
training/170.Mourning_Warbler/Mourning_Warbler_0034_795384,169,170.Mourning_Warbler
training/170.Mourning_Warbler/Mourning_Warbler_0059_795365,169,170.Mourning_Warbler
training/170.Mourning_Warbler/Mourning_Warbler_0064_166447,169,170.Mourning_Warbler
training/170.Mourning_Warbler/Mourning_Warbler_0072_795379,169,170.Mourning_Warbler
training/170.Mourning_Warbler/Mourning_Warbler_0074_795367,169,170.Mourning_Warbler
training/170.Mourning_Warbler/Mourning_Warbler_0081_166434,169,170.Mourning_Warbler
training/170.Mourning_Warbler/Mourning_Warbler_0082_166574,169,170.Mourning_Warbler
training/171.Myrtle_Warbler/Myrtle_Warbler_0008_166927,170,171.Myrtle_Warbler
training/171.Myrtle_Warbler/Myrtle_Warbler_0033_166727,170,171.Myrtle_Warbler
training/171.Myrtle_Warbler/Myrtle_Warbler_0036_166833,170,171.Myrtle_Warbler
training/171.Myrtle_Warbler/Myrtle_Warbler_0067_166828,170,171.Myrtle_Warbler
training/171.Myrtle_Warbler/Myrtle_Warbler_0069_166914,170,171.Myrtle_Warbler
training/171.Myrtle_Warbler/Myrtle_Warbler_0073_166798,170,171.Myrtle_Warbler
training/171.Myrtle_Warbler/Myrtle_Warbler_0084_166747,170,171.Myrtle_Warbler
training/171.Myrtle_Warbler/Myrtle_Warbler_0089_166896,170,171.Myrtle_Warbler
training/171.Myrtle_Warbler/Myrtle_Warbler_0098_166794,170,171.Myrtle_Warbler
training/171.Myrtle_Warbler/Myrtle_Warbler_0107_166917,170,171.Myrtle_Warbler
training/172.Nashville_Warbler/Nashville_Warbler_0053_167403,171,172.Nashville_Warbler
training/172.Nashville_Warbler/Nashville_Warbler_0068_167266,171,172.Nashville_Warbler
training/172.Nashville_Warbler/Nashville_Warbler_0076_167389,171,172.Nashville_Warbler
training/172.Nashville_Warbler/Nashville_Warbler_0092_167457,171,172.Nashville_Warbler
training/172.Nashville_Warbler/Nashville_Warbler_0100_167226,171,172.Nashville_Warbler
training/172.Nashville_Warbler/Nashville_Warbler_0104_167096,171,172.Nashville_Warbler
training/172.Nashville_Warbler/Nashville_Warbler_0108_167259,171,172.Nashville_Warbler
training/172.Nashville_Warbler/Nashville_Warbler_0118_167350,171,172.Nashville_Warbler
training/172.Nashville_Warbler/Nashville_Warbler_0121_167078,171,172.Nashville_Warbler
training/172.Nashville_Warbler/Nashville_Warbler_0129_167053,171,172.Nashville_Warbler
training/173.Orange_crowned_Warbler/Orange_Crowned_Warbler_0028_167641,172,173.Orange_crowned_Warbler
training/173.Orange_crowned_Warbler/Orange_Crowned_Warbler_0051_168002,172,173.Orange_crowned_Warbler
training/173.Orange_crowned_Warbler/Orange_Crowned_Warbler_0055_168600,172,173.Orange_crowned_Warbler
training/173.Orange_crowned_Warbler/Orange_Crowned_Warbler_0079_168372,172,173.Orange_crowned_Warbler
training/173.Orange_crowned_Warbler/Orange_Crowned_Warbler_0080_167960,172,173.Orange_crowned_Warbler
training/173.Orange_crowned_Warbler/Orange_Crowned_Warbler_0083_167948,172,173.Orange_crowned_Warbler
training/173.Orange_crowned_Warbler/Orange_Crowned_Warbler_0087_168439,172,173.Orange_crowned_Warbler
training/173.Orange_crowned_Warbler/Orange_Crowned_Warbler_0111_168040,172,173.Orange_crowned_Warbler
training/173.Orange_crowned_Warbler/Orange_Crowned_Warbler_0119_167658,172,173.Orange_crowned_Warbler
training/173.Orange_crowned_Warbler/Orange_Crowned_Warbler_0120_167587,172,173.Orange_crowned_Warbler
training/174.Palm_Warbler/Palm_Warbler_0001_170297,173,174.Palm_Warbler
training/174.Palm_Warbler/Palm_Warbler_0004_168786,173,174.Palm_Warbler
training/174.Palm_Warbler/Palm_Warbler_0010_169452,173,174.Palm_Warbler
training/174.Palm_Warbler/Palm_Warbler_0015_169626,173,174.Palm_Warbler
training/174.Palm_Warbler/Palm_Warbler_0049_169885,173,174.Palm_Warbler
training/174.Palm_Warbler/Palm_Warbler_0060_168686,173,174.Palm_Warbler
training/174.Palm_Warbler/Palm_Warbler_0092_170604,173,174.Palm_Warbler
training/174.Palm_Warbler/Palm_Warbler_0095_170610,173,174.Palm_Warbler
training/174.Palm_Warbler/Palm_Warbler_0118_170081,173,174.Palm_Warbler
training/174.Palm_Warbler/Palm_Warbler_0136_170276,173,174.Palm_Warbler
training/175.Pine_Warbler/Pine_Warbler_0004_171215,174,175.Pine_Warbler
training/175.Pine_Warbler/Pine_Warbler_0010_171239,174,175.Pine_Warbler
training/175.Pine_Warbler/Pine_Warbler_0021_171525,174,175.Pine_Warbler
training/175.Pine_Warbler/Pine_Warbler_0022_172197,174,175.Pine_Warbler
training/175.Pine_Warbler/Pine_Warbler_0025_171110,174,175.Pine_Warbler
training/175.Pine_Warbler/Pine_Warbler_0037_171649,174,175.Pine_Warbler
training/175.Pine_Warbler/Pine_Warbler_0056_172064,174,175.Pine_Warbler
training/175.Pine_Warbler/Pine_Warbler_0085_170981,174,175.Pine_Warbler
training/175.Pine_Warbler/Pine_Warbler_0091_171627,174,175.Pine_Warbler
training/175.Pine_Warbler/Pine_Warbler_0105_170983,174,175.Pine_Warbler
training/176.Prairie_Warbler/Prairie_Warbler_0034_172549,175,176.Prairie_Warbler
training/176.Prairie_Warbler/Prairie_Warbler_0040_173056,175,176.Prairie_Warbler
training/176.Prairie_Warbler/Prairie_Warbler_0063_172682,175,176.Prairie_Warbler
training/176.Prairie_Warbler/Prairie_Warbler_0073_172771,175,176.Prairie_Warbler
training/176.Prairie_Warbler/Prairie_Warbler_0080_172724,175,176.Prairie_Warbler
training/176.Prairie_Warbler/Prairie_Warbler_0086_172534,175,176.Prairie_Warbler
training/176.Prairie_Warbler/Prairie_Warbler_0107_173080,175,176.Prairie_Warbler
training/176.Prairie_Warbler/Prairie_Warbler_0123_172603,175,176.Prairie_Warbler
training/176.Prairie_Warbler/Prairie_Warbler_0135_172745,175,176.Prairie_Warbler
training/176.Prairie_Warbler/Prairie_Warbler_0136_172768,175,176.Prairie_Warbler
training/177.Prothonotary_Warbler/Prothonotary_Warbler_0008_173425,176,177.Prothonotary_Warbler
training/177.Prothonotary_Warbler/Prothonotary_Warbler_0021_173816,176,177.Prothonotary_Warbler
training/177.Prothonotary_Warbler/Prothonotary_Warbler_0038_173867,176,177.Prothonotary_Warbler
training/177.Prothonotary_Warbler/Prothonotary_Warbler_0063_173830,176,177.Prothonotary_Warbler
training/177.Prothonotary_Warbler/Prothonotary_Warbler_0070_174650,176,177.Prothonotary_Warbler
training/177.Prothonotary_Warbler/Prothonotary_Warbler_0073_174607,176,177.Prothonotary_Warbler
training/177.Prothonotary_Warbler/Prothonotary_Warbler_0083_173929,176,177.Prothonotary_Warbler
training/177.Prothonotary_Warbler/Prothonotary_Warbler_0097_174554,176,177.Prothonotary_Warbler
training/177.Prothonotary_Warbler/Prothonotary_Warbler_0112_174594,176,177.Prothonotary_Warbler
training/177.Prothonotary_Warbler/Prothonotary_Warbler_0124_173686,176,177.Prothonotary_Warbler
training/178.Swainson_Warbler/Swainson_Warbler_0018_174715,177,178.Swainson_Warbler
training/178.Swainson_Warbler/Swainson_Warbler_0021_794898,177,178.Swainson_Warbler
training/178.Swainson_Warbler/Swainson_Warbler_0023_174717,177,178.Swainson_Warbler
training/178.Swainson_Warbler/Swainson_Warbler_0024_794885,177,178.Swainson_Warbler
training/178.Swainson_Warbler/Swainson_Warbler_0032_174728,177,178.Swainson_Warbler
training/178.Swainson_Warbler/Swainson_Warbler_0034_794890,177,178.Swainson_Warbler
training/178.Swainson_Warbler/Swainson_Warbler_0036_174699,177,178.Swainson_Warbler
training/178.Swainson_Warbler/Swainson_Warbler_0039_794859,177,178.Swainson_Warbler
training/178.Swainson_Warbler/Swainson_Warbler_0044_794894,177,178.Swainson_Warbler
training/178.Swainson_Warbler/Swainson_Warbler_0045_794876,177,178.Swainson_Warbler
training/179.Tennessee_Warbler/Tennessee_Warbler_0019_174786,178,179.Tennessee_Warbler
training/179.Tennessee_Warbler/Tennessee_Warbler_0023_174977,178,179.Tennessee_Warbler
training/179.Tennessee_Warbler/Tennessee_Warbler_0033_174772,178,179.Tennessee_Warbler
training/179.Tennessee_Warbler/Tennessee_Warbler_0045_174913,178,179.Tennessee_Warbler
training/179.Tennessee_Warbler/Tennessee_Warbler_0046_174798,178,179.Tennessee_Warbler
training/179.Tennessee_Warbler/Tennessee_Warbler_0051_175015,178,179.Tennessee_Warbler
training/179.Tennessee_Warbler/Tennessee_Warbler_0091_175050,178,179.Tennessee_Warbler
training/179.Tennessee_Warbler/Tennessee_Warbler_0095_174903,178,179.Tennessee_Warbler
training/179.Tennessee_Warbler/Tennessee_Warbler_0096_174993,178,179.Tennessee_Warbler
training/179.Tennessee_Warbler/Tennessee_Warbler_0100_175168,178,179.Tennessee_Warbler
training/180.Wilson_Warbler/Wilson_Warbler_0020_175505,179,180.Wilson_Warbler
training/180.Wilson_Warbler/Wilson_Warbler_0033_175259,179,180.Wilson_Warbler
training/180.Wilson_Warbler/Wilson_Warbler_0059_175249,179,180.Wilson_Warbler
training/180.Wilson_Warbler/Wilson_Warbler_0065_175924,179,180.Wilson_Warbler
training/180.Wilson_Warbler/Wilson_Warbler_0069_175181,179,180.Wilson_Warbler
training/180.Wilson_Warbler/Wilson_Warbler_0107_175320,179,180.Wilson_Warbler
training/180.Wilson_Warbler/Wilson_Warbler_0108_175179,179,180.Wilson_Warbler
training/180.Wilson_Warbler/Wilson_Warbler_0117_175262,179,180.Wilson_Warbler
training/180.Wilson_Warbler/Wilson_Warbler_0122_175937,179,180.Wilson_Warbler
training/180.Wilson_Warbler/Wilson_Warbler_0132_175600,179,180.Wilson_Warbler
training/181.Worm_eating_Warbler/Worm_Eating_Warbler_0013_795534,180,181.Worm_eating_Warbler
training/181.Worm_eating_Warbler/Worm_Eating_Warbler_0015_795570,180,181.Worm_eating_Warbler
training/181.Worm_eating_Warbler/Worm_Eating_Warbler_0022_176111,180,181.Worm_eating_Warbler
training/181.Worm_eating_Warbler/Worm_Eating_Warbler_0023_176118,180,181.Worm_eating_Warbler
training/181.Worm_eating_Warbler/Worm_Eating_Warbler_0026_176096,180,181.Worm_eating_Warbler
training/181.Worm_eating_Warbler/Worm_Eating_Warbler_0049_795561,180,181.Worm_eating_Warbler
training/181.Worm_eating_Warbler/Worm_Eating_Warbler_0060_175969,180,181.Worm_eating_Warbler
training/181.Worm_eating_Warbler/Worm_Eating_Warbler_0063_795553,180,181.Worm_eating_Warbler
training/181.Worm_eating_Warbler/Worm_Eating_Warbler_0074_176093,180,181.Worm_eating_Warbler
training/181.Worm_eating_Warbler/Worm_Eating_Warbler_0085_795540,180,181.Worm_eating_Warbler
training/182.Yellow_Warbler/Yellow_Warbler_0020_176364,181,182.Yellow_Warbler
training/182.Yellow_Warbler/Yellow_Warbler_0025_176189,181,182.Yellow_Warbler
training/182.Yellow_Warbler/Yellow_Warbler_0043_176247,181,182.Yellow_Warbler
training/182.Yellow_Warbler/Yellow_Warbler_0049_176526,181,182.Yellow_Warbler
training/182.Yellow_Warbler/Yellow_Warbler_0067_176856,181,182.Yellow_Warbler
training/182.Yellow_Warbler/Yellow_Warbler_0069_176346,181,182.Yellow_Warbler
training/182.Yellow_Warbler/Yellow_Warbler_0083_176292,181,182.Yellow_Warbler
training/182.Yellow_Warbler/Yellow_Warbler_0104_176541,181,182.Yellow_Warbler
training/182.Yellow_Warbler/Yellow_Warbler_0119_176485,181,182.Yellow_Warbler
training/182.Yellow_Warbler/Yellow_Warbler_0121_176402,181,182.Yellow_Warbler
training/183.Northern_Waterthrush/Northern_Waterthrush_0006_176988,182,183.Northern_Waterthrush
training/183.Northern_Waterthrush/Northern_Waterthrush_0022_177003,182,183.Northern_Waterthrush
training/183.Northern_Waterthrush/Northern_Waterthrush_0024_177293,182,183.Northern_Waterthrush
training/183.Northern_Waterthrush/Northern_Waterthrush_0044_176961,182,183.Northern_Waterthrush
training/183.Northern_Waterthrush/Northern_Waterthrush_0050_177331,182,183.Northern_Waterthrush
training/183.Northern_Waterthrush/Northern_Waterthrush_0061_177172,182,183.Northern_Waterthrush
training/183.Northern_Waterthrush/Northern_Waterthrush_0066_177110,182,183.Northern_Waterthrush
training/183.Northern_Waterthrush/Northern_Waterthrush_0103_177162,182,183.Northern_Waterthrush
training/183.Northern_Waterthrush/Northern_Waterthrush_0104_177137,182,183.Northern_Waterthrush
training/183.Northern_Waterthrush/Northern_Waterthrush_0108_177059,182,183.Northern_Waterthrush
training/184.Louisiana_Waterthrush/Louisiana_Waterthrush_0003_177479,183,184.Louisiana_Waterthrush
training/184.Louisiana_Waterthrush/Louisiana_Waterthrush_0021_795250,183,184.Louisiana_Waterthrush
training/184.Louisiana_Waterthrush/Louisiana_Waterthrush_0025_177403,183,184.Louisiana_Waterthrush
training/184.Louisiana_Waterthrush/Louisiana_Waterthrush_0031_177509,183,184.Louisiana_Waterthrush
training/184.Louisiana_Waterthrush/Louisiana_Waterthrush_0041_795279,183,184.Louisiana_Waterthrush
training/184.Louisiana_Waterthrush/Louisiana_Waterthrush_0042_177551,183,184.Louisiana_Waterthrush
training/184.Louisiana_Waterthrush/Louisiana_Waterthrush_0048_795277,183,184.Louisiana_Waterthrush
training/184.Louisiana_Waterthrush/Louisiana_Waterthrush_0056_795245,183,184.Louisiana_Waterthrush
training/184.Louisiana_Waterthrush/Louisiana_Waterthrush_0068_177462,183,184.Louisiana_Waterthrush
training/184.Louisiana_Waterthrush/Louisiana_Waterthrush_0082_177596,183,184.Louisiana_Waterthrush
training/185.Bohemian_Waxwing/Bohemian_Waxwing_0002_177986,184,185.Bohemian_Waxwing
training/185.Bohemian_Waxwing/Bohemian_Waxwing_0013_796660,184,185.Bohemian_Waxwing
training/185.Bohemian_Waxwing/Bohemian_Waxwing_0015_177816,184,185.Bohemian_Waxwing
training/185.Bohemian_Waxwing/Bohemian_Waxwing_0022_177642,184,185.Bohemian_Waxwing
training/185.Bohemian_Waxwing/Bohemian_Waxwing_0031_796633,184,185.Bohemian_Waxwing
training/185.Bohemian_Waxwing/Bohemian_Waxwing_0048_177821,184,185.Bohemian_Waxwing
training/185.Bohemian_Waxwing/Bohemian_Waxwing_0075_796678,184,185.Bohemian_Waxwing
training/185.Bohemian_Waxwing/Bohemian_Waxwing_0092_796666,184,185.Bohemian_Waxwing
training/185.Bohemian_Waxwing/Bohemian_Waxwing_0117_177858,184,185.Bohemian_Waxwing
training/185.Bohemian_Waxwing/Bohemian_Waxwing_0122_796654,184,185.Bohemian_Waxwing
training/186.Cedar_Waxwing/Cedar_Waxwing_0003_178570,185,186.Cedar_Waxwing
training/186.Cedar_Waxwing/Cedar_Waxwing_0004_179215,185,186.Cedar_Waxwing
training/186.Cedar_Waxwing/Cedar_Waxwing_0026_178878,185,186.Cedar_Waxwing
training/186.Cedar_Waxwing/Cedar_Waxwing_0029_179569,185,186.Cedar_Waxwing
training/186.Cedar_Waxwing/Cedar_Waxwing_0031_178929,185,186.Cedar_Waxwing
training/186.Cedar_Waxwing/Cedar_Waxwing_0076_178732,185,186.Cedar_Waxwing
training/186.Cedar_Waxwing/Cedar_Waxwing_0096_178164,185,186.Cedar_Waxwing
training/186.Cedar_Waxwing/Cedar_Waxwing_0101_179707,185,186.Cedar_Waxwing
training/186.Cedar_Waxwing/Cedar_Waxwing_0103_179559,185,186.Cedar_Waxwing
training/186.Cedar_Waxwing/Cedar_Waxwing_0125_178921,185,186.Cedar_Waxwing
training/187.American_Three_toed_Woodpecker/American_Three_Toed_Woodpecker_0001_179912,186,187.American_Three_toed_Woodpecker
training/187.American_Three_toed_Woodpecker/American_Three_Toed_Woodpecker_0010_179874,186,187.American_Three_toed_Woodpecker
training/187.American_Three_toed_Woodpecker/American_Three_Toed_Woodpecker_0011_179847,186,187.American_Three_toed_Woodpecker
training/187.American_Three_toed_Woodpecker/American_Three_Toed_Woodpecker_0015_179827,186,187.American_Three_toed_Woodpecker
training/187.American_Three_toed_Woodpecker/American_Three_Toed_Woodpecker_0025_179918,186,187.American_Three_toed_Woodpecker
training/187.American_Three_toed_Woodpecker/American_Three_Toed_Woodpecker_0027_796147,186,187.American_Three_toed_Woodpecker
training/187.American_Three_toed_Woodpecker/American_Three_Toed_Woodpecker_0030_796144,186,187.American_Three_toed_Woodpecker
training/187.American_Three_toed_Woodpecker/American_Three_Toed_Woodpecker_0031_796172,186,187.American_Three_toed_Woodpecker
training/187.American_Three_toed_Woodpecker/American_Three_Toed_Woodpecker_0038_796182,186,187.American_Three_toed_Woodpecker
training/187.American_Three_toed_Woodpecker/American_Three_Toed_Woodpecker_0049_796191,186,187.American_Three_toed_Woodpecker
training/188.Pileated_Woodpecker/Pileated_Woodpecker_0004_180307,187,188.Pileated_Woodpecker
training/188.Pileated_Woodpecker/Pileated_Woodpecker_0028_180258,187,188.Pileated_Woodpecker
training/188.Pileated_Woodpecker/Pileated_Woodpecker_0033_180179,187,188.Pileated_Woodpecker
training/188.Pileated_Woodpecker/Pileated_Woodpecker_0059_180177,187,188.Pileated_Woodpecker
training/188.Pileated_Woodpecker/Pileated_Woodpecker_0077_180286,187,188.Pileated_Woodpecker
training/188.Pileated_Woodpecker/Pileated_Woodpecker_0081_180249,187,188.Pileated_Woodpecker
training/188.Pileated_Woodpecker/Pileated_Woodpecker_0089_179969,187,188.Pileated_Woodpecker
training/188.Pileated_Woodpecker/Pileated_Woodpecker_0116_179948,187,188.Pileated_Woodpecker
training/188.Pileated_Woodpecker/Pileated_Woodpecker_0119_180030,187,188.Pileated_Woodpecker
training/188.Pileated_Woodpecker/Pileated_Woodpecker_0124_180168,187,188.Pileated_Woodpecker
training/189.Red_bellied_Woodpecker/Red_Bellied_Woodpecker_0010_180772,188,189.Red_bellied_Woodpecker
training/189.Red_bellied_Woodpecker/Red_Bellied_Woodpecker_0026_180783,188,189.Red_bellied_Woodpecker
training/189.Red_bellied_Woodpecker/Red_Bellied_Woodpecker_0055_180768,188,189.Red_bellied_Woodpecker
training/189.Red_bellied_Woodpecker/Red_Bellied_Woodpecker_0057_182154,188,189.Red_bellied_Woodpecker
training/189.Red_bellied_Woodpecker/Red_Bellied_Woodpecker_0066_182253,188,189.Red_bellied_Woodpecker
training/189.Red_bellied_Woodpecker/Red_Bellied_Woodpecker_0077_182334,188,189.Red_bellied_Woodpecker
training/189.Red_bellied_Woodpecker/Red_Bellied_Woodpecker_0088_180941,188,189.Red_bellied_Woodpecker
training/189.Red_bellied_Woodpecker/Red_Bellied_Woodpecker_0104_181616,188,189.Red_bellied_Woodpecker
training/189.Red_bellied_Woodpecker/Red_Bellied_Woodpecker_0120_181420,188,189.Red_bellied_Woodpecker
training/189.Red_bellied_Woodpecker/Red_Bellied_Woodpecker_0125_180780,188,189.Red_bellied_Woodpecker
training/190.Red_cockaded_Woodpecker/Red_Cockaded_Woodpecker_0015_182459,189,190.Red_cockaded_Woodpecker
training/190.Red_cockaded_Woodpecker/Red_Cockaded_Woodpecker_0020_182683,189,190.Red_cockaded_Woodpecker
training/190.Red_cockaded_Woodpecker/Red_Cockaded_Woodpecker_0022_794700,189,190.Red_cockaded_Woodpecker
training/190.Red_cockaded_Woodpecker/Red_Cockaded_Woodpecker_0027_794713,189,190.Red_cockaded_Woodpecker
training/190.Red_cockaded_Woodpecker/Red_Cockaded_Woodpecker_0028_182395,189,190.Red_cockaded_Woodpecker
training/190.Red_cockaded_Woodpecker/Red_Cockaded_Woodpecker_0029_794724,189,190.Red_cockaded_Woodpecker
training/190.Red_cockaded_Woodpecker/Red_Cockaded_Woodpecker_0032_182376,189,190.Red_cockaded_Woodpecker
training/190.Red_cockaded_Woodpecker/Red_Cockaded_Woodpecker_0052_794752,189,190.Red_cockaded_Woodpecker
training/190.Red_cockaded_Woodpecker/Red_Cockaded_Woodpecker_0054_794699,189,190.Red_cockaded_Woodpecker
training/190.Red_cockaded_Woodpecker/Red_Cockaded_Woodpecker_0062_182371,189,190.Red_cockaded_Woodpecker
training/191.Red_headed_Woodpecker/Red_Headed_Woodpecker_0014_183701,190,191.Red_headed_Woodpecker
training/191.Red_headed_Woodpecker/Red_Headed_Woodpecker_0016_183007,190,191.Red_headed_Woodpecker
training/191.Red_headed_Woodpecker/Red_Headed_Woodpecker_0021_183454,190,191.Red_headed_Woodpecker
training/191.Red_headed_Woodpecker/Red_Headed_Woodpecker_0022_183010,190,191.Red_headed_Woodpecker
training/191.Red_headed_Woodpecker/Red_Headed_Woodpecker_0055_183515,190,191.Red_headed_Woodpecker
training/191.Red_headed_Woodpecker/Red_Headed_Woodpecker_0057_183234,190,191.Red_headed_Woodpecker
training/191.Red_headed_Woodpecker/Red_Headed_Woodpecker_0088_183246,190,191.Red_headed_Woodpecker
training/191.Red_headed_Woodpecker/Red_Headed_Woodpecker_0097_182903,190,191.Red_headed_Woodpecker
training/191.Red_headed_Woodpecker/Red_Headed_Woodpecker_0098_182732,190,191.Red_headed_Woodpecker
training/191.Red_headed_Woodpecker/Red_Headed_Woodpecker_0108_183403,190,191.Red_headed_Woodpecker
training/192.Downy_Woodpecker/Downy_Woodpecker_0003_183933,191,192.Downy_Woodpecker
training/192.Downy_Woodpecker/Downy_Woodpecker_0014_183975,191,192.Downy_Woodpecker
training/192.Downy_Woodpecker/Downy_Woodpecker_0031_184120,191,192.Downy_Woodpecker
training/192.Downy_Woodpecker/Downy_Woodpecker_0032_184622,191,192.Downy_Woodpecker
training/192.Downy_Woodpecker/Downy_Woodpecker_0033_184636,191,192.Downy_Woodpecker
training/192.Downy_Woodpecker/Downy_Woodpecker_0042_184144,191,192.Downy_Woodpecker
training/192.Downy_Woodpecker/Downy_Woodpecker_0049_183920,191,192.Downy_Woodpecker
training/192.Downy_Woodpecker/Downy_Woodpecker_0066_183953,191,192.Downy_Woodpecker
training/192.Downy_Woodpecker/Downy_Woodpecker_0101_184139,191,192.Downy_Woodpecker
training/192.Downy_Woodpecker/Downy_Woodpecker_0121_184002,191,192.Downy_Woodpecker
training/193.Bewick_Wren/Bewick_Wren_0003_185072,192,193.Bewick_Wren
training/193.Bewick_Wren/Bewick_Wren_0025_184932,192,193.Bewick_Wren
training/193.Bewick_Wren/Bewick_Wren_0034_185130,192,193.Bewick_Wren
training/193.Bewick_Wren/Bewick_Wren_0042_184878,192,193.Bewick_Wren
training/193.Bewick_Wren/Bewick_Wren_0047_184707,192,193.Bewick_Wren
training/193.Bewick_Wren/Bewick_Wren_0068_184895,192,193.Bewick_Wren
training/193.Bewick_Wren/Bewick_Wren_0081_185080,192,193.Bewick_Wren
training/193.Bewick_Wren/Bewick_Wren_0084_184715,192,193.Bewick_Wren
training/193.Bewick_Wren/Bewick_Wren_0132_184906,192,193.Bewick_Wren
training/193.Bewick_Wren/Bewick_Wren_0135_185251,192,193.Bewick_Wren
training/194.Cactus_Wren/Cactus_Wren_0020_186012,193,194.Cactus_Wren
training/194.Cactus_Wren/Cactus_Wren_0025_185696,193,194.Cactus_Wren
training/194.Cactus_Wren/Cactus_Wren_0033_186014,193,194.Cactus_Wren
training/194.Cactus_Wren/Cactus_Wren_0034_185817,193,194.Cactus_Wren
training/194.Cactus_Wren/Cactus_Wren_0044_185492,193,194.Cactus_Wren
training/194.Cactus_Wren/Cactus_Wren_0073_185670,193,194.Cactus_Wren
training/194.Cactus_Wren/Cactus_Wren_0078_185899,193,194.Cactus_Wren
training/194.Cactus_Wren/Cactus_Wren_0089_186023,193,194.Cactus_Wren
training/194.Cactus_Wren/Cactus_Wren_0108_185733,193,194.Cactus_Wren
training/194.Cactus_Wren/Cactus_Wren_0117_185591,193,194.Cactus_Wren
training/195.Carolina_Wren/Carolina_Wren_0013_187086,194,195.Carolina_Wren
training/195.Carolina_Wren/Carolina_Wren_0035_186356,194,195.Carolina_Wren
training/195.Carolina_Wren/Carolina_Wren_0043_186286,194,195.Carolina_Wren
training/195.Carolina_Wren/Carolina_Wren_0049_186129,194,195.Carolina_Wren
training/195.Carolina_Wren/Carolina_Wren_0056_186313,194,195.Carolina_Wren
training/195.Carolina_Wren/Carolina_Wren_0072_186309,194,195.Carolina_Wren
training/195.Carolina_Wren/Carolina_Wren_0091_186464,194,195.Carolina_Wren
training/195.Carolina_Wren/Carolina_Wren_0099_186237,194,195.Carolina_Wren
training/195.Carolina_Wren/Carolina_Wren_0112_186562,194,195.Carolina_Wren
training/195.Carolina_Wren/Carolina_Wren_0141_186347,194,195.Carolina_Wren
training/196.House_Wren/House_Wren_0001_188047,195,196.House_Wren
training/196.House_Wren/House_Wren_0035_187708,195,196.House_Wren
training/196.House_Wren/House_Wren_0055_187397,195,196.House_Wren
training/196.House_Wren/House_Wren_0085_187723,195,196.House_Wren
training/196.House_Wren/House_Wren_0087_187946,195,196.House_Wren
training/196.House_Wren/House_Wren_0091_188046,195,196.House_Wren
training/196.House_Wren/House_Wren_0094_187226,195,196.House_Wren
training/196.House_Wren/House_Wren_0117_187492,195,196.House_Wren
training/196.House_Wren/House_Wren_0122_187331,195,196.House_Wren
training/196.House_Wren/House_Wren_0130_187109,195,196.House_Wren
training/197.Marsh_Wren/Marsh_Wren_0005_188235,196,197.Marsh_Wren
training/197.Marsh_Wren/Marsh_Wren_0014_188802,196,197.Marsh_Wren
training/197.Marsh_Wren/Marsh_Wren_0019_188460,196,197.Marsh_Wren
training/197.Marsh_Wren/Marsh_Wren_0033_188778,196,197.Marsh_Wren
training/197.Marsh_Wren/Marsh_Wren_0036_188374,196,197.Marsh_Wren
training/197.Marsh_Wren/Marsh_Wren_0068_188446,196,197.Marsh_Wren
training/197.Marsh_Wren/Marsh_Wren_0075_188549,196,197.Marsh_Wren
training/197.Marsh_Wren/Marsh_Wren_0094_188710,196,197.Marsh_Wren
training/197.Marsh_Wren/Marsh_Wren_0118_188512,196,197.Marsh_Wren
training/197.Marsh_Wren/Marsh_Wren_0133_188565,196,197.Marsh_Wren
training/198.Rock_Wren/Rock_Wren_0001_189289,197,198.Rock_Wren
training/198.Rock_Wren/Rock_Wren_0021_189175,197,198.Rock_Wren
training/198.Rock_Wren/Rock_Wren_0024_188942,197,198.Rock_Wren
training/198.Rock_Wren/Rock_Wren_0043_188933,197,198.Rock_Wren
training/198.Rock_Wren/Rock_Wren_0045_189153,197,198.Rock_Wren
training/198.Rock_Wren/Rock_Wren_0076_189141,197,198.Rock_Wren
training/198.Rock_Wren/Rock_Wren_0111_189443,197,198.Rock_Wren
training/198.Rock_Wren/Rock_Wren_0113_189204,197,198.Rock_Wren
training/198.Rock_Wren/Rock_Wren_0118_188964,197,198.Rock_Wren
training/198.Rock_Wren/Rock_Wren_0123_189405,197,198.Rock_Wren
training/199.Winter_Wren/Winter_Wren_0007_190052,198,199.Winter_Wren
training/199.Winter_Wren/Winter_Wren_0015_190099,198,199.Winter_Wren
training/199.Winter_Wren/Winter_Wren_0026_189816,198,199.Winter_Wren
training/199.Winter_Wren/Winter_Wren_0033_189635,198,199.Winter_Wren
training/199.Winter_Wren/Winter_Wren_0051_189990,198,199.Winter_Wren
training/199.Winter_Wren/Winter_Wren_0077_190366,198,199.Winter_Wren
training/199.Winter_Wren/Winter_Wren_0087_190135,198,199.Winter_Wren
training/199.Winter_Wren/Winter_Wren_0109_189850,198,199.Winter_Wren
training/199.Winter_Wren/Winter_Wren_0117_189999,198,199.Winter_Wren
training/199.Winter_Wren/Winter_Wren_0128_190093,198,199.Winter_Wren
training/200.Common_Yellowthroat/Common_Yellowthroat_0003_190521,199,200.Common_Yellowthroat
training/200.Common_Yellowthroat/Common_Yellowthroat_0006_190576,199,200.Common_Yellowthroat
training/200.Common_Yellowthroat/Common_Yellowthroat_0015_190556,199,200.Common_Yellowthroat
training/200.Common_Yellowthroat/Common_Yellowthroat_0049_190708,199,200.Common_Yellowthroat
training/200.Common_Yellowthroat/Common_Yellowthroat_0069_190400,199,200.Common_Yellowthroat
training/200.Common_Yellowthroat/Common_Yellowthroat_0075_190900,199,200.Common_Yellowthroat
training/200.Common_Yellowthroat/Common_Yellowthroat_0077_190990,199,200.Common_Yellowthroat
training/200.Common_Yellowthroat/Common_Yellowthroat_0081_190525,199,200.Common_Yellowthroat
training/200.Common_Yellowthroat/Common_Yellowthroat_0087_190414,199,200.Common_Yellowthroat
training/200.Common_Yellowthroat/Common_Yellowthroat_0126_190407,199,200.Common_Yellowthroat
